coefficient_norm,condition_number,condition_number_is_infinite,cpu_rss_bytes,feature_seconds,interpolates,n_features,noise_index,noise_std,numerical_rank_diagnostic,prediction_seconds,ratio,relative_residual,residual_l2,seed,singular_max,singular_min,solver,status,svd_seconds,total_seconds,train_count,train_observed_mse,train_observed_sse,train_signal_mse,train_signal_sse,validation_count,validation_observed_mse,validation_observed_sse,validation_signal_mse,validation_signal_sse,test_count,test_observed_mse,test_observed_sse,test_prediction_seconds,test_signal_mse_diagnostic,test_signal_sse,status_test,fit_status,test_signal_mse_primary,numerical_rank_primary,mse_difference,rank_difference
7.496939922927444,60.74622347834473,False,698138624,0.0066091660000893,False,64,0,0.0,64,0.0007843749999665,0.0625,0.2775091874825912,9.038967762179974,2026,20.38922878098958,0.3356460305430853,cutoff_1e-10,complete,0.002541249999922,0.0156753329999901,1024,0.0797880255915321,81.70293820572888,0.0797880255915321,81.70293820572888,4096,0.0954314059332132,390.88703870244126,0.0954314059332132,390.88703870244126,32768,0.0968983257656177,3175.164338687762,0.0088725830000839,0.0968983257656177,3175.164338687762,complete,complete,0.0968983257656177,64,0.0,0
7.360208524643703,60.74622347834473,False,698138624,0.0066091660000893,False,64,1,0.3,64,0.0007843749999665,0.0625,0.3837270261783655,12.746980641639572,2026,20.38922878098958,0.3356460305430853,cutoff_1e-10,complete,0.002541249999922,0.0156753329999901,1024,0.1586772612093105,162.48551547833404,0.0865753762820142,88.65318531278254,4096,0.1895781671950686,776.5121728310012,0.0987868096444557,404.6307723036907,32768,0.1928998278851472,6320.941560140505,0.0088725830000839,0.101648523748548,3330.8188261924215,complete,complete,0.101648523748548,64,0.0,0
7.496939922927444,60.74622347834473,False,698138624,0.0066091660000893,False,64,0,0.0,64,0.0007843749999665,0.0625,0.2775091874825912,9.038967762179974,2026,20.38922878098958,0.3356460305430853,cutoff_1e-14,complete,0.002541249999922,0.0156753329999901,1024,0.0797880255915321,81.70293820572888,0.0797880255915321,81.70293820572888,4096,0.0954314059332132,390.88703870244126,0.0954314059332132,390.88703870244126,32768,0.0968983257656177,3175.164338687762,0.0088725830000839,0.0968983257656177,3175.164338687762,complete,complete,0.0968983257656177,64,0.0,0
7.360208524643703,60.74622347834473,False,698138624,0.0066091660000893,False,64,1,0.3,64,0.0007843749999665,0.0625,0.3837270261783655,12.746980641639572,2026,20.38922878098958,0.3356460305430853,cutoff_1e-14,complete,0.002541249999922,0.0156753329999901,1024,0.1586772612093105,162.48551547833404,0.0865753762820142,88.65318531278254,4096,0.1895781671950686,776.5121728310012,0.0987868096444557,404.6307723036907,32768,0.1928998278851472,6320.941560140505,0.0088725830000839,0.101648523748548,3330.8188261924215,complete,complete,0.101648523748548,64,0.0,0
19.08402395257027,157.08739519423955,False,698155008,0.0049139170000671,False,128,0,0.0,128,0.0011678749999646,0.125,0.1947876638166173,6.344580623368393,2026,20.82109355642245,0.1325446483511744,cutoff_1e-10,complete,0.0067295419999027,0.0183291669998197,1024,0.0393102571156461,40.253703286421654,0.0393102571156461,40.253703286421654,4096,0.0735428989416468,301.2317140649853,0.0735428989416468,301.2317140649853,32768,0.0705475852555053,2311.703273652398,0.011099207999905,0.0705475852555053,2311.703273652398,complete,complete,0.0705475852555053,128,0.0,0
20.788607086289932,157.08739519423955,False,698155008,0.0049139170000671,False,128,1,0.3,128,0.0011678749999646,0.125,0.3287278981505212,10.91997140734052,2026,20.82109355642245,0.1325446483511744,cutoff_1e-10,complete,0.0067295419999027,0.0183291669998197,1024,0.1164509526729828,119.24577553713448,0.050585820017516,51.7998796979364,4096,0.1769512261279109,724.792222219923,0.0852745698498873,349.2846381051386,32768,0.1735890312053674,5688.165374537479,0.011099207999905,0.0824530160461478,2701.820429800171,complete,complete,0.0824530160461478,128,0.0,0
19.08402395257027,157.08739519423955,False,698155008,0.0049139170000671,False,128,0,0.0,128,0.0011678749999646,0.125,0.1947876638166173,6.344580623368393,2026,20.82109355642245,0.1325446483511744,cutoff_1e-14,complete,0.0067295419999027,0.0183291669998197,1024,0.0393102571156461,40.253703286421654,0.0393102571156461,40.253703286421654,4096,0.0735428989416468,301.2317140649853,0.0735428989416468,301.2317140649853,32768,0.0705475852555053,2311.703273652398,0.011099207999905,0.0705475852555053,2311.703273652398,complete,complete,0.0705475852555053,128,0.0,0
20.788607086289932,157.08739519423955,False,698155008,0.0049139170000671,False,128,1,0.3,128,0.0011678749999646,0.125,0.3287278981505212,10.91997140734052,2026,20.82109355642245,0.1325446483511744,cutoff_1e-14,complete,0.0067295419999027,0.0183291669998197,1024,0.1164509526729828,119.24577553713448,0.050585820017516,51.7998796979364,4096,0.1769512261279109,724.792222219923,0.0852745698498873,349.2846381051386,32768,0.1735890312053674,5688.165374537479,0.011099207999905,0.0824530160461478,2701.820429800171,complete,complete,0.0824530160461478,128,0.0,0
48.87066670772377,813.2285473002961,False,306298880,0.0079332499999509,False,256,0,0.0,256,0.0025638749998506,0.25,0.0999431261310402,3.2553253582158654,2026,20.311121326163477,0.0249759079333737,cutoff_1e-10,complete,0.0264203750000433,0.0437426250000498,1024,0.0103487726443781,10.597143187843235,0.0103487726443781,10.597143187843235,4096,0.0436936079372545,178.96901811099477,0.0436936079372545,178.96901811099477,32768,0.0408055293627573,1337.1155861588331,0.0181330420000449,0.0408055293627573,1337.1155861588331,complete,complete,0.0408055293627573,256,0.0,0
67.52928785161129,813.2285473002961,False,306298880,0.0079332499999509,False,256,1,0.3,256,0.0025638749998506,0.25,0.2558641745813613,8.499520382392038,2026,20.311121326163477,0.0249759079333737,cutoff_1e-10,complete,0.0264203750000433,0.0437426250000498,1024,0.070548678447947,72.24184673069774,0.032676221496685,33.460450812605444,4096,0.1734121209472149,710.2960473997925,0.0863670589779414,353.75947357364834,32768,0.1788724879341676,5861.293684626807,0.0181330420000449,0.0874593702733277,2865.8686451164044,complete,complete,0.0874593702733277,256,0.0,0
48.87066670772377,813.2285473002961,False,306298880,0.0079332499999509,False,256,0,0.0,256,0.0025638749998506,0.25,0.0999431261310402,3.2553253582158654,2026,20.311121326163477,0.0249759079333737,cutoff_1e-14,complete,0.0264203750000433,0.0437426250000498,1024,0.0103487726443781,10.597143187843235,0.0103487726443781,10.597143187843235,4096,0.0436936079372545,178.96901811099477,0.0436936079372545,178.96901811099477,32768,0.0408055293627573,1337.1155861588331,0.0181330420000449,0.0408055293627573,1337.1155861588331,complete,complete,0.0408055293627573,256,0.0,0
67.52928785161129,813.2285473002961,False,306298880,0.0079332499999509,False,256,1,0.3,256,0.0025638749998506,0.25,0.2558641745813613,8.499520382392038,2026,20.311121326163477,0.0249759079333737,cutoff_1e-14,complete,0.0264203750000433,0.0437426250000498,1024,0.070548678447947,72.24184673069774,0.032676221496685,33.460450812605444,4096,0.1734121209472149,710.2960473997925,0.0863670589779414,353.75947357364834,32768,0.1788724879341676,5861.293684626807,0.0181330420000449,0.0874593702733277,2865.8686451164044,complete,complete,0.0874593702733277,256,0.0,0
71.01481554883682,2367.4468033556227,False,714063872,0.0067094589999214,False,384,0,0.0,384,0.003525750000108,0.375,0.0510051366789123,1.661328009816591,2026,20.49235888386852,0.0086558899041881,cutoff_1e-10,complete,0.0296077909999894,0.0467992920000597,1024,0.0026953230041026,2.7600107562011504,0.0026953230041026,2.7600107562011504,4096,0.0266510400169364,109.16265990937173,0.0266510400169364,109.16265990937173,32768,0.0226758839246376,743.0433644425264,0.0239199999996344,0.0226758839246376,743.0433644425264,complete,complete,0.0226758839246376,384,0.0,0
137.58628993595386,2367.4468033556227,False,714063872,0.0067094589999214,False,384,1,0.3,384,0.003525750000108,0.375,0.2194965566851772,7.291428979703809,2026,20.49235888386852,0.0086558899041881,cutoff_1e-10,complete,0.0296077909999894,0.0467992920000597,1024,0.0519188833652972,53.164936566064426,0.0342273177103533,35.04877333540183,4096,0.2014016352456553,824.9410979662044,0.1116199977711703,457.19551087071386,32768,0.2060656251531009,6752.35840501681,0.0239199999996344,0.1133508894637547,3714.2819459483153,complete,complete,0.1133508894637547,384,0.0,0
71.01481554883682,2367.4468033556227,False,714063872,0.0067094589999214,False,384,0,0.0,384,0.003525750000108,0.375,0.0510051366789123,1.661328009816591,2026,20.49235888386852,0.0086558899041881,cutoff_1e-14,complete,0.0296077909999894,0.0467992920000597,1024,0.0026953230041026,2.7600107562011504,0.0026953230041026,2.7600107562011504,4096,0.0266510400169364,109.16265990937173,0.0266510400169364,109.16265990937173,32768,0.0226758839246376,743.0433644425264,0.0239199999996344,0.0226758839246376,743.0433644425264,complete,complete,0.0226758839246376,384,0.0,0
137.58628993595386,2367.4468033556227,False,714063872,0.0067094589999214,False,384,1,0.3,384,0.003525750000108,0.375,0.2194965566851772,7.291428979703809,2026,20.49235888386852,0.0086558899041881,cutoff_1e-14,complete,0.0296077909999894,0.0467992920000597,1024,0.0519188833652972,53.164936566064426,0.0342273177103533,35.04877333540183,4096,0.2014016352456553,824.9410979662044,0.1116199977711703,457.19551087071386,32768,0.2060656251531009,6752.35840501681,0.0239199999996344,0.1133508894637547,3714.2819459483153,complete,complete,0.1133508894637547,384,0.0,0
98.46051436395186,6600.641931797886,False,735117312,0.0062105829999836,False,512,0,0.0,512,0.0046180410001852,0.5,0.0277036598149381,0.902357468713846,2026,20.636132180782447,0.0031263826146014,cutoff_1e-10,complete,0.0513229999999111,0.0689177079998444,1024,0.0007951650403746,0.8142490013436587,0.0007951650403746,0.8142490013436587,4096,0.0194350404153615,79.60592554132097,0.0194350404153615,79.60592554132097,32768,0.0168944944532436,553.5987942438886,0.0312863749995813,0.0168944944532436,553.5987942438886,complete,complete,0.0168944944532436,512,0.0,0
384.1026096635518,6600.641931797886,False,735117312,0.0062105829999836,False,512,1,0.3,512,0.0046180410001852,0.5,0.1855055226293087,6.162285021784967,2026,20.636132180782447,0.0031263826146014,cutoff_1e-10,complete,0.0513229999999111,0.0689177079998444,1024,0.0370837467673,37.97375668971527,0.045337726141157,46.42583156854481,4096,0.3709892961321718,1519.5721569573757,0.2882069344934389,1180.4956036851258,32768,0.3701485393247268,12129.027336592648,0.0312863749995813,0.2778509997262539,9104.621559029889,complete,complete,0.2778509997262539,512,0.0,0
98.46051436395186,6600.641931797886,False,735117312,0.0062105829999836,False,512,0,0.0,512,0.0046180410001852,0.5,0.0277036598149381,0.902357468713846,2026,20.636132180782447,0.0031263826146014,cutoff_1e-14,complete,0.0513229999999111,0.0689177079998444,1024,0.0007951650403746,0.8142490013436587,0.0007951650403746,0.8142490013436587,4096,0.0194350404153615,79.60592554132097,0.0194350404153615,79.60592554132097,32768,0.0168944944532436,553.5987942438886,0.0312863749995813,0.0168944944532436,553.5987942438886,complete,complete,0.0168944944532436,512,0.0,0
384.1026096635518,6600.641931797886,False,735117312,0.0062105829999836,False,512,1,0.3,512,0.0046180410001852,0.5,0.1855055226293087,6.162285021784967,2026,20.636132180782447,0.0031263826146014,cutoff_1e-14,complete,0.0513229999999111,0.0689177079998444,1024,0.0370837467673,37.97375668971527,0.045337726141157,46.42583156854481,4096,0.3709892961321718,1519.5721569573757,0.2882069344934389,1180.4956036851258,32768,0.3701485393247268,12129.027336592648,0.0312863749995813,0.2778509997262539,9104.621559029889,complete,complete,0.2778509997262539,512,0.0,0
153.68069890424022,40136.077173763966,False,735232000,0.0061108749998766,False,768,0,0.0,768,0.0059101659999214,0.75,0.0073409954949251,0.2391092785895575,2026,20.581791942877583,0.0005128002882237,cutoff_1e-10,complete,0.0939439169999332,0.1136221249998925,1024,5.583324912853374e-05,0.0571732471076185,5.583324912853374e-05,0.0571732471076185,4096,0.0135831936477048,55.63676118099926,0.0135831936477048,55.63676118099926,32768,0.0157281613517093,515.380391172813,0.0443997920001493,0.0157281613517093,515.380391172813,complete,complete,0.0157281613517093,768,0.0,0
1706.1147897243989,40136.077173763966,False,735232000,0.0061108749998766,False,768,1,0.3,768,0.0059101659999214,0.75,0.1318073061533664,4.3784906074941174,2026,20.581791942877583,0.0005128002882237,cutoff_1e-10,complete,0.0939439169999332,0.1136221249998925,1024,0.0187218554686662,19.17117999991421,0.0628691181167951,64.3779769515982,4096,1.956122091733492,8012.2760877403825,1.8712281328340696,7664.550432088348,32768,1.9991964857224875,65509.67044415447,0.0443997920001493,1.9173148905701252,62826.57433420186,complete,complete,1.9173148905701252,768,0.0,0
153.68069890424022,40136.077173763966,False,735232000,0.0061108749998766,False,768,0,0.0,768,0.0059101659999214,0.75,0.0073409954949251,0.2391092785895575,2026,20.581791942877583,0.0005128002882237,cutoff_1e-14,complete,0.0939439169999332,0.1136221249998925,1024,5.583324912853374e-05,0.0571732471076185,5.583324912853374e-05,0.0571732471076185,4096,0.0135831936477048,55.63676118099926,0.0135831936477048,55.63676118099926,32768,0.0157281613517093,515.380391172813,0.0443997920001493,0.0157281613517093,515.380391172813,complete,complete,0.0157281613517093,768,0.0,0
1706.1147897243989,40136.077173763966,False,735232000,0.0061108749998766,False,768,1,0.3,768,0.0059101659999214,0.75,0.1318073061533664,4.3784906074941174,2026,20.581791942877583,0.0005128002882237,cutoff_1e-14,complete,0.0939439169999332,0.1136221249998925,1024,0.0187218554686662,19.17117999991421,0.0628691181167951,64.3779769515982,4096,1.956122091733492,8012.2760877403825,1.8712281328340696,7664.550432088348,32768,1.9991964857224875,65509.67044415447,0.0443997920001493,1.9173148905701252,62826.57433420186,complete,complete,1.9173148905701252,768,0.0,0
233.3150068594227,119014.4389694914,False,735395840,0.0063015000000632,False,896,0,0.0,896,0.006401667000091,0.875,0.003700517951159,0.1205324507174854,2026,20.827266796809365,0.0001749978151991,cutoff_1e-10,complete,0.1202966669998204,0.1414301659999637,1024,1.4187569996057686e-05,0.014528071675963,1.4187569996057686e-05,0.014528071675963,4096,0.0189701434361697,77.70170751455127,0.0189701434361697,77.70170751455127,32768,0.0189714924473206,621.6578645138037,0.0513230420001491,0.0189714924473206,621.6578645138037,complete,complete,0.0189714924473206,896,0.0,0
4156.07968944992,119014.4389694914,False,735395840,0.0063015000000632,False,896,1,0.3,896,0.006401667000091,0.875,0.0953016752603234,3.165814568126071,2026,20.827266796809365,0.0001749978151991,cutoff_1e-10,complete,0.1202966669998204,0.1414301659999637,1024,0.0097874823044524,10.022381879759266,0.0715660276244175,73.28361228740354,4096,7.044411507514422,28853.90953477907,6.9478042756964875,28458.206313252813,32768,6.607881861899134,216527.07285071083,0.0513230420001491,6.52687141676085,213872.52258441952,complete,complete,6.52687141676085,896,0.0,0
233.3150068594227,119014.4389694914,False,735395840,0.0063015000000632,False,896,0,0.0,896,0.006401667000091,0.875,0.003700517951159,0.1205324507174854,2026,20.827266796809365,0.0001749978151991,cutoff_1e-14,complete,0.1202966669998204,0.1414301659999637,1024,1.4187569996057686e-05,0.014528071675963,1.4187569996057686e-05,0.014528071675963,4096,0.0189701434361697,77.70170751455127,0.0189701434361697,77.70170751455127,32768,0.0189714924473206,621.6578645138037,0.0513230420001491,0.0189714924473206,621.6578645138037,complete,complete,0.0189714924473206,896,0.0,0
4156.07968944992,119014.4389694914,False,735395840,0.0063015000000632,False,896,1,0.3,896,0.006401667000091,0.875,0.0953016752603234,3.165814568126071,2026,20.827266796809365,0.0001749978151991,cutoff_1e-14,complete,0.1202966669998204,0.1414301659999637,1024,0.0097874823044524,10.022381879759266,0.0715660276244175,73.28361228740354,4096,7.044411507514422,28853.90953477907,6.9478042756964875,28458.206313252813,32768,6.607881861899134,216527.07285071083,0.0513230420001491,6.52687141676085,213872.52258441952,complete,complete,6.52687141676085,896,0.0,0
365.15819544723934,288166.57140277914,False,735428608,0.0067670840001028,False,960,0,0.0,960,0.0071519579998948,0.9375,0.0020469085870846,0.0666714529296383,2026,21.022813175684867,7.295368464616476e-05,cutoff_1e-10,complete,0.129154083000003,0.1526775830000133,1024,4.340901011473624e-06,0.0044450826357489,4.340901011473624e-06,0.0044450826357489,4096,0.0260102114944033,106.53782628107624,0.0260102114944033,106.53782628107624,32768,0.0265595516221745,870.303387555416,0.0550472919999265,0.0265595516221745,870.303387555416,complete,complete,0.0265595516221745,960,0.0,0
10270.205097107806,288166.57140277914,False,735428608,0.0067670840001028,False,960,1,0.3,960,0.0071519579998948,0.9375,0.0677827372829421,2.2516663696796404,2026,21.022813175684867,7.295368464616476e-05,cutoff_1e-10,complete,0.129154083000003,0.1526775830000133,1024,0.0049511732815881,5.070001440346291,0.0763743927002385,78.20737812504429,4096,19.19572157205707,78625.67555914576,19.136893028574814,78384.71384504244,32768,18.683174733817744,612210.2696777398,0.0550472919999265,18.601971594832804,609549.4052194813,complete,complete,18.601971594832804,960,0.0,0
365.15819544723934,288166.57140277914,False,735428608,0.0067670840001028,False,960,0,0.0,960,0.0071519579998948,0.9375,0.0020469085870846,0.0666714529296383,2026,21.022813175684867,7.295368464616476e-05,cutoff_1e-14,complete,0.129154083000003,0.1526775830000133,1024,4.340901011473624e-06,0.0044450826357489,4.340901011473624e-06,0.0044450826357489,4096,0.0260102114944033,106.53782628107624,0.0260102114944033,106.53782628107624,32768,0.0265595516221745,870.303387555416,0.0550472919999265,0.0265595516221745,870.303387555416,complete,complete,0.0265595516221745,960,0.0,0
10270.205097107806,288166.57140277914,False,735428608,0.0067670840001028,False,960,1,0.3,960,0.0071519579998948,0.9375,0.0677827372829421,2.2516663696796404,2026,21.022813175684867,7.295368464616476e-05,cutoff_1e-14,complete,0.129154083000003,0.1526775830000133,1024,0.0049511732815881,5.070001440346291,0.0763743927002385,78.20737812504429,4096,19.19572157205707,78625.67555914576,19.136893028574814,78384.71384504244,32768,18.683174733817744,612210.2696777398,0.0550472919999265,18.601971594832804,609549.4052194813,complete,complete,18.601971594832804,960,0.0,0
526.6041348954203,559564.9999584297,False,735444992,0.0069968340001196,False,992,0,0.0,992,0.0071138750001864,0.96875,0.0010373036900528,0.0337868259391098,2026,20.985935763927188,3.750401788082929e-05,cutoff_1e-10,complete,0.1386480419998861,0.1619917079999595,1024,1.1147945381247095e-06,0.0011415496070397,1.1147945381247095e-06,0.0011415496070397,4096,0.0547877429639993,224.41059518054115,0.0547877429639993,224.41059518054115,32768,0.0493466284836992,1616.990322153856,0.0567495000000235,0.0493466284836992,1616.990322153856,complete,complete,0.0493466284836992,992,0.0,0
18918.42636232133,559564.9999584297,False,735444992,0.0069968340001196,False,992,1,0.3,992,0.0071138750001864,0.96875,0.0484895407047006,1.6107680578055197,2026,20.985935763927188,3.750401788082929e-05,cutoff_1e-10,complete,0.1386480419998861,0.1619917079999595,1024,0.0025337634141079,2.5945737360465673,0.0787782123205525,80.66888941624582,4096,58.78858608492362,240798.04860384716,58.76758119656799,240712.01258114248,32768,66.05915994485532,2164626.5530730193,0.0567495000000235,66.01508068448595,2163182.1638692357,complete,complete,66.01508068448595,992,0.0,0
526.6041348954203,559564.9999584297,False,735444992,0.0069968340001196,False,992,0,0.0,992,0.0071138750001864,0.96875,0.0010373036900528,0.0337868259391098,2026,20.985935763927188,3.750401788082929e-05,cutoff_1e-14,complete,0.1386480419998861,0.1619917079999595,1024,1.1147945381247095e-06,0.0011415496070397,1.1147945381247095e-06,0.0011415496070397,4096,0.0547877429639993,224.41059518054115,0.0547877429639993,224.41059518054115,32768,0.0493466284836992,1616.990322153856,0.0567495000000235,0.0493466284836992,1616.990322153856,complete,complete,0.0493466284836992,992,0.0,0
18918.42636232133,559564.9999584297,False,735444992,0.0069968340001196,False,992,1,0.3,992,0.0071138750001864,0.96875,0.0484895407047006,1.6107680578055197,2026,20.985935763927188,3.750401788082929e-05,cutoff_1e-14,complete,0.1386480419998861,0.1619917079999595,1024,0.0025337634141079,2.5945737360465673,0.0787782123205525,80.66888941624582,4096,58.78858608492362,240798.04860384716,58.76758119656799,240712.01258114248,32768,66.05915994485532,2164626.5530730193,0.0567495000000235,66.01508068448595,2163182.1638692357,complete,complete,66.01508068448595,992,0.0,0
1804.3020473980373,8591067.800104052,False,735461376,0.0070205419999638,False,1023,0,0.0,1023,0.00865141700001,0.9990234375,5.34752850965532e-05,0.0017417851367225,2026,21.011675581357625,2.4457583236746355e-06,cutoff_1e-10,complete,0.163259374999825,0.1892132499999661,1024,2.962710412605054e-09,3.0338154625075752e-06,2.962710412605054e-09,3.0338154625075752e-06,4096,0.5274329489356946,2160.365358840605,0.5274329489356946,2160.365358840605,32768,0.5174211222376359,16954.855333482854,0.0684528330002649,0.5174211222376359,16954.855333482854,complete,complete,0.5174211222376359,1023,0.0,0
161265.28505011534,8591067.800104052,False,735461376,0.0070205419999638,False,1023,1,0.3,1023,0.00865141700001,0.9990234375,0.0139229140216022,0.462503559564452,2026,21.011675581357625,2.4457583236746355e-06,cutoff_1e-10,complete,0.163259374999825,0.1892132499999661,1024,0.0002088960377048,0.2139095426097885,0.0810829061992134,83.02889594799457,4096,4777.598578759927,19569043.77860066,4777.691810785749,19569425.65697843,32768,4589.581570472307,150391408.90123656,0.0684528330002649,4589.571029691049,150391063.5009163,complete,complete,4589.571029691049,1023,0.0,0
1804.3020473980373,8591067.800104052,False,735461376,0.0070205419999638,False,1023,0,0.0,1023,0.00865141700001,0.9990234375,5.34752850965532e-05,0.0017417851367225,2026,21.011675581357625,2.4457583236746355e-06,cutoff_1e-14,complete,0.163259374999825,0.1892132499999661,1024,2.962710412605054e-09,3.0338154625075752e-06,2.962710412605054e-09,3.0338154625075752e-06,4096,0.5274329489356946,2160.365358840605,0.5274329489356946,2160.365358840605,32768,0.5174211222376359,16954.855333482854,0.0684528330002649,0.5174211222376359,16954.855333482854,complete,complete,0.5174211222376359,1023,0.0,0
161265.28505011534,8591067.800104052,False,735461376,0.0070205419999638,False,1023,1,0.3,1023,0.00865141700001,0.9990234375,0.0139229140216022,0.462503559564452,2026,21.011675581357625,2.4457583236746355e-06,cutoff_1e-14,complete,0.163259374999825,0.1892132499999661,1024,0.0002088960377048,0.2139095426097885,0.0810829061992134,83.02889594799457,4096,4777.598578759927,19569043.77860066,4777.691810785749,19569425.65697843,32768,4589.581570472307,150391408.90123656,0.0684528330002649,4589.571029691049,150391063.5009163,complete,complete,4589.571029691049,1023,0.0,0
3139.6854009984195,21251589.367336217,False,382238720,0.0081964999999399,True,1024,0,0.0,1024,0.0089279579999583,1.0,1.1999627205496236e-13,3.908491983728015e-12,2026,21.00987658786883,9.886261316605853e-07,cutoff_1e-10,complete,0.1667500000000927,0.1935987500000919,1024,1.4918271080923983e-26,1.5276309586866158e-23,1.4918271080923983e-26,1.5276309586866158e-23,4096,1.8077831359254743,7404.679724750744,1.8077831359254743,7404.679724750744,32768,1.6267233316795435,53304.47013247528,0.0586523329998271,1.6267233316795435,53304.47013247528,complete,complete,1.6267233316795435,1024,0.0,0
546887.3284723074,21251589.367336217,False,382238720,0.0081964999999399,True,1024,1,0.3,1024,0.0089279579999583,1.0,2.1244367126707856e-11,7.057140050963052e-10,2026,21.00987658786883,9.886261316605853e-07,cutoff_1e-10,complete,0.1667500000000927,0.1935987500000919,1024,4.863596259658869e-22,4.9803225698906815e-19,0.0812933756383994,83.24441665372106,4096,64483.50938107638,264124454.42488885,64482.20206381365,264119099.65338072,32768,55681.87526297589,1824583688.617194,0.0586523329998271,55681.372095645616,1824567200.8301156,complete,complete,55681.372095645616,1024,0.0,0
3139.6854009984195,21251589.367336217,False,382238720,0.0081964999999399,True,1024,0,0.0,1024,0.0089279579999583,1.0,1.1999627205496236e-13,3.908491983728015e-12,2026,21.00987658786883,9.886261316605853e-07,cutoff_1e-14,complete,0.1667500000000927,0.1935987500000919,1024,1.4918271080923983e-26,1.5276309586866158e-23,1.4918271080923983e-26,1.5276309586866158e-23,4096,1.8077831359254743,7404.679724750744,1.8077831359254743,7404.679724750744,32768,1.6267233316795435,53304.47013247528,0.0586523329998271,1.6267233316795435,53304.47013247528,complete,complete,1.6267233316795435,1024,0.0,0
546887.3284723074,21251589.367336217,False,382238720,0.0081964999999399,True,1024,1,0.3,1024,0.0089279579999583,1.0,2.1244367126707856e-11,7.057140050963052e-10,2026,21.00987658786883,9.886261316605853e-07,cutoff_1e-14,complete,0.1667500000000927,0.1935987500000919,1024,4.863596259658869e-22,4.9803225698906815e-19,0.0812933756383994,83.24441665372106,4096,64483.50938107638,264124454.42488885,64482.20206381365,264119099.65338072,32768,55681.87526297589,1824583688.617194,0.0586523329998271,55681.372095645616,1824567200.8301156,complete,complete,55681.372095645616,1024,0.0,0
1887.3608202013097,8068094.037876595,False,760889344,0.0069570419998399,True,1025,0,0.0,1024,0.0112587500000245,1.0009765625,8.59043095762721e-14,2.7980561362169775e-12,2026,21.003251181521954,2.6032481876041326e-06,cutoff_1e-10,complete,0.1912865419999434,0.2195598330001757,1024,7.645623184981913e-27,7.82911814142148e-24,7.645623184981913e-27,7.82911814142148e-24,4096,0.6184875318279256,2533.3249303671832,0.6184875318279256,2533.3249303671832,32768,0.6283383389196563,20589.390689719297,0.0703984579999996,0.6283383389196563,20589.390689719297,complete,complete,0.6283383389196563,1024,0.0,0
237322.13362633027,8068094.037876595,False,760889344,0.0069570419998399,True,1025,1,0.3,1024,0.0112587500000245,1.0009765625,1.1585841526196384e-11,3.848686372767549e-10,2026,21.003251181521954,2.6032481876041326e-06,cutoff_1e-10,complete,0.1912865419999434,0.2195598330001757,1024,1.4465221480397104e-22,1.4812386795926634e-19,0.0812933756388305,83.24441665416245,4096,10655.58992967714,43645296.35195756,10656.314577271463,43648264.508503914,32768,10507.91823530656,344323464.7345253,0.0703984579999996,10507.834787422871,344320730.31427264,complete,complete,10507.834787422871,1024,0.0,0
1887.3608202013097,8068094.037876595,False,760889344,0.0069570419998399,True,1025,0,0.0,1024,0.0112587500000245,1.0009765625,8.59043095762721e-14,2.7980561362169775e-12,2026,21.003251181521954,2.6032481876041326e-06,cutoff_1e-14,complete,0.1912865419999434,0.2195598330001757,1024,7.645623184981913e-27,7.82911814142148e-24,7.645623184981913e-27,7.82911814142148e-24,4096,0.6184875318279256,2533.3249303671832,0.6184875318279256,2533.3249303671832,32768,0.6283383389196563,20589.390689719297,0.0703984579999996,0.6283383389196563,20589.390689719297,complete,complete,0.6283383389196563,1024,0.0,0
237322.13362633027,8068094.037876595,False,760889344,0.0069570419998399,True,1025,1,0.3,1024,0.0112587500000245,1.0009765625,1.1585841526196384e-11,3.848686372767549e-10,2026,21.003251181521954,2.6032481876041326e-06,cutoff_1e-14,complete,0.1912865419999434,0.2195598330001757,1024,1.4465221480397104e-22,1.4812386795926634e-19,0.0812933756388305,83.24441665416245,4096,10655.58992967714,43645296.35195756,10656.314577271463,43648264.508503914,32768,10507.91823530656,344323464.7345253,0.0703984579999996,10507.834787422871,344320730.31427264,complete,complete,10507.834787422871,1024,0.0,0
478.85039377654937,681766.7230264215,False,786972672,0.0070729579999806,True,1056,0,0.0,1024,0.009053250000079,1.03125,2.6190449003683227e-14,8.530695014779007e-13,2026,20.97708041838431,3.076870681699634e-05,cutoff_1e-10,complete,0.1866742500001237,0.2151254999998855,1024,7.106714593278845e-28,7.277275743517538e-25,7.106714593278845e-28,7.277275743517538e-25,4096,0.0519681794058427,212.86166284633197,0.0519681794058427,212.86166284633197,32768,0.0522250450149765,1711.3102750507512,0.0600697080003556,0.0522250450149765,1711.3102750507512,complete,complete,0.0522250450149765,1024,0.0,0
26951.953721192494,681766.7230264215,False,786972672,0.0070729579999806,True,1056,1,0.3,1024,0.009053250000079,1.03125,9.28609013561726e-13,3.0847348015620966e-11,2026,20.97708041838431,3.076870681699634e-05,cutoff_1e-10,complete,0.1866742500001237,0.2151254999998855,1024,9.29256718356284e-25,9.51558879596835e-22,0.081293375638947,83.24441665428182,4096,159.38060019554277,652822.9384009432,159.52117193122928,653398.7202303151,32768,158.01025697296805,5177680.100490217,0.0600697080003556,157.95069548315752,5175728.3895921055,complete,complete,157.95069548315752,1024,0.0,0
478.85039377654937,681766.7230264215,False,786972672,0.0070729579999806,True,1056,0,0.0,1024,0.009053250000079,1.03125,2.6190449003683227e-14,8.530695014779007e-13,2026,20.97708041838431,3.076870681699634e-05,cutoff_1e-14,complete,0.1866742500001237,0.2151254999998855,1024,7.106714593278845e-28,7.277275743517538e-25,7.106714593278845e-28,7.277275743517538e-25,4096,0.0519681794058427,212.86166284633197,0.0519681794058427,212.86166284633197,32768,0.0522250450149765,1711.3102750507512,0.0600697080003556,0.0522250450149765,1711.3102750507512,complete,complete,0.0522250450149765,1024,0.0,0
26951.953721192494,681766.7230264215,False,786972672,0.0070729579999806,True,1056,1,0.3,1024,0.009053250000079,1.03125,9.28609013561726e-13,3.0847348015620966e-11,2026,20.97708041838431,3.076870681699634e-05,cutoff_1e-14,complete,0.1866742500001237,0.2151254999998855,1024,9.29256718356284e-25,9.51558879596835e-22,0.081293375638947,83.24441665428182,4096,159.38060019554277,652822.9384009432,159.52117193122928,653398.7202303151,32768,158.01025697296805,5177680.100490217,0.0600697080003556,157.95069548315752,5175728.3895921055,complete,complete,157.95069548315752,1024,0.0,0
343.98674789626835,367548.4180876075,False,831700992,0.0084429999999429,True,1088,0,0.0,1024,0.0098291249998965,1.0625,1.6137001853267825e-14,5.256108486104684e-13,2026,20.98799677586121,5.7102672037235075e-05,cutoff_1e-10,complete,0.1881294580000485,0.2164649579999604,1024,2.697917618916179e-28,2.7626676417701677e-25,2.697917618916179e-28,2.7626676417701677e-25,4096,0.0325704407022942,133.4085251165973,0.0325704407022942,133.4085251165973,32768,0.0317922408652876,1041.7681486737472,0.063236125000003,0.0317922408652876,1041.7681486737472,complete,complete,0.0317922408652876,1024,0.0,0
18554.761659485877,367548.4180876075,False,831700992,0.0084429999999429,True,1088,1,0.3,1024,0.0098291249998965,1.0625,6.606402620126457e-13,2.194572718745259e-11,2026,20.98799677586121,5.7102672037235075e-05,cutoff_1e-10,complete,0.1881294580000485,0.2164649579999604,1024,4.7032709158798405e-25,4.816149417860959e-22,0.0812933756389315,83.24441665426595,4096,98.74286795137692,404450.7871288398,98.88336854962624,405026.277579269,32768,100.8806778774058,3305658.052686833,0.063236125000003,100.837827458422,3304253.930157572,complete,complete,100.837827458422,1024,0.0,0
343.98674789626835,367548.4180876075,False,831700992,0.0084429999999429,True,1088,0,0.0,1024,0.0098291249998965,1.0625,1.6137001853267825e-14,5.256108486104684e-13,2026,20.98799677586121,5.7102672037235075e-05,cutoff_1e-14,complete,0.1881294580000485,0.2164649579999604,1024,2.697917618916179e-28,2.7626676417701677e-25,2.697917618916179e-28,2.7626676417701677e-25,4096,0.0325704407022942,133.4085251165973,0.0325704407022942,133.4085251165973,32768,0.0317922408652876,1041.7681486737472,0.063236125000003,0.0317922408652876,1041.7681486737472,complete,complete,0.0317922408652876,1024,0.0,0
18554.761659485877,367548.4180876075,False,831700992,0.0084429999999429,True,1088,1,0.3,1024,0.0098291249998965,1.0625,6.606402620126457e-13,2.194572718745259e-11,2026,20.98799677586121,5.7102672037235075e-05,cutoff_1e-14,complete,0.1881294580000485,0.2164649579999604,1024,4.7032709158798405e-25,4.816149417860959e-22,0.0812933756389315,83.24441665426595,4096,98.74286795137692,404450.7871288398,98.88336854962624,405026.277579269,32768,100.8806778774058,3305658.052686833,0.063236125000003,100.837827458422,3304253.930157572,complete,complete,100.837827458422,1024,0.0,0
219.20877023519063,232586.2232648791,False,879181824,0.0086401670000668,True,1152,0,0.0,1024,0.0103495000000748,1.125,9.998256078372036e-15,3.256609814984745e-13,2026,20.869236189771893,8.972688019446927e-05,cutoff_1e-10,complete,0.201231000000007,0.2313194999999268,1024,1.0356940905327119e-28,1.0605507487054972e-25,1.0356940905327119e-28,1.0605507487054972e-25,4096,0.0188990942633978,77.41069010287774,0.0188990942633978,77.41069010287774,32768,0.0189781617340965,621.8764037028768,0.0669172079997224,0.0189781617340965,621.8764037028768,complete,complete,0.0189781617340965,1024,0.0,0
11870.539726421412,232586.2232648791,False,879181824,0.0086401670000668,True,1152,1,0.3,1024,0.0103495000000748,1.125,4.589617169688458e-13,1.5246192533585425e-11,2026,20.869236189771893,8.972688019446927e-05,cutoff_1e-10,complete,0.201231000000007,0.2313194999999268,1024,2.2699842458120702e-25,2.32446386771156e-22,0.0812933756389374,83.2444166542719,4096,59.38400287613483,243236.8757806483,59.36444980257928,243156.78639136473,32768,59.07195399180773,1935669.788403556,0.0669172079997224,58.99469977412721,1933138.3221986005,complete,complete,58.99469977412721,1024,0.0,0
219.20877023519063,232586.2232648791,False,879181824,0.0086401670000668,True,1152,0,0.0,1024,0.0103495000000748,1.125,9.998256078372036e-15,3.256609814984745e-13,2026,20.869236189771893,8.972688019446927e-05,cutoff_1e-14,complete,0.201231000000007,0.2313194999999268,1024,1.0356940905327119e-28,1.0605507487054972e-25,1.0356940905327119e-28,1.0605507487054972e-25,4096,0.0188990942633978,77.41069010287774,0.0188990942633978,77.41069010287774,32768,0.0189781617340965,621.8764037028768,0.0669172079997224,0.0189781617340965,621.8764037028768,complete,complete,0.0189781617340965,1024,0.0,0
11870.539726421412,232586.2232648791,False,879181824,0.0086401670000668,True,1152,1,0.3,1024,0.0103495000000748,1.125,4.589617169688458e-13,1.5246192533585425e-11,2026,20.869236189771893,8.972688019446927e-05,cutoff_1e-14,complete,0.201231000000007,0.2313194999999268,1024,2.2699842458120702e-25,2.32446386771156e-22,0.0812933756389374,83.2444166542719,4096,59.38400287613483,243236.8757806483,59.36444980257928,243156.78639136473,32768,59.07195399180773,1935669.788403556,0.0669172079997224,58.99469977412721,1933138.3221986005,complete,complete,58.99469977412721,1024,0.0,0
129.91979311935668,117461.247305228,False,932134912,0.0095800410001629,True,1280,0,0.0,1024,0.0119282499999826,1.25,7.344995158081705e-15,2.392395547316192e-13,2026,20.697591774268556,0.0001762078323626,cutoff_1e-10,complete,0.2246217499998692,0.2582430839997869,1024,5.589410600408535e-29,5.72355645481834e-26,5.589410600408535e-29,5.72355645481834e-26,4096,0.0098843332654877,40.48622905543779,0.0098843332654877,40.48622905543779,32768,0.010784315199436,353.3804404551207,0.074745625000105,0.010784315199436,353.3804404551207,complete,complete,0.010784315199436,1024,0.0,0
6862.045969769307,117461.247305228,False,932134912,0.0095800410001629,True,1280,1,0.3,1024,0.0119282499999826,1.25,3.5773358097797353e-13,1.1883507599152063e-11,2026,20.697591774268556,0.0001762078323626,cutoff_1e-10,complete,0.2246217499998692,0.2582430839997869,1024,1.3790796177646962e-25,1.4121775285910489e-22,0.0812933756389294,83.24441665426372,4096,28.92944037975601,118494.9877954806,28.82130119709379,118052.04970329616,32768,28.491335789078285,933604.0911365172,0.074745625000105,28.403293689358676,930719.1276129052,complete,complete,28.403293689358676,1024,0.0,0
129.91979311935668,117461.247305228,False,932134912,0.0095800410001629,True,1280,0,0.0,1024,0.0119282499999826,1.25,7.344995158081705e-15,2.392395547316192e-13,2026,20.697591774268556,0.0001762078323626,cutoff_1e-14,complete,0.2246217499998692,0.2582430839997869,1024,5.589410600408535e-29,5.72355645481834e-26,5.589410600408535e-29,5.72355645481834e-26,4096,0.0098843332654877,40.48622905543779,0.0098843332654877,40.48622905543779,32768,0.010784315199436,353.3804404551207,0.074745625000105,0.010784315199436,353.3804404551207,complete,complete,0.010784315199436,1024,0.0,0
6862.045969769307,117461.247305228,False,932134912,0.0095800410001629,True,1280,1,0.3,1024,0.0119282499999826,1.25,3.5773358097797353e-13,1.1883507599152063e-11,2026,20.697591774268556,0.0001762078323626,cutoff_1e-14,complete,0.2246217499998692,0.2582430839997869,1024,1.3790796177646962e-25,1.4121775285910489e-22,0.0812933756389294,83.24441665426372,4096,28.92944037975601,118494.9877954806,28.82130119709379,118052.04970329616,32768,28.491335789078285,933604.0911365172,0.074745625000105,28.403293689358676,930719.1276129052,complete,complete,28.403293689358676,1024,0.0,0
79.73398661054163,76562.46301213968,False,749895680,0.0103126250000968,True,1536,0,0.0,1024,0.0195304579999628,1.5,5.549814214078481e-15,1.8076731881278892e-13,2026,20.64977504647227,0.0002697114778451,cutoff_1e-10,complete,0.4060687500000313,0.4499125840000033,1024,3.1910960498793426e-29,3.267682355076447e-26,3.1910960498793426e-29,3.267682355076447e-26,4096,0.0064600762361538,26.46047226328632,0.0064600762361538,26.46047226328632,32768,0.0069110398896203,226.46095510308007,0.09124304199986,0.0069110398896203,226.46095510308007,complete,complete,0.0069110398896203,1024,0.0,0
3895.993124381459,76562.46301213968,False,749895680,0.0103126250000968,True,1536,1,0.3,1024,0.0195304579999628,1.5,1.6881850262380458e-13,5.607960967273514e-12,2026,20.64977504647227,0.0002697114778451,cutoff_1e-10,complete,0.4060687500000313,0.4499125840000033,1024,3.0712134971155556e-26,3.144922621046329e-23,0.0812933756389281,83.24441665426238,4096,18.528418864541383,75892.40366916152,18.42187325799556,75455.99286474982,32768,18.01440258883612,590295.944030982,0.09124304199986,17.933590056848857,587647.8789828233,complete,complete,17.933590056848857,1024,0.0,0
79.73398661054163,76562.46301213968,False,749895680,0.0103126250000968,True,1536,0,0.0,1024,0.0195304579999628,1.5,5.549814214078481e-15,1.8076731881278892e-13,2026,20.64977504647227,0.0002697114778451,cutoff_1e-14,complete,0.4060687500000313,0.4499125840000033,1024,3.1910960498793426e-29,3.267682355076447e-26,3.1910960498793426e-29,3.267682355076447e-26,4096,0.0064600762361538,26.46047226328632,0.0064600762361538,26.46047226328632,32768,0.0069110398896203,226.46095510308007,0.09124304199986,0.0069110398896203,226.46095510308007,complete,complete,0.0069110398896203,1024,0.0,0
3895.993124381459,76562.46301213968,False,749895680,0.0103126250000968,True,1536,1,0.3,1024,0.0195304579999628,1.5,1.6881850262380458e-13,5.607960967273514e-12,2026,20.64977504647227,0.0002697114778451,cutoff_1e-14,complete,0.4060687500000313,0.4499125840000033,1024,3.0712134971155556e-26,3.144922621046329e-23,0.0812933756389281,83.24441665426238,4096,18.528418864541383,75892.40366916152,18.42187325799556,75455.99286474982,32768,18.01440258883612,590295.944030982,0.09124304199986,17.933590056848857,587647.8789828233,complete,complete,17.933590056848857,1024,0.0,0
53.01908798847748,46836.516133533034,False,810139648,0.0126502919999893,True,2048,0,0.0,1024,0.0214468330000272,2.0,4.27660699440891e-15,1.3929669538022242e-13,2026,20.81351056461783,0.0004443863951212,cutoff_1e-10,complete,0.3758863749999364,0.4253118340000128,1024,1.8948798187353978e-29,1.940356934385047e-26,1.8948798187353978e-29,1.940356934385047e-26,4096,0.0037448610745905,15.338950961522734,0.0037448610745905,15.338950961522734,32768,0.0038181709757311,125.1138265327578,0.1316007909999825,0.0038181709757311,125.1138265327578,complete,complete,0.0038181709757311,1024,0.0,0
2441.6952628804033,46836.516133533034,False,810139648,0.0126502919999893,True,2048,1,0.3,1024,0.0214468330000272,2.0,1.0716767212405377e-13,3.5599896509241714e-12,2026,20.81351056461783,0.0004443863951212,cutoff_1e-10,complete,0.3758863749999364,0.4253118340000128,1024,1.2376490541686722e-26,1.2673526314687205e-23,0.0812933756389273,83.24441665426161,4096,13.513986031887354,55353.2867866106,13.386746781880351,54832.11481858192,32768,12.037728098849554,394452.2743431022,0.1316007909999825,11.952601799775348,391662.8557750386,complete,complete,11.952601799775348,1024,0.0,0
53.01908798847748,46836.516133533034,False,810139648,0.0126502919999893,True,2048,0,0.0,1024,0.0214468330000272,2.0,4.27660699440891e-15,1.3929669538022242e-13,2026,20.81351056461783,0.0004443863951212,cutoff_1e-14,complete,0.3758863749999364,0.4253118340000128,1024,1.8948798187353978e-29,1.940356934385047e-26,1.8948798187353978e-29,1.940356934385047e-26,4096,0.0037448610745905,15.338950961522734,0.0037448610745905,15.338950961522734,32768,0.0038181709757311,125.1138265327578,0.1316007909999825,0.0038181709757311,125.1138265327578,complete,complete,0.0038181709757311,1024,0.0,0
2441.6952628804033,46836.516133533034,False,810139648,0.0126502919999893,True,2048,1,0.3,1024,0.0214468330000272,2.0,1.0716767212405377e-13,3.5599896509241714e-12,2026,20.81351056461783,0.0004443863951212,cutoff_1e-14,complete,0.3758863749999364,0.4253118340000128,1024,1.2376490541686722e-26,1.2673526314687205e-23,0.0812933756389273,83.24441665426161,4096,13.513986031887354,55353.2867866106,13.386746781880351,54832.11481858192,32768,12.037728098849554,394452.2743431022,0.1316007909999825,11.952601799775348,391662.8557750386,complete,complete,11.952601799775348,1024,0.0,0
38.77334252625844,31727.038437326715,False,900005888,0.0129093749999356,True,3072,0,0.0,1024,0.0289732910000566,3.0,4.6865632859152265e-15,1.5264970086607112e-13,2026,20.796763115729696,0.0006554902108752,cutoff_1e-10,complete,0.5846609170000647,0.6466457500000615,1024,2.2755792162598625e-29,2.330193117450099e-26,2.2755792162598625e-29,2.330193117450099e-26,4096,0.0030415693212112,12.458267939681472,0.0030415693212112,12.458267939681472,32768,0.0030984921032767,101.53138924017328,0.1641467090003061,0.0030984921032767,101.53138924017328,complete,complete,0.0030984921032767,1024,0.0,0
1616.7180224067226,31727.038437326715,False,900005888,0.0129093749999356,True,3072,1,0.3,1024,0.0289732910000566,3.0,7.203626019039075e-14,2.3929636212701893e-12,2026,20.796763115729696,0.0006554902108752,cutoff_1e-10,complete,0.5846609170000647,0.6466457500000615,1024,5.592065324924353e-27,5.7262748927225374e-24,0.0812933756389279,83.24441665426221,4096,9.35995175867656,38338.362403539184,9.266510656712745,37955.62764989539,32768,8.814926496697382,288847.5114437798,0.1641467090003061,8.727498199892342,285982.66101407225,complete,complete,8.727498199892342,1024,0.0,0
38.77334252625844,31727.038437326715,False,900005888,0.0129093749999356,True,3072,0,0.0,1024,0.0289732910000566,3.0,4.6865632859152265e-15,1.5264970086607112e-13,2026,20.796763115729696,0.0006554902108752,cutoff_1e-14,complete,0.5846609170000647,0.6466457500000615,1024,2.2755792162598625e-29,2.330193117450099e-26,2.2755792162598625e-29,2.330193117450099e-26,4096,0.0030415693212112,12.458267939681472,0.0030415693212112,12.458267939681472,32768,0.0030984921032767,101.53138924017328,0.1641467090003061,0.0030984921032767,101.53138924017328,complete,complete,0.0030984921032767,1024,0.0,0
1616.7180224067226,31727.038437326715,False,900005888,0.0129093749999356,True,3072,1,0.3,1024,0.0289732910000566,3.0,7.203626019039075e-14,2.3929636212701893e-12,2026,20.796763115729696,0.0006554902108752,cutoff_1e-14,complete,0.5846609170000647,0.6466457500000615,1024,5.592065324924353e-27,5.7262748927225374e-24,0.0812933756389279,83.24441665426221,4096,9.35995175867656,38338.362403539184,9.266510656712745,37955.62764989539,32768,8.814926496697382,288847.5114437798,0.1641467090003061,8.727498199892342,285982.66101407225,complete,complete,8.727498199892342,1024,0.0,0
33.324310163189516,24800.366267904737,False,1047068672,0.0480087079999975,True,4096,0,0.0,1024,0.0468809159999636,4.0,6.386630136623248e-15,2.0802390161416215e-13,2026,20.815981874867568,0.0008393417117313,cutoff_1e-10,complete,0.7101840830000583,0.83239308300017,1024,4.2259710588650977e-29,4.32739436427786e-26,4.2259710588650977e-29,4.32739436427786e-26,4096,0.0026724916495036,10.946525796367132,0.0026724916495036,10.946525796367132,32768,0.0027727661203402,90.8580002313098,0.2247580420003032,0.0027727661203402,90.8580002313098,complete,complete,0.0027727661203402,1024,0.0,0
1377.7475379000869,24800.366267904737,False,1047068672,0.0480087079999975,True,4096,1,0.3,1024,0.0468809159999636,4.0,6.624362121557934e-14,2.2005386633220716e-12,2026,20.815981874867568,0.0008393417117313,cutoff_1e-10,complete,0.7101840830000583,0.83239308300017,1024,4.728877352319619e-27,4.84237040877529e-24,0.081293375638928,83.24441665426227,4096,7.777958129868178,31858.51649994006,7.693827088187559,31513.915753216243,32768,7.323907598995282,239989.8042038774,0.2247580420003032,7.231805936531972,236971.81692827964,complete,complete,7.231805936531972,1024,0.0,0
33.324310163189516,24800.366267904737,False,1047068672,0.0480087079999975,True,4096,0,0.0,1024,0.0468809159999636,4.0,6.386630136623248e-15,2.0802390161416215e-13,2026,20.815981874867568,0.0008393417117313,cutoff_1e-14,complete,0.7101840830000583,0.83239308300017,1024,4.2259710588650977e-29,4.32739436427786e-26,4.2259710588650977e-29,4.32739436427786e-26,4096,0.0026724916495036,10.946525796367132,0.0026724916495036,10.946525796367132,32768,0.0027727661203402,90.8580002313098,0.2247580420003032,0.0027727661203402,90.8580002313098,complete,complete,0.0027727661203402,1024,0.0,0
1377.7475379000869,24800.366267904737,False,1047068672,0.0480087079999975,True,4096,1,0.3,1024,0.0468809159999636,4.0,6.624362121557934e-14,2.2005386633220716e-12,2026,20.815981874867568,0.0008393417117313,cutoff_1e-14,complete,0.7101840830000583,0.83239308300017,1024,4.728877352319619e-27,4.84237040877529e-24,0.081293375638928,83.24441665426227,4096,7.777958129868178,31858.51649994006,7.693827088187559,31513.915753216243,32768,7.323907598995282,239989.8042038774,0.2247580420003032,7.231805936531972,236971.81692827964,complete,complete,7.231805936531972,1024,0.0,0
26.80869576606118,18357.517908846883,False,675348480,0.0280756250001559,True,8192,0,0.0,1024,0.0797342500000013,8.0,5.259772041680345e-15,1.7132012944308973e-13,2026,20.95684765891443,0.0011415948366753,cutoff_1e-10,complete,1.3599650410001232,1.5192282079999586,1024,2.866268237538772e-29,2.9350586752397025e-26,2.866268237538772e-29,2.9350586752397025e-26,4096,0.0026255355594914,10.75419365167686,0.0026255355594914,10.75419365167686,32768,0.0025507506022823,83.5829957355885,0.4479607500002203,0.0025507506022823,83.5829957355885,complete,complete,0.0025507506022823,1024,0.0,0
981.719086195437,18357.517908846883,False,675348480,0.0280756250001559,True,8192,1,0.3,1024,0.0797342500000013,8.0,4.105436744427323e-14,1.363779956493493e-12,2026,20.95684765891443,0.0011415948366753,cutoff_1e-10,complete,1.3599650410001232,1.5192282079999586,1024,1.816304462630267e-27,1.8598957697333942e-24,0.0812933756389277,83.24441665426198,4096,5.098321264603678,20882.723899816665,5.0008326135260095,20483.410385002535,32768,4.976278689247032,163062.70008924673,0.4479607500002203,4.88484242880735,160066.51670715926,complete,complete,4.88484242880735,1024,0.0,0
26.80869576606118,18357.517908846883,False,675348480,0.0280756250001559,True,8192,0,0.0,1024,0.0797342500000013,8.0,5.259772041680345e-15,1.7132012944308973e-13,2026,20.95684765891443,0.0011415948366753,cutoff_1e-14,complete,1.3599650410001232,1.5192282079999586,1024,2.866268237538772e-29,2.9350586752397025e-26,2.866268237538772e-29,2.9350586752397025e-26,4096,0.0026255355594914,10.75419365167686,0.0026255355594914,10.75419365167686,32768,0.0025507506022823,83.5829957355885,0.4479607500002203,0.0025507506022823,83.5829957355885,complete,complete,0.0025507506022823,1024,0.0,0
981.719086195437,18357.517908846883,False,675348480,0.0280756250001559,True,8192,1,0.3,1024,0.0797342500000013,8.0,4.105436744427323e-14,1.363779956493493e-12,2026,20.95684765891443,0.0011415948366753,cutoff_1e-14,complete,1.3599650410001232,1.5192282079999586,1024,1.816304462630267e-27,1.8598957697333942e-24,0.0812933756389277,83.24441665426198,4096,5.098321264603678,20882.723899816665,5.0008326135260095,20483.410385002535,32768,4.976278689247032,163062.70008924673,0.4479607500002203,4.88484242880735,160066.51670715926,complete,complete,4.88484242880735,1024,0.0,0
9.338589440875262,104.79645333151169,False,1049018368,0.0059751670000878,False,64,0,0.0,64,0.0009804999999687,0.0625,0.3648470504791275,11.88371728274461,2027,22.985491714657993,0.2193346337966801,cutoff_1e-10,complete,0.0026392499999019,0.0165452090000144,1024,0.1379128285705107,141.22273645620302,0.1379128285705107,141.22273645620302,4096,0.172784067823168,707.7235418036962,0.172784067823168,707.7235418036962,32768,0.1766930789867555,5789.878812238005,0.007876416000272,0.1766930789867555,5789.878812238005,complete,complete,0.1766930789867555,64,0.0,0
9.300185037666964,104.79645333151169,False,1049018368,0.0059751670000878,False,64,1,0.3,64,0.0009804999999687,0.0625,0.4384755172243134,14.565663997023783,2027,22.985491714657993,0.2193346337966801,cutoff_1e-10,complete,0.0026392499999019,0.0165452090000144,1024,0.2071861012443306,212.1585676741946,0.1449838430005528,148.4634552325661,4096,0.2735793948245835,1120.581201201494,0.1811613968582355,742.0370815313327,32768,0.278535219331955,9127.042067069502,0.007876416000272,0.1860867289969973,6097.689935773609,complete,complete,0.1860867289969973,64,0.0,0
9.338589440875262,104.79645333151169,False,1049018368,0.0059751670000878,False,64,0,0.0,64,0.0009804999999687,0.0625,0.3648470504791275,11.88371728274461,2027,22.985491714657993,0.2193346337966801,cutoff_1e-14,complete,0.0026392499999019,0.0165452090000144,1024,0.1379128285705107,141.22273645620302,0.1379128285705107,141.22273645620302,4096,0.172784067823168,707.7235418036962,0.172784067823168,707.7235418036962,32768,0.1766930789867555,5789.878812238005,0.007876416000272,0.1766930789867555,5789.878812238005,complete,complete,0.1766930789867555,64,0.0,0
9.300185037666964,104.79645333151169,False,1049018368,0.0059751670000878,False,64,1,0.3,64,0.0009804999999687,0.0625,0.4384755172243134,14.565663997023783,2027,22.985491714657993,0.2193346337966801,cutoff_1e-14,complete,0.0026392499999019,0.0165452090000144,1024,0.2071861012443306,212.1585676741946,0.1449838430005528,148.4634552325661,4096,0.2735793948245835,1120.581201201494,0.1811613968582355,742.0370815313327,32768,0.278535219331955,9127.042067069502,0.007876416000272,0.1860867289969973,6097.689935773609,complete,complete,0.1860867289969973,64,0.0,0
29.35433647082785,323.6026705686,False,1049362432,0.0106780420001086,False,128,0,0.0,128,0.0014467500000137,0.125,0.2325904363159987,7.5758841526051235,2027,22.16063744600406,0.0684810091556591,cutoff_1e-10,complete,0.0076987079999071,0.0316727910001191,1024,0.056048848333685,57.39402069369345,0.056048848333685,57.39402069369345,4096,0.0961182318416299,393.70027762331625,0.0961182318416299,393.70027762331625,32768,0.0984273545516444,3225.267553948286,0.0114300000000184,0.0984273545516444,3225.267553948286,complete,complete,0.0984273545516444,128,0.0,0
28.213157885438868,323.6026705686,False,1049362432,0.0106780420001086,False,128,1,0.3,128,0.0014467500000137,0.125,0.3447849598037865,11.453368953232024,2027,22.16063744600406,0.0684810091556591,cutoff_1e-10,complete,0.0076987079999071,0.0316727910001191,1024,0.1281051370887296,131.17966037885913,0.0687584951922798,70.40869907689459,4096,0.2044088053438682,837.2584666884843,0.1081316841120574,442.9073781229873,32768,0.203026908655633,6652.785742827782,0.0114300000000184,0.1106660557191214,3626.305313804172,complete,complete,0.1106660557191214,128,0.0,0
29.35433647082785,323.6026705686,False,1049362432,0.0106780420001086,False,128,0,0.0,128,0.0014467500000137,0.125,0.2325904363159987,7.5758841526051235,2027,22.16063744600406,0.0684810091556591,cutoff_1e-14,complete,0.0076987079999071,0.0316727910001191,1024,0.056048848333685,57.39402069369345,0.056048848333685,57.39402069369345,4096,0.0961182318416299,393.70027762331625,0.0961182318416299,393.70027762331625,32768,0.0984273545516444,3225.267553948286,0.0114300000000184,0.0984273545516444,3225.267553948286,complete,complete,0.0984273545516444,128,0.0,0
28.213157885438868,323.6026705686,False,1049362432,0.0106780420001086,False,128,1,0.3,128,0.0014467500000137,0.125,0.3447849598037865,11.453368953232024,2027,22.16063744600406,0.0684810091556591,cutoff_1e-14,complete,0.0076987079999071,0.0316727910001191,1024,0.1281051370887296,131.17966037885913,0.0687584951922798,70.40869907689459,4096,0.2044088053438682,837.2584666884843,0.1081316841120574,442.9073781229873,32768,0.203026908655633,6652.785742827782,0.0114300000000184,0.1106660557191214,3626.305313804172,complete,complete,0.1106660557191214,128,0.0,0
66.21336376264611,935.5526382935388,False,1068466176,0.0061541249999663,False,256,0,0.0,256,0.0043969999999262,0.25,0.1154922844652231,3.761789097981339,2027,21.730832866908447,0.0232278035221468,cutoff_1e-10,complete,0.0821082909999404,0.0999639999999999,1024,0.0138193918141516,14.151057217691266,0.0138193918141516,14.151057217691266,4096,0.0502159880399875,205.68468701178887,0.0502159880399875,205.68468701178887,32768,0.0524628296255348,1719.1020011695273,0.0181627920001119,0.0524628296255348,1719.1020011695273,complete,complete,0.0524628296255348,256,0.0,0
70.19346305822532,935.5526382935388,False,1068466176,0.0061541249999663,False,256,1,0.3,256,0.0043969999999262,0.25,0.2612068839038763,8.67699918284627,2027,21.730832866908447,0.0232278035221468,cutoff_1e-10,complete,0.0821082909999404,0.0999639999999999,1024,0.0735256980655418,75.2903148191148,0.0364991396105946,37.37511896124891,4096,0.1828560841645143,748.9785207378507,0.0944330359824638,386.797715384172,32768,0.1863515685905172,6106.368199574069,0.0181627920001119,0.0949375771409238,3110.9145277537928,complete,complete,0.0949375771409238,256,0.0,0
66.21336376264611,935.5526382935388,False,1068466176,0.0061541249999663,False,256,0,0.0,256,0.0043969999999262,0.25,0.1154922844652231,3.761789097981339,2027,21.730832866908447,0.0232278035221468,cutoff_1e-14,complete,0.0821082909999404,0.0999639999999999,1024,0.0138193918141516,14.151057217691266,0.0138193918141516,14.151057217691266,4096,0.0502159880399875,205.68468701178887,0.0502159880399875,205.68468701178887,32768,0.0524628296255348,1719.1020011695273,0.0181627920001119,0.0524628296255348,1719.1020011695273,complete,complete,0.0524628296255348,256,0.0,0
70.19346305822532,935.5526382935388,False,1068466176,0.0061541249999663,False,256,1,0.3,256,0.0043969999999262,0.25,0.2612068839038763,8.67699918284627,2027,21.730832866908447,0.0232278035221468,cutoff_1e-14,complete,0.0821082909999404,0.0999639999999999,1024,0.0735256980655418,75.2903148191148,0.0364991396105946,37.37511896124891,4096,0.1828560841645143,748.9785207378507,0.0944330359824638,386.797715384172,32768,0.1863515685905172,6106.368199574069,0.0181627920001119,0.0949375771409238,3110.9145277537928,complete,complete,0.0949375771409238,256,0.0,0
82.59220460480631,2382.960223533477,False,1075068928,0.0060013329998582,False,384,0,0.0,384,0.0044609159999708,0.375,0.053969154209154,1.7578713320230732,2027,21.248192771625373,0.0089167215473359,cutoff_1e-10,complete,0.0301045419998899,0.0480123339998499,1024,0.003017687128856,3.090111619948569,0.003017687128856,3.090111619948569,4096,0.0294360490735143,120.5700570051146,0.0294360490735143,120.5700570051146,32768,0.0303277807987302,993.7807212127934,0.0236739580000175,0.0303277807987302,993.7807212127934,complete,complete,0.0303277807987302,384,0.0,0
131.9468456935374,2382.960223533477,False,1075068928,0.0060013329998582,False,384,1,0.3,384,0.0044609159999708,0.375,0.2181403717341602,7.246378039483975,2027,21.248192771625373,0.0089167215473359,cutoff_1e-10,complete,0.0301045419998899,0.0480123339998499,1024,0.0512792916905425,52.509994691115566,0.0355638475207472,36.41737986124518,4096,0.2113290859081131,865.6039358796315,0.121051612931897,495.8274065690502,32768,0.2163584573045832,7089.633928956585,0.0236739580000175,0.1244605725354075,4078.3240408402353,complete,complete,0.1244605725354075,384,0.0,0
82.59220460480631,2382.960223533477,False,1075068928,0.0060013329998582,False,384,0,0.0,384,0.0044609159999708,0.375,0.053969154209154,1.7578713320230732,2027,21.248192771625373,0.0089167215473359,cutoff_1e-14,complete,0.0301045419998899,0.0480123339998499,1024,0.003017687128856,3.090111619948569,0.003017687128856,3.090111619948569,4096,0.0294360490735143,120.5700570051146,0.0294360490735143,120.5700570051146,32768,0.0303277807987302,993.7807212127934,0.0236739580000175,0.0303277807987302,993.7807212127934,complete,complete,0.0303277807987302,384,0.0,0
131.9468456935374,2382.960223533477,False,1075068928,0.0060013329998582,False,384,1,0.3,384,0.0044609159999708,0.375,0.2181403717341602,7.246378039483975,2027,21.248192771625373,0.0089167215473359,cutoff_1e-14,complete,0.0301045419998899,0.0480123339998499,1024,0.0512792916905425,52.509994691115566,0.0355638475207472,36.41737986124518,4096,0.2113290859081131,865.6039358796315,0.121051612931897,495.8274065690502,32768,0.2163584573045832,7089.633928956585,0.0236739580000175,0.1244605725354075,4078.3240408402353,complete,complete,0.1244605725354075,384,0.0,0
98.29605367830456,5978.447753965139,False,1083588608,0.0062237079998794,False,512,0,0.0,512,0.0057258750000528,0.5,0.0303388268998619,0.9881895470845056,2027,21.05614328889139,0.0035220084134591,cutoff_1e-10,complete,0.0575927909999336,0.0779344159998345,1024,0.0009536314267256,0.9765185809670812,0.0009536314267256,0.9765185809670812,4096,0.0252141480386765,103.27715036641922,0.0252141480386765,103.27715036641922,32768,0.0231435339063597,758.3673190435948,0.0308597920002284,0.0231435339063597,758.3673190435948,complete,complete,0.0231435339063597,512,0.0,0
282.02220551764606,5978.447753965139,False,1083588608,0.0062237079998794,False,512,1,0.3,512,0.0057258750000528,0.5,0.1929332728883749,6.409026539332494,2027,21.05614328889139,0.0035220084134591,cutoff_1e-10,complete,0.0575927909999336,0.0779344159998345,1024,0.0401129113104182,41.07562118186826,0.0431078564894844,44.142445045232066,4096,0.3321770434124294,1360.597169817311,0.2458235296920636,1006.8931776186926,32768,0.3441663167212996,11277.641866323544,0.0308597920002284,0.2519290074846408,8255.20971725671,complete,complete,0.2519290074846408,512,0.0,0
98.29605367830456,5978.447753965139,False,1083588608,0.0062237079998794,False,512,0,0.0,512,0.0057258750000528,0.5,0.0303388268998619,0.9881895470845056,2027,21.05614328889139,0.0035220084134591,cutoff_1e-14,complete,0.0575927909999336,0.0779344159998345,1024,0.0009536314267256,0.9765185809670812,0.0009536314267256,0.9765185809670812,4096,0.0252141480386765,103.27715036641922,0.0252141480386765,103.27715036641922,32768,0.0231435339063597,758.3673190435948,0.0308597920002284,0.0231435339063597,758.3673190435948,complete,complete,0.0231435339063597,512,0.0,0
282.02220551764606,5978.447753965139,False,1083588608,0.0062237079998794,False,512,1,0.3,512,0.0057258750000528,0.5,0.1929332728883749,6.409026539332494,2027,21.05614328889139,0.0035220084134591,cutoff_1e-14,complete,0.0575927909999336,0.0779344159998345,1024,0.0401129113104182,41.07562118186826,0.0431078564894844,44.142445045232066,4096,0.3321770434124294,1360.597169817311,0.2458235296920636,1006.8931776186926,32768,0.3441663167212996,11277.641866323544,0.0308597920002284,0.2519290074846408,8255.20971725671,complete,complete,0.2519290074846408,512,0.0,0
236.08668160809728,37809.3445569509,False,1099595776,0.0074284170000282,False,768,0,0.0,768,0.0069853749998856,0.75,0.0087062538991931,0.2835781728094932,2027,21.063275013198975,0.0005570917787657,cutoff_1e-10,complete,0.0993847499998992,0.1223628750001353,1024,7.853181649801842e-05,0.0804165800939708,7.853181649801842e-05,0.0804165800939708,4096,0.0302943806168659,124.0857830066828,0.0302943806168659,124.0857830066828,32768,0.0281584471405165,922.6959959004467,0.0446583339999051,0.0281584471405165,922.6959959004467,complete,complete,0.0281584471405165,768,0.0,0
1806.017422673718,37809.3445569509,False,1099595776,0.0074284170000282,False,768,1,0.3,768,0.0069853749998856,0.75,0.1384354459324012,4.598669963363008,2027,21.063275013198975,0.0005570917787657,cutoff_1e-10,complete,0.0993847499998992,0.1223628750001353,1024,0.020652114679626,21.147765431937096,0.0611013162280624,62.56774781753596,4096,1.7868786111923165,7319.054791443728,1.6920427414727048,6930.607069072199,32768,1.626006094391728,53280.967701028145,0.0446583339999051,1.533119074131959,50237.24582115603,complete,complete,1.533119074131959,768,0.0,0
236.08668160809728,37809.3445569509,False,1099595776,0.0074284170000282,False,768,0,0.0,768,0.0069853749998856,0.75,0.0087062538991931,0.2835781728094932,2027,21.063275013198975,0.0005570917787657,cutoff_1e-14,complete,0.0993847499998992,0.1223628750001353,1024,7.853181649801842e-05,0.0804165800939708,7.853181649801842e-05,0.0804165800939708,4096,0.0302943806168659,124.0857830066828,0.0302943806168659,124.0857830066828,32768,0.0281584471405165,922.6959959004467,0.0446583339999051,0.0281584471405165,922.6959959004467,complete,complete,0.0281584471405165,768,0.0,0
1806.017422673718,37809.3445569509,False,1099595776,0.0074284170000282,False,768,1,0.3,768,0.0069853749998856,0.75,0.1384354459324012,4.598669963363008,2027,21.063275013198975,0.0005570917787657,cutoff_1e-14,complete,0.0993847499998992,0.1223628750001353,1024,0.020652114679626,21.147765431937096,0.0611013162280624,62.56774781753596,4096,1.7868786111923165,7319.054791443728,1.6920427414727048,6930.607069072199,32768,1.626006094391728,53280.967701028145,0.0446583339999051,1.533119074131959,50237.24582115603,complete,complete,1.533119074131959,768,0.0,0
367.03879998430386,124751.0523732946,False,1105510400,0.0077705420001166,False,896,0,0.0,896,0.008316041999933,0.875,0.0044262150172129,0.1441696947477618,2027,21.05044724365356,0.0001687396366057,cutoff_1e-10,complete,0.1216995409999981,0.1491785420000724,1024,2.0297754769201975e-05,0.0207849008836628,2.0297754769201975e-05,0.0207849008836628,4096,0.0363151312921305,148.74677777256665,0.0363151312921305,148.74677777256665,32768,0.0345400640151834,1131.8088176495305,0.0515971660001923,0.0345400640151834,1131.8088176495305,complete,complete,0.0345400640151834,896,0.0,0
7275.041557547259,124751.0523732946,False,1105510400,0.0077705420001166,False,896,1,0.3,896,0.008316041999933,0.875,0.0915422156881,3.0409295453862772,2027,21.05044724365356,0.0001687396366057,cutoff_1e-10,complete,0.1216995409999981,0.1491785420000724,1024,0.0090305200195343,9.24725250000318,0.0724598971775122,74.19893470977249,4096,13.518046332641209,55369.91777849839,13.47664075882918,55200.32054816432,32768,12.86987942304316,421720.2089342782,0.0515971660001923,12.786243992743708,418979.6431542258,complete,complete,12.786243992743708,896,0.0,0
367.03879998430386,124751.0523732946,False,1105510400,0.0077705420001166,False,896,0,0.0,896,0.008316041999933,0.875,0.0044262150172129,0.1441696947477618,2027,21.05044724365356,0.0001687396366057,cutoff_1e-14,complete,0.1216995409999981,0.1491785420000724,1024,2.0297754769201975e-05,0.0207849008836628,2.0297754769201975e-05,0.0207849008836628,4096,0.0363151312921305,148.74677777256665,0.0363151312921305,148.74677777256665,32768,0.0345400640151834,1131.8088176495305,0.0515971660001923,0.0345400640151834,1131.8088176495305,complete,complete,0.0345400640151834,896,0.0,0
7275.041557547259,124751.0523732946,False,1105510400,0.0077705420001166,False,896,1,0.3,896,0.008316041999933,0.875,0.0915422156881,3.0409295453862772,2027,21.05044724365356,0.0001687396366057,cutoff_1e-14,complete,0.1216995409999981,0.1491785420000724,1024,0.0090305200195343,9.24725250000318,0.0724598971775122,74.19893470977249,4096,13.518046332641209,55369.91777849839,13.47664075882918,55200.32054816432,32768,12.86987942304316,421720.2089342782,0.0515971660001923,12.786243992743708,418979.6431542258,complete,complete,12.786243992743708,896,0.0,0
580.3987299771455,286277.94579739927,False,1107836928,0.0075001249999786,False,960,0,0.0,960,0.0079117080001651,0.9375,0.0026339484320325,0.0857923846787257,2027,20.98113632092425,7.328939105834137e-05,cutoff_1e-10,complete,0.1396127499999693,0.1652439580000191,1024,7.187825457873497e-06,0.0073603332688624,7.187825457873497e-06,0.0073603332688624,4096,0.0738342974159754,302.42528221583535,0.0738342974159754,302.42528221583535,32768,0.0638810263227574,2093.253470544115,0.0553648330001124,0.0638810263227574,2093.253470544115,complete,complete,0.0638810263227574,960,0.0,0
11788.626424209831,286277.94579739927,False,1107836928,0.0075001249999786,False,960,1,0.3,960,0.0079117080001651,0.9375,0.066430635430783,2.206751065415964,2027,20.98113632092425,7.328939105834137e-05,cutoff_1e-10,complete,0.1396127499999693,0.1652439580000191,1024,0.0047556154928852,4.869750264714488,0.0766101485900538,78.44879215621513,4096,27.656020045577954,113279.0581066873,27.580001503166457,112967.6861569698,32768,27.01874528224636,885350.2454086487,0.0553648330001124,26.935357031898995,882617.7792212663,complete,complete,26.935357031898995,960,0.0,0
580.3987299771455,286277.94579739927,False,1107836928,0.0075001249999786,False,960,0,0.0,960,0.0079117080001651,0.9375,0.0026339484320325,0.0857923846787257,2027,20.98113632092425,7.328939105834137e-05,cutoff_1e-14,complete,0.1396127499999693,0.1652439580000191,1024,7.187825457873497e-06,0.0073603332688624,7.187825457873497e-06,0.0073603332688624,4096,0.0738342974159754,302.42528221583535,0.0738342974159754,302.42528221583535,32768,0.0638810263227574,2093.253470544115,0.0553648330001124,0.0638810263227574,2093.253470544115,complete,complete,0.0638810263227574,960,0.0,0
11788.626424209831,286277.94579739927,False,1107836928,0.0075001249999786,False,960,1,0.3,960,0.0079117080001651,0.9375,0.066430635430783,2.206751065415964,2027,20.98113632092425,7.328939105834137e-05,cutoff_1e-14,complete,0.1396127499999693,0.1652439580000191,1024,0.0047556154928852,4.869750264714488,0.0766101485900538,78.44879215621513,4096,27.656020045577954,113279.0581066873,27.580001503166457,112967.6861569698,32768,27.01874528224636,885350.2454086487,0.0553648330001124,26.935357031898995,882617.7792212663,complete,complete,26.935357031898995,960,0.0,0
1079.550115749665,630372.9216761845,False,1108819968,0.0071551670000644,False,992,0,0.0,992,0.0075282079999396,0.96875,0.0012353296623116,0.0402368840274893,2027,21.01544911508804,3.33381215982552e-05,cutoff_1e-10,complete,0.1443672919999699,0.1701912500000162,1024,1.5810613635172124e-06,0.0016190068362416,1.5810613635172124e-06,0.0016190068362416,4096,0.2026314583528422,829.9784534132416,0.2026314583528422,829.9784534132416,32768,0.1942304509550922,6364.543416896461,0.0567464169998856,0.1942304509550922,6364.543416896461,complete,complete,0.1942304509550922,992,0.0,0
22987.75083524237,630372.9216761845,False,1108819968,0.0071551670000644,False,992,1,0.3,992,0.0075282079999396,0.96875,0.0473199663496913,1.571916111903401,2027,21.01544911508804,3.33381215982552e-05,cutoff_1e-10,complete,0.1443672919999699,0.1701912500000162,1024,0.0024130080692006,2.470920262861504,0.0788839173396212,80.77713135577217,4096,79.92892781814116,327388.8883431062,79.85570233610463,327088.95676868455,32768,72.82373583613898,2386288.175878602,0.0567464169998856,72.72528746204362,2383062.2195562455,complete,complete,72.72528746204362,992,0.0,0
1079.550115749665,630372.9216761845,False,1108819968,0.0071551670000644,False,992,0,0.0,992,0.0075282079999396,0.96875,0.0012353296623116,0.0402368840274893,2027,21.01544911508804,3.33381215982552e-05,cutoff_1e-14,complete,0.1443672919999699,0.1701912500000162,1024,1.5810613635172124e-06,0.0016190068362416,1.5810613635172124e-06,0.0016190068362416,4096,0.2026314583528422,829.9784534132416,0.2026314583528422,829.9784534132416,32768,0.1942304509550922,6364.543416896461,0.0567464169998856,0.1942304509550922,6364.543416896461,complete,complete,0.1942304509550922,992,0.0,0
22987.75083524237,630372.9216761845,False,1108819968,0.0071551670000644,False,992,1,0.3,992,0.0075282079999396,0.96875,0.0473199663496913,1.571916111903401,2027,21.01544911508804,3.33381215982552e-05,cutoff_1e-14,complete,0.1443672919999699,0.1701912500000162,1024,0.0024130080692006,2.470920262861504,0.0788839173396212,80.77713135577217,4096,79.92892781814116,327388.8883431062,79.85570233610463,327088.95676868455,32768,72.82373583613898,2386288.175878602,0.0567464169998856,72.72528746204362,2383062.2195562455,complete,complete,72.72528746204362,992,0.0,0
2241.098145801172,4243028.645671181,False,1110261760,0.0077357090001441,False,1023,0,0.0,1023,0.0093564169999353,0.9990234375,0.0002082836625203,0.0067841693026048,2027,21.012235898832262,4.952178656693574e-06,cutoff_1e-10,complete,0.167249166999909,0.1956864579999546,1024,4.494624328750636e-08,4.602495312640651e-05,4.494624328750636e-08,4.602495312640651e-05,4096,0.689600051819362,2824.601812252107,0.689600051819362,2824.601812252107,32768,0.7298434076590272,23915.508782171004,0.0695762499999546,0.7298434076590272,23915.508782171004,complete,complete,0.7298434076590272,1023,0.0,0
86388.62631906269,4243028.645671181,False,1110261760,0.0077357090001441,False,1023,1,0.3,1023,0.0093564169999353,0.9990234375,0.0115162393556683,0.3825565313790477,2027,21.012235898832262,4.952178656693574e-06,cutoff_1e-10,complete,0.167249166999909,0.1956864579999546,1024,0.0001429194333015,0.1463494997007683,0.0811555252061257,83.10325781107275,4096,961.8131565307764,3939586.689150059,961.9877130545786,3940301.672671554,32768,1003.575653519214,32885167.0145176,0.0695762499999546,1003.5326601082932,32883758.20642855,complete,complete,1003.5326601082932,1023,0.0,0
2241.098145801172,4243028.645671181,False,1110261760,0.0077357090001441,False,1023,0,0.0,1023,0.0093564169999353,0.9990234375,0.0002082836625203,0.0067841693026048,2027,21.012235898832262,4.952178656693574e-06,cutoff_1e-14,complete,0.167249166999909,0.1956864579999546,1024,4.494624328750636e-08,4.602495312640651e-05,4.494624328750636e-08,4.602495312640651e-05,4096,0.689600051819362,2824.601812252107,0.689600051819362,2824.601812252107,32768,0.7298434076590272,23915.508782171004,0.0695762499999546,0.7298434076590272,23915.508782171004,complete,complete,0.7298434076590272,1023,0.0,0
86388.62631906269,4243028.645671181,False,1110261760,0.0077357090001441,False,1023,1,0.3,1023,0.0093564169999353,0.9990234375,0.0115162393556683,0.3825565313790477,2027,21.012235898832262,4.952178656693574e-06,cutoff_1e-14,complete,0.167249166999909,0.1956864579999546,1024,0.0001429194333015,0.1463494997007683,0.0811555252061257,83.10325781107275,4096,961.8131565307764,3939586.689150059,961.9877130545786,3940301.672671554,32768,1003.575653519214,32885167.0145176,0.0695762499999546,1003.5326601082932,32883758.20642855,complete,complete,1003.5326601082932,1023,0.0,0
3963.411090541035,7989397.0436940435,False,1110458368,0.0075089169999955,True,1024,0,0.0,1024,0.0080389160000322,1.0,1.665538108460444e-13,5.424953820673266e-12,2027,21.00214904895373,2.6287526998712032e-06,cutoff_1e-10,complete,0.1635454160000335,0.1900158749999718,1024,2.8740355426208454e-26,2.9430123956437463e-23,2.8740355426208454e-26,2.9430123956437463e-23,4096,1.941298697983797,7951.559466941632,1.941298697983797,7951.559466941632,32768,2.195751620559701,71950.38910250028,0.0604432079999242,2.195751620559701,71950.38910250028,complete,complete,2.195751620559701,1024,0.0,0
177661.590733839,7989397.0436940435,False,1110458368,0.0075089169999955,True,1024,1,0.3,1024,0.0080389160000322,1.0,6.598893002433633e-12,2.1920781081281784e-10,2027,21.00214904895373,2.6287526998712032e-06,cutoff_1e-10,complete,0.1635454160000335,0.1900158749999718,1024,4.6925844063816546e-23,4.8052064321348143e-20,0.0812933756387707,83.24441665410129,4096,4014.971917750381,16445324.97510556,4015.8872453810654,16449074.157080844,32768,4703.107953225642,154111441.41129783,0.0604432079999242,4703.161116901574,154113183.47863078,complete,complete,4703.161116901574,1024,0.0,0
3963.411090541035,7989397.0436940435,False,1110458368,0.0075089169999955,True,1024,0,0.0,1024,0.0080389160000322,1.0,1.665538108460444e-13,5.424953820673266e-12,2027,21.00214904895373,2.6287526998712032e-06,cutoff_1e-14,complete,0.1635454160000335,0.1900158749999718,1024,2.8740355426208454e-26,2.9430123956437463e-23,2.8740355426208454e-26,2.9430123956437463e-23,4096,1.941298697983797,7951.559466941632,1.941298697983797,7951.559466941632,32768,2.195751620559701,71950.38910250028,0.0604432079999242,2.195751620559701,71950.38910250028,complete,complete,2.195751620559701,1024,0.0,0
177661.590733839,7989397.0436940435,False,1110458368,0.0075089169999955,True,1024,1,0.3,1024,0.0080389160000322,1.0,6.598893002433633e-12,2.1920781081281784e-10,2027,21.00214904895373,2.6287526998712032e-06,cutoff_1e-14,complete,0.1635454160000335,0.1900158749999718,1024,4.6925844063816546e-23,4.8052064321348143e-20,0.0812933756387707,83.24441665410129,4096,4014.971917750381,16445324.97510556,4015.8872453810654,16449074.157080844,32768,4703.107953225642,154111441.41129783,0.0604432079999242,4703.161116901574,154113183.47863078,complete,complete,4703.161116901574,1024,0.0,0
3646.939609553154,7920103.918687801,False,1124990976,0.0090595419999317,True,1025,0,0.0,1024,0.0095576250000704,1.0009765625,1.398372889500044e-13,4.554749189516576e-12,2027,21.002518512668527,2.6517983511696414e-06,cutoff_1e-10,complete,0.1803721670000868,0.2103888330000245,1024,2.0259511893947176e-26,2.0745740179401912e-23,2.0259511893947176e-26,2.0745740179401912e-23,4096,1.7265370107572229,7071.895596061585,1.7265370107572229,7071.895596061585,32768,1.9018264002354073,62319.047482913826,0.0710727499999848,1.9018264002354073,62319.047482913826,complete,complete,1.9018264002354073,1024,0.0,0
162623.284742173,7920103.918687801,False,1124990976,0.0090595419999317,True,1025,1,0.3,1024,0.0095576250000704,1.0009765625,7.088523768780269e-12,2.3547279470600497e-10,2027,21.002518512668527,2.6517983511696414e-06,cutoff_1e-10,complete,0.1803721670000868,0.2103888330000245,1024,5.414788774087537e-23,5.544743704665638e-20,0.081293375638841,83.2444166541732,4096,3351.1827384165135,13726444.49655404,3351.81676602866,13729041.473653393,32768,4030.574599512083,132073868.47681192,0.0710727499999848,4030.514259736885,132071891.26305825,complete,complete,4030.514259736885,1024,0.0,0
3646.939609553154,7920103.918687801,False,1124990976,0.0090595419999317,True,1025,0,0.0,1024,0.0095576250000704,1.0009765625,1.398372889500044e-13,4.554749189516576e-12,2027,21.002518512668527,2.6517983511696414e-06,cutoff_1e-14,complete,0.1803721670000868,0.2103888330000245,1024,2.0259511893947176e-26,2.0745740179401912e-23,2.0259511893947176e-26,2.0745740179401912e-23,4096,1.7265370107572229,7071.895596061585,1.7265370107572229,7071.895596061585,32768,1.9018264002354073,62319.047482913826,0.0710727499999848,1.9018264002354073,62319.047482913826,complete,complete,1.9018264002354073,1024,0.0,0
162623.284742173,7920103.918687801,False,1124990976,0.0090595419999317,True,1025,1,0.3,1024,0.0095576250000704,1.0009765625,7.088523768780269e-12,2.3547279470600497e-10,2027,21.002518512668527,2.6517983511696414e-06,cutoff_1e-14,complete,0.1803721670000868,0.2103888330000245,1024,5.414788774087537e-23,5.544743704665638e-20,0.081293375638841,83.2444166541732,4096,3351.1827384165135,13726444.49655404,3351.81676602866,13729041.473653393,32768,4030.574599512083,132073868.47681192,0.0710727499999848,4030.514259736885,132071891.26305825,complete,complete,4030.514259736885,1024,0.0,0
683.0663166920872,730931.0150453947,False,1135345664,0.0077522920000774,True,1056,0,0.0,1024,0.025425124999856,1.03125,2.9798786502170166e-14,9.70599470916965e-13,2027,21.038397756730863,2.8783014160952344e-05,cutoff_1e-10,complete,0.1966864169999098,0.2443084999999882,1024,9.199837235784108e-28,9.420633329442926e-25,9.199837235784108e-28,9.420633329442926e-25,4096,0.1081137537886513,442.83393551831585,0.1081137537886513,442.83393551831585,32768,0.1054017413891334,3453.8042618391237,0.0618632919999981,0.1054017413891334,3453.8042618391237,complete,complete,0.1054017413891334,1024,0.0,0
30341.302134553505,730931.0150453947,False,1135345664,0.0077522920000774,True,1056,1,0.3,1024,0.025425124999856,1.03125,1.329074835673084e-12,4.415037264990606e-11,2027,21.038397756730863,2.8783014160952344e-05,cutoff_1e-10,complete,0.1966864169999098,0.2443084999999882,1024,1.9035697315679427e-24,1.9492554051255733e-21,0.0812933756388795,83.24441665421261,4096,220.34372656379253,902527.9040052942,220.1703248036132,901817.6503955995,32768,218.83323407512023,7170727.41417354,0.0618632919999981,218.79773220852525,7169564.089008955,complete,complete,218.79773220852525,1024,0.0,0
683.0663166920872,730931.0150453947,False,1135345664,0.0077522920000774,True,1056,0,0.0,1024,0.025425124999856,1.03125,2.9798786502170166e-14,9.70599470916965e-13,2027,21.038397756730863,2.8783014160952344e-05,cutoff_1e-14,complete,0.1966864169999098,0.2443084999999882,1024,9.199837235784108e-28,9.420633329442926e-25,9.199837235784108e-28,9.420633329442926e-25,4096,0.1081137537886513,442.83393551831585,0.1081137537886513,442.83393551831585,32768,0.1054017413891334,3453.8042618391237,0.0618632919999981,0.1054017413891334,3453.8042618391237,complete,complete,0.1054017413891334,1024,0.0,0
30341.302134553505,730931.0150453947,False,1135345664,0.0077522920000774,True,1056,1,0.3,1024,0.025425124999856,1.03125,1.329074835673084e-12,4.415037264990606e-11,2027,21.038397756730863,2.8783014160952344e-05,cutoff_1e-14,complete,0.1966864169999098,0.2443084999999882,1024,1.9035697315679427e-24,1.9492554051255733e-21,0.0812933756388795,83.24441665421261,4096,220.34372656379253,902527.9040052942,220.1703248036132,901817.6503955995,32768,218.83323407512023,7170727.41417354,0.0618632919999981,218.79773220852525,7169564.089008955,complete,complete,218.79773220852525,1024,0.0,0
415.2951893093557,420510.565906962,False,1157578752,0.0094719159999385,True,1088,0,0.0,1024,0.0102857920001042,1.0625,1.916363483451874e-14,6.241936674124366e-13,2027,21.011472236431384,4.996657382701812e-05,cutoff_1e-10,complete,0.1903864999999314,0.2217457090000607,1024,3.804860687869019e-28,3.896177344377876e-25,3.804860687869019e-28,3.896177344377876e-25,4096,0.0450959473430512,184.71300031713793,0.0450959473430512,184.71300031713793,32768,0.0479593175674801,1571.530918051188,0.0633948750000854,0.0479593175674801,1571.530918051188,complete,complete,0.0479593175674801,1024,0.0,0
18150.570781826464,420510.565906962,False,1157578752,0.0094719159999385,True,1088,1,0.3,1024,0.0102857920001042,1.0625,8.187889667249301e-13,2.719924945703288e-11,2027,21.011472236431384,4.996657382701812e-05,cutoff_1e-10,complete,0.1903864999999314,0.2217457090000607,1024,7.22460127954984e-25,7.397991710259037e-22,0.0812933756389226,83.24441665425678,4096,105.38963771690418,431675.9560884395,105.22060802454573,430983.6104685393,32768,100.27237645023423,3285725.231521276,0.0633948750000854,100.19344123646718,3283138.682436557,complete,complete,100.19344123646718,1024,0.0,0
415.2951893093557,420510.565906962,False,1157578752,0.0094719159999385,True,1088,0,0.0,1024,0.0102857920001042,1.0625,1.916363483451874e-14,6.241936674124366e-13,2027,21.011472236431384,4.996657382701812e-05,cutoff_1e-14,complete,0.1903864999999314,0.2217457090000607,1024,3.804860687869019e-28,3.896177344377876e-25,3.804860687869019e-28,3.896177344377876e-25,4096,0.0450959473430512,184.71300031713793,0.0450959473430512,184.71300031713793,32768,0.0479593175674801,1571.530918051188,0.0633948750000854,0.0479593175674801,1571.530918051188,complete,complete,0.0479593175674801,1024,0.0,0
18150.570781826464,420510.565906962,False,1157578752,0.0094719159999385,True,1088,1,0.3,1024,0.0102857920001042,1.0625,8.187889667249301e-13,2.719924945703288e-11,2027,21.011472236431384,4.996657382701812e-05,cutoff_1e-14,complete,0.1903864999999314,0.2217457090000607,1024,7.22460127954984e-25,7.397991710259037e-22,0.0812933756389226,83.24441665425678,4096,105.38963771690418,431675.9560884395,105.22060802454573,430983.6104685393,32768,100.27237645023423,3285725.231521276,0.0633948750000854,100.19344123646718,3283138.682436557,complete,complete,100.19344123646718,1024,0.0,0
251.31949109067023,214193.2368411156,False,1178075136,0.0083164580000811,True,1152,0,0.0,1024,0.0112623330001042,1.125,1.2734513490367959e-14,4.147857516021983e-13,2027,20.879434211132104,9.747942801116574e-05,cutoff_1e-10,complete,0.2009391249998771,0.2311486249998324,1024,1.680148630197271e-28,1.7204721973220055e-25,1.680148630197271e-28,1.7204721973220055e-25,4096,0.0252664950701209,103.49156380721551,0.0252664950701209,103.49156380721551,32768,0.0254899721542695,835.2554075511048,0.065471584000079,0.0254899721542695,835.2554075511048,complete,complete,0.0254899721542695,1024,0.0,0
10572.246072794238,214193.2368411156,False,1178075136,0.0083164580000811,True,1152,1,0.3,1024,0.0112623330001042,1.125,3.838662567391567e-13,1.2751605724425124e-11,2027,20.879434211132104,9.747942801116574e-05,cutoff_1e-10,complete,0.2009391249998771,0.2311486249998324,1024,1.5879243022577302e-25,1.6260344855119158e-22,0.0812933756389315,83.2444166542659,4096,60.99776504556328,249846.8456266272,60.93714876292397,249598.56133293657,32768,55.33779884865757,1813308.9926728113,0.065471584000079,55.26660052379192,1810975.9659636137,complete,complete,55.26660052379192,1024,0.0,0
251.31949109067023,214193.2368411156,False,1178075136,0.0083164580000811,True,1152,0,0.0,1024,0.0112623330001042,1.125,1.2734513490367959e-14,4.147857516021983e-13,2027,20.879434211132104,9.747942801116574e-05,cutoff_1e-14,complete,0.2009391249998771,0.2311486249998324,1024,1.680148630197271e-28,1.7204721973220055e-25,1.680148630197271e-28,1.7204721973220055e-25,4096,0.0252664950701209,103.49156380721551,0.0252664950701209,103.49156380721551,32768,0.0254899721542695,835.2554075511048,0.065471584000079,0.0254899721542695,835.2554075511048,complete,complete,0.0254899721542695,1024,0.0,0
10572.246072794238,214193.2368411156,False,1178075136,0.0083164580000811,True,1152,1,0.3,1024,0.0112623330001042,1.125,3.838662567391567e-13,1.2751605724425124e-11,2027,20.879434211132104,9.747942801116574e-05,cutoff_1e-14,complete,0.2009391249998771,0.2311486249998324,1024,1.5879243022577302e-25,1.6260344855119158e-22,0.0812933756389315,83.2444166542659,4096,60.99776504556328,249846.8456266272,60.93714876292397,249598.56133293657,32768,55.33779884865757,1813308.9926728113,0.065471584000079,55.26660052379192,1810975.9659636137,complete,complete,55.26660052379192,1024,0.0,0
136.70613313901077,118993.50058575669,False,1194557440,0.0078512920001685,True,1280,0,0.0,1024,0.0122986669998681,1.25,1.090869225682838e-14,3.5531550696208813e-13,2027,20.691978201337392,0.0001738916671875,cutoff_1e-10,complete,0.2240189589999772,0.2549971250000453,1024,1.232901459841071e-28,1.2624910948772567e-25,1.232901459841071e-28,1.2624910948772567e-25,4096,0.0129992573372414,53.244958053340866,0.0129992573372414,53.244958053340866,32768,0.0139721945335051,457.8408704738971,0.073001166999802,0.0139721945335051,457.8408704738971,complete,complete,0.0139721945335051,1024,0.0,0
5992.962944013796,118993.50058575669,False,1194557440,0.0078512920001685,True,1280,1,0.3,1024,0.0122986669998681,1.25,2.545082028665339e-13,8.45447652563882e-12,2027,20.691978201337392,0.0001738916671875,cutoff_1e-10,complete,0.2240189589999772,0.2549971250000453,1024,6.980290363532993e-26,7.147817332257785e-23,0.0812933756389325,83.2444166542669,4096,27.152509492506816,111216.67888130792,27.12166067706126,111090.32213324292,32768,25.293552901027983,828819.141460885,0.073001166999802,25.223967826927293,826538.9777527535,complete,complete,25.223967826927293,1024,0.0,0
136.70613313901077,118993.50058575669,False,1194557440,0.0078512920001685,True,1280,0,0.0,1024,0.0122986669998681,1.25,1.090869225682838e-14,3.5531550696208813e-13,2027,20.691978201337392,0.0001738916671875,cutoff_1e-14,complete,0.2240189589999772,0.2549971250000453,1024,1.232901459841071e-28,1.2624910948772567e-25,1.232901459841071e-28,1.2624910948772567e-25,4096,0.0129992573372414,53.244958053340866,0.0129992573372414,53.244958053340866,32768,0.0139721945335051,457.8408704738971,0.073001166999802,0.0139721945335051,457.8408704738971,complete,complete,0.0139721945335051,1024,0.0,0
5992.962944013796,118993.50058575669,False,1194557440,0.0078512920001685,True,1280,1,0.3,1024,0.0122986669998681,1.25,2.545082028665339e-13,8.45447652563882e-12,2027,20.691978201337392,0.0001738916671875,cutoff_1e-14,complete,0.2240189589999772,0.2549971250000453,1024,6.980290363532993e-26,7.147817332257785e-23,0.0812933756389325,83.2444166542669,4096,27.152509492506816,111216.67888130792,27.12166067706126,111090.32213324292,32768,25.293552901027983,828819.141460885,0.073001166999802,25.223967826927293,826538.9777527535,complete,complete,25.223967826927293,1024,0.0,0
85.51286263090904,69003.48190424978,False,1206861824,0.0083306249998713,True,1536,0,0.0,1024,0.0135322090000045,1.5,6.160738716687836e-15,2.0066621633868873e-13,2027,20.665632607177695,0.0002994868090258,cutoff_1e-10,complete,0.2721863329998086,0.3063951249998808,1024,3.932317419891155e-29,4.026693037968542e-26,3.932317419891155e-29,4.026693037968542e-26,4096,0.0085151730700189,34.878148894797505,0.0085151730700189,34.878148894797505,32768,0.0084442660047629,276.701708444073,0.0898372500000732,0.0084442660047629,276.701708444073,complete,complete,0.0084442660047629,1024,0.0,0
3532.722463573155,69003.48190424978,False,1206861824,0.0083306249998713,True,1536,1,0.3,1024,0.0135322090000045,1.5,1.3033495497845058e-13,4.329580755844459e-12,2027,20.665632607177695,0.0002994868090258,cutoff_1e-10,complete,0.2721863329998086,0.3063951249998808,1024,1.8305927266971369e-26,1.874526952137868e-23,0.0812933756389273,83.24441665426163,4096,18.8428819908164,77180.44463438398,18.757523018862308,76830.81428526001,32768,16.602610555764258,544034.3426912832,0.0898372500000732,16.5232008981893,541432.247031867,complete,complete,16.5232008981893,1024,0.0,0
85.51286263090904,69003.48190424978,False,1206861824,0.0083306249998713,True,1536,0,0.0,1024,0.0135322090000045,1.5,6.160738716687836e-15,2.0066621633868873e-13,2027,20.665632607177695,0.0002994868090258,cutoff_1e-14,complete,0.2721863329998086,0.3063951249998808,1024,3.932317419891155e-29,4.026693037968542e-26,3.932317419891155e-29,4.026693037968542e-26,4096,0.0085151730700189,34.878148894797505,0.0085151730700189,34.878148894797505,32768,0.0084442660047629,276.701708444073,0.0898372500000732,0.0084442660047629,276.701708444073,complete,complete,0.0084442660047629,1024,0.0,0
3532.722463573155,69003.48190424978,False,1206861824,0.0083306249998713,True,1536,1,0.3,1024,0.0135322090000045,1.5,1.3033495497845058e-13,4.329580755844459e-12,2027,20.665632607177695,0.0002994868090258,cutoff_1e-14,complete,0.2721863329998086,0.3063951249998808,1024,1.8305927266971369e-26,1.874526952137868e-23,0.0812933756389273,83.24441665426163,4096,18.8428819908164,77180.44463438398,18.757523018862308,76830.81428526001,32768,16.602610555764258,544034.3426912832,0.0898372500000732,16.5232008981893,541432.247031867,complete,complete,16.5232008981893,1024,0.0,0
50.04479487173533,44931.85603130816,False,1207025664,0.0092888340000172,True,2048,0,0.0,1024,0.0175949160000072,2.0,6.487912983649813e-15,2.1132286406452195e-13,2027,20.68693928384942,0.0004604069609195,cutoff_1e-10,complete,0.3636042919999909,0.4059224579998499,1024,4.3610696168391025e-29,4.465735287643241e-26,4.3610696168391025e-29,4.465735287643241e-26,4096,0.0039512417987796,16.184286407801316,0.0039512417987796,16.184286407801316,32768,0.0039689598237968,130.05487550617414,0.1276053749998027,0.0039689598237968,130.05487550617414,complete,complete,0.0039689598237968,1024,0.0,0
2331.507871004607,44931.85603130816,False,1207025664,0.0092888340000172,True,2048,1,0.3,1024,0.0175949160000072,2.0,1.0812423370919322e-13,3.5917655519591987e-12,2027,20.68693928384942,0.0004604069609195,cutoff_1e-10,complete,0.3636042919999909,0.4059224579998499,1024,1.2598417754141371e-26,1.2900779780240765e-23,0.0812933756389251,83.24441665425931,4096,11.996615325273227,49138.13637231914,11.916419384851444,48809.65380035152,32768,11.254674993825496,368793.19019767386,0.1276053749998027,11.17528840208826,366191.8503596281,complete,complete,11.17528840208826,1024,0.0,0
50.04479487173533,44931.85603130816,False,1207025664,0.0092888340000172,True,2048,0,0.0,1024,0.0175949160000072,2.0,6.487912983649813e-15,2.1132286406452195e-13,2027,20.68693928384942,0.0004604069609195,cutoff_1e-14,complete,0.3636042919999909,0.4059224579998499,1024,4.3610696168391025e-29,4.465735287643241e-26,4.3610696168391025e-29,4.465735287643241e-26,4096,0.0039512417987796,16.184286407801316,0.0039512417987796,16.184286407801316,32768,0.0039689598237968,130.05487550617414,0.1276053749998027,0.0039689598237968,130.05487550617414,complete,complete,0.0039689598237968,1024,0.0,0
2331.507871004607,44931.85603130816,False,1207025664,0.0092888340000172,True,2048,1,0.3,1024,0.0175949160000072,2.0,1.0812423370919322e-13,3.5917655519591987e-12,2027,20.68693928384942,0.0004604069609195,cutoff_1e-14,complete,0.3636042919999909,0.4059224579998499,1024,1.2598417754141371e-26,1.2900779780240765e-23,0.0812933756389251,83.24441665425931,4096,11.996615325273227,49138.13637231914,11.916419384851444,48809.65380035152,32768,11.254674993825496,368793.19019767386,0.1276053749998027,11.17528840208826,366191.8503596281,complete,complete,11.17528840208826,1024,0.0,0
40.46051707333479,30258.399073482386,False,1207140352,0.0109886249999817,True,3072,0,0.0,1024,0.0210829170000579,3.0,1.6269842216233536e-14,5.299376954772544e-13,2027,20.87553401785456,0.0006899087412773,cutoff_1e-10,complete,0.5266100420001294,0.5781345830000646,1024,2.7425191512474926e-28,2.8083396108774324e-25,2.7425191512474926e-28,2.8083396108774324e-25,4096,0.0038499149274706,15.769251542919964,0.0038499149274706,15.769251542919964,32768,0.0039797373675614,130.40803406025273,0.1578595409996523,0.0039797373675614,130.40803406025273,complete,complete,0.0039797373675614,1024,0.0,0
1611.355386737514,30258.399073482386,False,1207140352,0.0109886249999817,True,3072,1,0.3,1024,0.0210829170000579,3.0,8.198553572490885e-14,2.723467375201479e-12,2027,20.87553401785456,0.0006899087412773,cutoff_1e-10,complete,0.5266100420001294,0.5781345830000646,1024,7.24343217166683e-27,7.417274543786834e-24,0.0812933756389274,83.24441665426173,4096,8.990576121417925,36825.39979332782,8.906548328740495,36481.22195452107,32768,8.3783333629363,274541.22763669665,0.1578595409996523,8.287025055772883,271549.23702756583,complete,complete,8.287025055772883,1024,0.0,0
40.46051707333479,30258.399073482386,False,1207140352,0.0109886249999817,True,3072,0,0.0,1024,0.0210829170000579,3.0,1.6269842216233536e-14,5.299376954772544e-13,2027,20.87553401785456,0.0006899087412773,cutoff_1e-14,complete,0.5266100420001294,0.5781345830000646,1024,2.7425191512474926e-28,2.8083396108774324e-25,2.7425191512474926e-28,2.8083396108774324e-25,4096,0.0038499149274706,15.769251542919964,0.0038499149274706,15.769251542919964,32768,0.0039797373675614,130.40803406025273,0.1578595409996523,0.0039797373675614,130.40803406025273,complete,complete,0.0039797373675614,1024,0.0,0
1611.355386737514,30258.399073482386,False,1207140352,0.0109886249999817,True,3072,1,0.3,1024,0.0210829170000579,3.0,8.198553572490885e-14,2.723467375201479e-12,2027,20.87553401785456,0.0006899087412773,cutoff_1e-14,complete,0.5266100420001294,0.5781345830000646,1024,7.24343217166683e-27,7.417274543786834e-24,0.0812933756389274,83.24441665426173,4096,8.990576121417925,36825.39979332782,8.906548328740495,36481.22195452107,32768,8.3783333629363,274541.22763669665,0.1578595409996523,8.287025055772883,271549.23702756583,complete,complete,8.287025055772883,1024,0.0,0
34.88435340146866,24305.3300365698,False,1207173120,0.0129981249999673,True,4096,0,0.0,1024,0.0283715420000589,4.0,1.165212201612072e-14,3.795303363471881e-13,2027,20.89255444633885,0.0008595873586124,cutoff_1e-10,complete,0.6897328750001179,0.7564437500000167,1024,1.406672619216892e-28,1.4404327620780974e-25,1.406672619216892e-28,1.4404327620780974e-25,4096,0.0034531514902698,14.1441085041454,0.0034531514902698,14.1441085041454,32768,0.003673711621746,120.3801824213734,0.2148099169999113,0.003673711621746,120.3801824213734,complete,complete,0.003673711621746,1024,0.0,0
1316.4794859581648,24305.3300365698,False,1207173120,0.0129981249999673,True,4096,1,0.3,1024,0.0283715420000589,4.0,5.278681233079881e-14,1.7535185926721414e-12,2027,20.89255444633885,0.0008595873586124,cutoff_1e-10,complete,0.6897328750001179,0.7564437500000167,1024,3.0027611863739135e-27,3.0748274548468874e-24,0.0812933756389247,83.24441665425894,4096,7.475782748217217,30620.80613669772,7.365805899567266,30170.34096462752,32768,6.893481787930321,225885.61122690077,0.2148099169999113,6.805720532343718,223009.85040383897,complete,complete,6.805720532343718,1024,0.0,0
34.88435340146866,24305.3300365698,False,1207173120,0.0129981249999673,True,4096,0,0.0,1024,0.0283715420000589,4.0,1.165212201612072e-14,3.795303363471881e-13,2027,20.89255444633885,0.0008595873586124,cutoff_1e-14,complete,0.6897328750001179,0.7564437500000167,1024,1.406672619216892e-28,1.4404327620780974e-25,1.406672619216892e-28,1.4404327620780974e-25,4096,0.0034531514902698,14.1441085041454,0.0034531514902698,14.1441085041454,32768,0.003673711621746,120.3801824213734,0.2148099169999113,0.003673711621746,120.3801824213734,complete,complete,0.003673711621746,1024,0.0,0
1316.4794859581648,24305.3300365698,False,1207173120,0.0129981249999673,True,4096,1,0.3,1024,0.0283715420000589,4.0,5.278681233079881e-14,1.7535185926721414e-12,2027,20.89255444633885,0.0008595873586124,cutoff_1e-14,complete,0.6897328750001179,0.7564437500000167,1024,3.0027611863739135e-27,3.0748274548468874e-24,0.0812933756389247,83.24441665425894,4096,7.475782748217217,30620.80613669772,7.365805899567266,30170.34096462752,32768,6.893481787930321,225885.61122690077,0.2148099169999113,6.805720532343718,223009.85040383897,complete,complete,6.805720532343718,1024,0.0,0
28.59995386495954,17866.081166503453,False,1257897984,0.0212619999999787,True,8192,0,0.0,1024,0.0653204580000874,8.0,9.059604015674347e-15,2.950874145056325e-13,2027,20.936508684301515,0.0011718579183192,cutoff_1e-10,complete,1.342105500000116,1.4803322089999256,1024,8.50357248043154e-29,8.707658219961897e-26,8.50357248043154e-29,8.707658219961897e-26,4096,0.0033551424017787,13.742663277685798,0.0033551424017787,13.742663277685798,32768,0.0034268737257115,112.29179824411656,0.4331466659996295,0.0034268737257115,112.29179824411656,complete,complete,0.0034268737257115,1024,0.0,0
924.8362660513072,17866.081166503453,False,1257897984,0.0212619999999787,True,8192,1,0.3,1024,0.0653204580000874,8.0,4.1840258387630616e-14,1.389886370579531e-12,2027,20.936508684301515,0.0011718579183192,cutoff_1e-10,complete,1.342105500000116,1.4803322089999256,1024,1.886507932737052e-27,1.9317841231227412e-24,0.0812933756389261,83.24441665426042,4096,5.738644321604548,23505.48714129223,5.622613062359399,23030.223103424098,32768,4.895700420307191,160422.31137262605,0.4331466659996295,4.804235062096065,157425.17451476387,complete,complete,4.804235062096065,1024,0.0,0
28.59995386495954,17866.081166503453,False,1257897984,0.0212619999999787,True,8192,0,0.0,1024,0.0653204580000874,8.0,9.059604015674347e-15,2.950874145056325e-13,2027,20.936508684301515,0.0011718579183192,cutoff_1e-14,complete,1.342105500000116,1.4803322089999256,1024,8.50357248043154e-29,8.707658219961897e-26,8.50357248043154e-29,8.707658219961897e-26,4096,0.0033551424017787,13.742663277685798,0.0033551424017787,13.742663277685798,32768,0.0034268737257115,112.29179824411656,0.4331466659996295,0.0034268737257115,112.29179824411656,complete,complete,0.0034268737257115,1024,0.0,0
924.8362660513072,17866.081166503453,False,1257897984,0.0212619999999787,True,8192,1,0.3,1024,0.0653204580000874,8.0,4.1840258387630616e-14,1.389886370579531e-12,2027,20.936508684301515,0.0011718579183192,cutoff_1e-14,complete,1.342105500000116,1.4803322089999256,1024,1.886507932737052e-27,1.9317841231227412e-24,0.0812933756389261,83.24441665426042,4096,5.738644321604548,23505.48714129223,5.622613062359399,23030.223103424098,32768,4.895700420307191,160422.31137262605,0.4331466659996295,4.804235062096065,157425.17451476387,complete,complete,4.804235062096065,1024,0.0,0
15.35269001882121,72.89035241308638,False,1257930752,0.0055167079999591,False,64,0,0.0,64,0.0007217079999009,0.0625,0.3452158312187393,11.244293559023507,2028,21.056934888395237,0.2888850745165937,cutoff_1e-10,complete,0.0028596249999282,0.0154075420000481,1024,0.1234708375405247,126.43413764149736,0.1234708375405247,126.43413764149736,4096,0.1690083591269783,692.2582389841032,0.1690083591269783,692.2582389841032,32768,0.1705147521241341,5587.427397603627,0.0080152499999712,0.1705147521241341,5587.427397603627,complete,complete,0.1705147521241341,64,0.0,0
14.65067051522753,72.89035241308638,False,1257930752,0.0055167079999591,False,64,1,0.3,64,0.0007217079999009,0.0625,0.423487412544814,14.067776000686406,2028,21.056934888395237,0.2888850745165937,cutoff_1e-10,complete,0.0028596249999282,0.0154075420000481,1024,0.1932639859428599,197.90232160548857,0.1300639976067427,133.18553354930452,4096,0.2574217270913342,1054.3993941661051,0.1701627074890189,696.9864498750217,32768,0.2668790289195868,8745.09201963702,0.0080152499999712,0.1735294558342611,5686.213208777068,complete,complete,0.1735294558342611,64,0.0,0
15.35269001882121,72.89035241308638,False,1257930752,0.0055167079999591,False,64,0,0.0,64,0.0007217079999009,0.0625,0.3452158312187393,11.244293559023507,2028,21.056934888395237,0.2888850745165937,cutoff_1e-14,complete,0.0028596249999282,0.0154075420000481,1024,0.1234708375405247,126.43413764149736,0.1234708375405247,126.43413764149736,4096,0.1690083591269783,692.2582389841032,0.1690083591269783,692.2582389841032,32768,0.1705147521241341,5587.427397603627,0.0080152499999712,0.1705147521241341,5587.427397603627,complete,complete,0.1705147521241341,64,0.0,0
14.65067051522753,72.89035241308638,False,1257930752,0.0055167079999591,False,64,1,0.3,64,0.0007217079999009,0.0625,0.423487412544814,14.067776000686406,2028,21.056934888395237,0.2888850745165937,cutoff_1e-14,complete,0.0028596249999282,0.0154075420000481,1024,0.1932639859428599,197.90232160548857,0.1300639976067427,133.18553354930452,4096,0.2574217270913342,1054.3993941661051,0.1701627074890189,696.9864498750217,32768,0.2668790289195868,8745.09201963702,0.0080152499999712,0.1735294558342611,5686.213208777068,complete,complete,0.1735294558342611,64,0.0,0
18.37823461488705,204.241216778381,False,1257996288,0.0053192499999568,False,128,0,0.0,128,0.0011805829999502,0.125,0.1942746896980022,6.327872144045396,2028,21.018708034181245,0.1029111967002641,cutoff_1e-10,complete,0.0067171249997954,0.0194297919999826,1024,0.0391034822962751,40.04196587138577,0.0391034822962751,40.04196587138577,4096,0.0673884185610291,276.0229624259753,0.0673884185610291,276.0229624259753,32768,0.0634247318172511,2078.301612187686,0.0113058329998239,0.0634247318172511,2078.301612187686,complete,complete,0.0634247318172511,128,0.0,0
19.85745566256812,204.241216778381,False,1257996288,0.0053192499999568,False,128,1,0.3,128,0.0011805829999502,0.125,0.315715229364633,10.487705171725718,2028,21.018708034181245,0.1029111967002641,cutoff_1e-10,complete,0.0067171249997954,0.0194297919999826,1024,0.1074140232119556,109.99195976904254,0.0514678755222018,52.70310453473469,4096,0.1707753920346794,699.496005774047,0.0793030471579344,324.8252811588993,32768,0.1686987019323321,5527.91906491866,0.0113058329998239,0.0760298177974002,2491.3450695852107,complete,complete,0.0760298177974002,128,0.0,0
18.37823461488705,204.241216778381,False,1257996288,0.0053192499999568,False,128,0,0.0,128,0.0011805829999502,0.125,0.1942746896980022,6.327872144045396,2028,21.018708034181245,0.1029111967002641,cutoff_1e-14,complete,0.0067171249997954,0.0194297919999826,1024,0.0391034822962751,40.04196587138577,0.0391034822962751,40.04196587138577,4096,0.0673884185610291,276.0229624259753,0.0673884185610291,276.0229624259753,32768,0.0634247318172511,2078.301612187686,0.0113058329998239,0.0634247318172511,2078.301612187686,complete,complete,0.0634247318172511,128,0.0,0
19.85745566256812,204.241216778381,False,1257996288,0.0053192499999568,False,128,1,0.3,128,0.0011805829999502,0.125,0.315715229364633,10.487705171725718,2028,21.018708034181245,0.1029111967002641,cutoff_1e-14,complete,0.0067171249997954,0.0194297919999826,1024,0.1074140232119556,109.99195976904254,0.0514678755222018,52.70310453473469,4096,0.1707753920346794,699.496005774047,0.0793030471579344,324.8252811588993,32768,0.1686987019323321,5527.91906491866,0.0113058329998239,0.0760298177974002,2491.3450695852107,complete,complete,0.0760298177974002,128,0.0,0
51.85693806309871,1069.0443767118452,False,1262567424,0.0054756250001446,False,256,0,0.0,256,0.0025780829998893,0.25,0.0866300281647067,2.8216940812694715,2028,20.72362441042987,0.0193851863045866,cutoff_1e-10,complete,0.01649329199995,0.0308494159999099,1024,0.0077753491096398,7.961957488271169,0.0077753491096398,7.961957488271169,4096,0.0333130976417114,136.45044794045012,0.0333130976417114,136.45044794045012,32768,0.0309047423406946,1012.6865970198822,0.0177686669999275,0.0309047423406946,1012.6865970198822,complete,complete,0.0309047423406946,256,0.0,0
65.41036456989536,1069.0443767118452,False,1262567424,0.0054756250001446,False,256,1,0.3,256,0.0025780829998893,0.25,0.2465877144557862,8.191366800348838,2028,20.72362441042987,0.0193851863045866,cutoff_1e-10,complete,0.01649329199995,0.0308494159999099,1024,0.0655258691971262,67.09849005785728,0.0321280539910579,32.89912728684338,4096,0.168668989244418,690.8681799451363,0.0777290073658809,318.37801417064844,32768,0.1646126307962951,5394.026685933,0.0177686669999275,0.072903574109034,2388.904316404826,complete,complete,0.072903574109034,256,0.0,0
51.85693806309871,1069.0443767118452,False,1262567424,0.0054756250001446,False,256,0,0.0,256,0.0025780829998893,0.25,0.0866300281647067,2.8216940812694715,2028,20.72362441042987,0.0193851863045866,cutoff_1e-14,complete,0.01649329199995,0.0308494159999099,1024,0.0077753491096398,7.961957488271169,0.0077753491096398,7.961957488271169,4096,0.0333130976417114,136.45044794045012,0.0333130976417114,136.45044794045012,32768,0.0309047423406946,1012.6865970198822,0.0177686669999275,0.0309047423406946,1012.6865970198822,complete,complete,0.0309047423406946,256,0.0,0
65.41036456989536,1069.0443767118452,False,1262567424,0.0054756250001446,False,256,1,0.3,256,0.0025780829998893,0.25,0.2465877144557862,8.191366800348838,2028,20.72362441042987,0.0193851863045866,cutoff_1e-14,complete,0.01649329199995,0.0308494159999099,1024,0.0655258691971262,67.09849005785728,0.0321280539910579,32.89912728684338,4096,0.168668989244418,690.8681799451363,0.0777290073658809,318.37801417064844,32768,0.1646126307962951,5394.026685933,0.0177686669999275,0.072903574109034,2388.904316404826,complete,complete,0.072903574109034,256,0.0,0
82.64556442756803,3120.6079546791425,False,1262649344,0.005981249999877,False,384,0,0.0,384,0.0030260000000907,0.375,0.0502897720090272,1.6380273103047949,2028,20.846712867162186,0.0066803370272462,cutoff_1e-10,complete,0.0303016249999927,0.0465426659998229,1024,0.0026202475286175,2.6831334693043596,0.0026202475286175,2.6831334693043596,4096,0.0233335798391833,95.5743430212948,0.0233335798391833,95.5743430212948,32768,0.0220270209348062,721.7814219917316,0.0233629160002237,0.0220270209348062,721.7814219917316,complete,complete,0.0220270209348062,384,0.0,0
151.8803146154271,3120.6079546791425,False,1262649344,0.005981249999877,False,384,1,0.3,384,0.0030260000000907,0.375,0.2181019300063127,7.245101048479243,2028,20.846712867162186,0.0066803370272462,cutoff_1e-10,complete,0.0303016249999927,0.0465426659998229,1024,0.0512612199244872,52.49148920267497,0.0363287156935648,37.20060487021044,4096,0.2036820814676108,834.2818056913342,0.1137621128971951,465.96961442691145,32768,0.2038328699168954,6679.195481436828,0.0233629160002237,0.1115757048156838,3656.112695400327,complete,complete,0.1115757048156838,384,0.0,0
82.64556442756803,3120.6079546791425,False,1262649344,0.005981249999877,False,384,0,0.0,384,0.0030260000000907,0.375,0.0502897720090272,1.6380273103047949,2028,20.846712867162186,0.0066803370272462,cutoff_1e-14,complete,0.0303016249999927,0.0465426659998229,1024,0.0026202475286175,2.6831334693043596,0.0026202475286175,2.6831334693043596,4096,0.0233335798391833,95.5743430212948,0.0233335798391833,95.5743430212948,32768,0.0220270209348062,721.7814219917316,0.0233629160002237,0.0220270209348062,721.7814219917316,complete,complete,0.0220270209348062,384,0.0,0
151.8803146154271,3120.6079546791425,False,1262649344,0.005981249999877,False,384,1,0.3,384,0.0030260000000907,0.375,0.2181019300063127,7.245101048479243,2028,20.846712867162186,0.0066803370272462,cutoff_1e-14,complete,0.0303016249999927,0.0465426659998229,1024,0.0512612199244872,52.49148920267497,0.0363287156935648,37.20060487021044,4096,0.2036820814676108,834.2818056913342,0.1137621128971951,465.96961442691145,32768,0.2038328699168954,6679.195481436828,0.0233629160002237,0.1115757048156838,3656.112695400327,complete,complete,0.1115757048156838,384,0.0,0
92.42981809173529,7123.436816038368,False,1262682112,0.0064211669998712,False,512,0,0.0,512,0.0043682499999704,0.5,0.0265742396730781,0.865570246118307,2028,20.80843274176736,0.0029211226658061,cutoff_1e-10,complete,0.0502936249999947,0.0707797080001455,1024,0.0007316521982083,0.7492118509653068,0.0007316521982083,0.7492118509653068,4096,0.0204993146726442,83.96519289915096,0.0204993146726442,83.96519289915096,32768,0.0184617093017208,604.95329039879,0.0301929160000327,0.0184617093017208,604.95329039879,complete,complete,0.0184617093017208,512,0.0,0
345.0596470546887,7123.436816038368,False,1262682112,0.0064211669998712,False,512,1,0.3,512,0.0043682499999704,0.5,0.1864298817604905,6.1929911934832305,2028,20.80843274176736,0.0029211226658061,cutoff_1e-10,complete,0.0502936249999947,0.0707797080001455,1024,0.0374542382056258,38.3531399225609,0.0449783783389543,46.05785941908926,4096,0.3296586040996959,1350.2816423923543,0.2445097305580806,1001.5118563658982,32768,0.335302306272214,10987.18597192791,0.0301929160000327,0.2451105555571537,8031.782684496812,complete,complete,0.2451105555571537,512,0.0,0
92.42981809173529,7123.436816038368,False,1262682112,0.0064211669998712,False,512,0,0.0,512,0.0043682499999704,0.5,0.0265742396730781,0.865570246118307,2028,20.80843274176736,0.0029211226658061,cutoff_1e-14,complete,0.0502936249999947,0.0707797080001455,1024,0.0007316521982083,0.7492118509653068,0.0007316521982083,0.7492118509653068,4096,0.0204993146726442,83.96519289915096,0.0204993146726442,83.96519289915096,32768,0.0184617093017208,604.95329039879,0.0301929160000327,0.0184617093017208,604.95329039879,complete,complete,0.0184617093017208,512,0.0,0
345.0596470546887,7123.436816038368,False,1262682112,0.0064211669998712,False,512,1,0.3,512,0.0043682499999704,0.5,0.1864298817604905,6.1929911934832305,2028,20.80843274176736,0.0029211226658061,cutoff_1e-14,complete,0.0502936249999947,0.0707797080001455,1024,0.0374542382056258,38.3531399225609,0.0449783783389543,46.05785941908926,4096,0.3296586040996959,1350.2816423923543,0.2445097305580806,1001.5118563658982,32768,0.335302306272214,10987.18597192791,0.0301929160000327,0.2451105555571537,8031.782684496812,complete,complete,0.2451105555571537,512,0.0,0
209.41944092429443,45576.80681638034,False,1262764032,0.0066181249999317,False,768,0,0.0,768,0.0060244589999456,0.75,0.00886657809033,0.288800216837405,2028,20.835098253133747,0.0004571425623798,cutoff_1e-10,complete,0.1010253749998355,0.1226488330000847,1024,8.145074730989473e-05,0.0834055652453322,8.145074730989473e-05,0.0834055652453322,4096,0.018754362533367,76.81786893667152,0.018754362533367,76.81786893667152,32768,0.0188279907462017,616.955600771538,0.042729374999908,0.0188279907462017,616.955600771538,complete,complete,0.0188279907462017,768,0.0,0
1935.9185960430304,45576.80681638034,False,1262764032,0.0066181249999317,False,768,1,0.3,768,0.0060244589999456,0.75,0.128730925747418,4.276296707128299,2028,20.835098253133747,0.0004571425623798,cutoff_1e-10,complete,0.1010253749998355,0.1226488330000847,1024,0.0178581186790979,18.28671352739634,0.0635213828811677,65.04589607031582,4096,1.7017297176105253,6970.2849233327115,1.59400231704226,6529.033490605097,32768,1.6217276048835725,53140.770156824896,0.042729374999908,1.5248166650635264,49965.192480801634,complete,complete,1.5248166650635264,768,0.0,0
209.41944092429443,45576.80681638034,False,1262764032,0.0066181249999317,False,768,0,0.0,768,0.0060244589999456,0.75,0.00886657809033,0.288800216837405,2028,20.835098253133747,0.0004571425623798,cutoff_1e-14,complete,0.1010253749998355,0.1226488330000847,1024,8.145074730989473e-05,0.0834055652453322,8.145074730989473e-05,0.0834055652453322,4096,0.018754362533367,76.81786893667152,0.018754362533367,76.81786893667152,32768,0.0188279907462017,616.955600771538,0.042729374999908,0.0188279907462017,616.955600771538,complete,complete,0.0188279907462017,768,0.0,0
1935.9185960430304,45576.80681638034,False,1262764032,0.0066181249999317,False,768,1,0.3,768,0.0060244589999456,0.75,0.128730925747418,4.276296707128299,2028,20.835098253133747,0.0004571425623798,cutoff_1e-14,complete,0.1010253749998355,0.1226488330000847,1024,0.0178581186790979,18.28671352739634,0.0635213828811677,65.04589607031582,4096,1.7017297176105253,6970.2849233327115,1.59400231704226,6529.033490605097,32768,1.6217276048835725,53140.770156824896,0.042729374999908,1.5248166650635264,49965.192480801634,complete,complete,1.5248166650635264,768,0.0,0
311.48026996596946,115808.16711141786,False,1262796800,0.0071901659998729,False,896,0,0.0,896,0.0066546670000207,0.875,0.0041061236096901,0.1337437483501115,2028,20.86214302295684,0.0001801439703547,cutoff_1e-10,complete,0.1227217079999718,0.1591309160000946,1024,1.746815451439257e-05,0.0178873902227379,1.746815451439257e-05,0.0178873902227379,4096,0.0255647689751304,104.7132937221345,0.0255647689751304,104.7132937221345,32768,0.0220306934454113,721.901762819238,0.0498854170000413,0.0220306934454113,721.901762819238,complete,complete,0.0220306934454113,896,0.0,0
5473.097824454416,115808.16711141786,False,1262796800,0.0071901659998729,False,896,1,0.3,896,0.0066546670000207,0.875,0.0915519801597722,3.041253910163553,2028,20.86214302295684,0.0001801439703547,cutoff_1e-10,complete,0.1227217079999718,0.1591309160000946,1024,0.0090324466270362,9.249225346085089,0.0723053934929948,74.04072293682677,4096,7.977024668929346,32673.8930439346,7.886035328941114,32301.200707342803,32768,7.772436595846267,254687.2023726905,0.0498854170000413,7.670138732567295,251335.1059887651,complete,complete,7.670138732567295,896,0.0,0
311.48026996596946,115808.16711141786,False,1262796800,0.0071901659998729,False,896,0,0.0,896,0.0066546670000207,0.875,0.0041061236096901,0.1337437483501115,2028,20.86214302295684,0.0001801439703547,cutoff_1e-14,complete,0.1227217079999718,0.1591309160000946,1024,1.746815451439257e-05,0.0178873902227379,1.746815451439257e-05,0.0178873902227379,4096,0.0255647689751304,104.7132937221345,0.0255647689751304,104.7132937221345,32768,0.0220306934454113,721.901762819238,0.0498854170000413,0.0220306934454113,721.901762819238,complete,complete,0.0220306934454113,896,0.0,0
5473.097824454416,115808.16711141786,False,1262796800,0.0071901659998729,False,896,1,0.3,896,0.0066546670000207,0.875,0.0915519801597722,3.041253910163553,2028,20.86214302295684,0.0001801439703547,cutoff_1e-14,complete,0.1227217079999718,0.1591309160000946,1024,0.0090324466270362,9.249225346085089,0.0723053934929948,74.04072293682677,4096,7.977024668929346,32673.8930439346,7.886035328941114,32301.200707342803,32768,7.772436595846267,254687.2023726905,0.0498854170000413,7.670138732567295,251335.1059887651,complete,complete,7.670138732567295,896,0.0,0
437.80642636920015,290424.1734454621,False,1262829568,0.0121054999999614,False,960,0,0.0,960,0.0075397079999675,0.9375,0.0019439662781876,0.0633184388549506,2028,20.82549226129719,7.170715858199024e-05,cutoff_1e-10,complete,0.1378711249999469,0.1664964169999621,1024,3.915258495144644e-06,0.0040092246990281,3.915258495144644e-06,0.0040092246990281,4096,0.0385788115253338,158.01881200776745,0.0385788115253338,158.01881200776745,32768,0.0425401094523876,1393.9543065358378,0.0529435840003316,0.0425401094523876,1393.9543065358378,complete,complete,0.0425401094523876,960,0.0,0
10716.030461488965,290424.1734454621,False,1262829568,0.0121054999999614,False,960,1,0.3,960,0.0075397079999675,0.9375,0.0647737299655338,2.1517105276125568,2028,20.82549226129719,7.170715858199024e-05,cutoff_1e-10,complete,0.1378711249999469,0.1664964169999621,1024,0.0045213458932018,4.629858194638702,0.0767512121778258,78.5932412700937,4096,22.58189611042222,92495.44646828942,22.556975216216543,92393.37048562296,32768,22.246280838888097,728966.1305286852,0.0529435840003316,22.17235858081502,726543.8459761465,complete,complete,22.17235858081502,960,0.0,0
437.80642636920015,290424.1734454621,False,1262829568,0.0121054999999614,False,960,0,0.0,960,0.0075397079999675,0.9375,0.0019439662781876,0.0633184388549506,2028,20.82549226129719,7.170715858199024e-05,cutoff_1e-14,complete,0.1378711249999469,0.1664964169999621,1024,3.915258495144644e-06,0.0040092246990281,3.915258495144644e-06,0.0040092246990281,4096,0.0385788115253338,158.01881200776745,0.0385788115253338,158.01881200776745,32768,0.0425401094523876,1393.9543065358378,0.0529435840003316,0.0425401094523876,1393.9543065358378,complete,complete,0.0425401094523876,960,0.0,0
10716.030461488965,290424.1734454621,False,1262829568,0.0121054999999614,False,960,1,0.3,960,0.0075397079999675,0.9375,0.0647737299655338,2.1517105276125568,2028,20.82549226129719,7.170715858199024e-05,cutoff_1e-14,complete,0.1378711249999469,0.1664964169999621,1024,0.0045213458932018,4.629858194638702,0.0767512121778258,78.5932412700937,4096,22.58189611042222,92495.44646828942,22.556975216216543,92393.37048562296,32768,22.246280838888097,728966.1305286852,0.0529435840003316,22.17235858081502,726543.8459761465,complete,complete,22.17235858081502,960,0.0,0
631.1668107409073,582204.5529739907,False,1262977024,0.0076186249998499,False,992,0,0.0,992,0.0077345839999907,0.96875,0.0012223163244906,0.039813016471574,2028,20.78480701257904,3.5700179441069365e-05,cutoff_1e-10,complete,0.1424002500000369,0.168212417000177,1024,1.5479260552400648e-06,0.0015850762805658,1.5479260552400648e-06,0.0015850762805658,4096,0.0635659531164976,260.36614396517433,0.0635659531164976,260.36614396517433,32768,0.0663332728579896,2173.608685010606,0.0556538750001891,0.0663332728579896,2173.608685010606,complete,complete,0.0663332728579896,992,0.0,0
22009.12574066993,582204.5529739907,False,1262977024,0.0076186249998499,False,992,1,0.3,992,0.0077345839999907,0.96875,0.0420210098124171,1.3958907298128345,2028,20.78480701257904,3.5700179441069365e-05,cutoff_1e-10,complete,0.1424002500000369,0.168212417000177,1024,0.0019028427046654,1.9485109295774088,0.0793757466241503,81.28076454312998,4096,86.8508220783186,355740.967232793,86.75121845850958,355332.99080605526,32768,95.4545020030956,3127853.121637437,0.0556538750001891,95.36477151740036,3124912.833082175,complete,complete,95.36477151740036,992,0.0,0
631.1668107409073,582204.5529739907,False,1262977024,0.0076186249998499,False,992,0,0.0,992,0.0077345839999907,0.96875,0.0012223163244906,0.039813016471574,2028,20.78480701257904,3.5700179441069365e-05,cutoff_1e-14,complete,0.1424002500000369,0.168212417000177,1024,1.5479260552400648e-06,0.0015850762805658,1.5479260552400648e-06,0.0015850762805658,4096,0.0635659531164976,260.36614396517433,0.0635659531164976,260.36614396517433,32768,0.0663332728579896,2173.608685010606,0.0556538750001891,0.0663332728579896,2173.608685010606,complete,complete,0.0663332728579896,992,0.0,0
22009.12574066993,582204.5529739907,False,1262977024,0.0076186249998499,False,992,1,0.3,992,0.0077345839999907,0.96875,0.0420210098124171,1.3958907298128345,2028,20.78480701257904,3.5700179441069365e-05,cutoff_1e-14,complete,0.1424002500000369,0.168212417000177,1024,0.0019028427046654,1.9485109295774088,0.0793757466241503,81.28076454312998,4096,86.8508220783186,355740.967232793,86.75121845850958,355332.99080605526,32768,95.4545020030956,3127853.121637437,0.0556538750001891,95.36477151740036,3124912.833082175,complete,complete,95.36477151740036,992,0.0,0
1360.353443596515,11771855.889337815,False,1263026176,0.00732020800001,False,1023,0,0.0,1023,0.0091165000001183,0.9990234375,0.0001836543105115,0.005981947506525,2028,20.816716541664373,1.768346192593031e-06,cutoff_1e-10,complete,0.16636625000001,0.193397042000015,1024,3.4945015596505696e-08,3.5783695970821826e-05,3.4945015596505696e-08,3.5783695970821826e-05,4096,0.2743683537206843,1123.8127768399231,0.2743683537206843,1123.8127768399231,32768,0.2613014767777309,8562.326791052688,0.0666096249997281,0.2613014767777309,8562.326791052688,complete,complete,0.2613014767777309,1023,0.0,0
313584.92990745057,11771855.889337815,False,1263026176,0.00732020800001,False,1023,1,0.3,1023,0.0091165000001183,0.9990234375,0.0089560604189431,0.2975102638002809,2028,20.816716541664373,1.768346192593031e-06,cutoff_1e-10,complete,0.16636625000001,0.193397042000015,1024,8.643784869776643e-05,0.0885123570665128,0.0812034618316853,83.15234491564584,4096,13909.442114805552,56973074.90224354,13910.33694170316,56976740.11321615,32768,13142.356621311625,430648741.7671393,0.0666096249997281,13142.200302021116,430643619.4966279,complete,complete,13142.200302021116,1023,0.0,0
1360.353443596515,11771855.889337815,False,1263026176,0.00732020800001,False,1023,0,0.0,1023,0.0091165000001183,0.9990234375,0.0001836543105115,0.005981947506525,2028,20.816716541664373,1.768346192593031e-06,cutoff_1e-14,complete,0.16636625000001,0.193397042000015,1024,3.4945015596505696e-08,3.5783695970821826e-05,3.4945015596505696e-08,3.5783695970821826e-05,4096,0.2743683537206843,1123.8127768399231,0.2743683537206843,1123.8127768399231,32768,0.2613014767777309,8562.326791052688,0.0666096249997281,0.2613014767777309,8562.326791052688,complete,complete,0.2613014767777309,1023,0.0,0
313584.92990745057,11771855.889337815,False,1263026176,0.00732020800001,False,1023,1,0.3,1023,0.0091165000001183,0.9990234375,0.0089560604189431,0.2975102638002809,2028,20.816716541664373,1.768346192593031e-06,cutoff_1e-14,complete,0.16636625000001,0.193397042000015,1024,8.643784869776643e-05,0.0885123570665128,0.0812034618316853,83.15234491564584,4096,13909.442114805552,56973074.90224354,13910.33694170316,56976740.11321615,32768,13142.356621311625,430648741.7671393,0.0666096249997281,13142.200302021116,430643619.4966279,complete,complete,13142.200302021116,1023,0.0,0
2091.564664372431,11776436.511170955,False,1263058944,0.0075175410001975,True,1024,0,0.0,1024,0.0083346660001097,1.0,1.9397631401732673e-13,6.318153517490686e-12,2028,20.810285656957184,1.7671122870842e-06,cutoff_1e-10,complete,0.1676099999999678,0.1938708330001191,1024,3.898346081111321e-26,3.991906387057993e-23,3.898346081111321e-26,3.991906387057993e-23,4096,0.6669565160777826,2731.8538898545976,0.6669565160777826,2731.8538898545976,32768,0.6293214998073484,20621.606905687193,0.0588128750000578,0.6293214998073484,20621.606905687193,complete,complete,0.6293214998073484,1024,0.0,0
337385.3834157839,11776436.511170955,False,1263058944,0.0075175410001975,True,1024,1,0.3,1024,0.0083346660001097,1.0,2.930165558088485e-11,9.733680741160875e-10,2028,20.810285656957184,1.7671122870842e-06,cutoff_1e-10,complete,0.1676099999999678,0.1938708330001191,1024,9.252396559652945e-22,9.474454077084616e-19,0.0812933756394911,83.24441665483894,4096,15571.508412326912,63780898.45689103,15572.869058696411,63786471.6644205,32768,14830.62513832602,485969924.53266704,0.0588128750000578,14830.320320895453,485959936.2751022,complete,complete,14830.320320895453,1024,0.0,0
2091.564664372431,11776436.511170955,False,1263058944,0.0075175410001975,True,1024,0,0.0,1024,0.0083346660001097,1.0,1.9397631401732673e-13,6.318153517490686e-12,2028,20.810285656957184,1.7671122870842e-06,cutoff_1e-14,complete,0.1676099999999678,0.1938708330001191,1024,3.898346081111321e-26,3.991906387057993e-23,3.898346081111321e-26,3.991906387057993e-23,4096,0.6669565160777826,2731.8538898545976,0.6669565160777826,2731.8538898545976,32768,0.6293214998073484,20621.606905687193,0.0588128750000578,0.6293214998073484,20621.606905687193,complete,complete,0.6293214998073484,1024,0.0,0
337385.3834157839,11776436.511170955,False,1263058944,0.0075175410001975,True,1024,1,0.3,1024,0.0083346660001097,1.0,2.930165558088485e-11,9.733680741160875e-10,2028,20.810285656957184,1.7671122870842e-06,cutoff_1e-14,complete,0.1676099999999678,0.1938708330001191,1024,9.252396559652945e-22,9.474454077084616e-19,0.0812933756394911,83.24441665483894,4096,15571.508412326912,63780898.45689103,15572.869058696411,63786471.6644205,32768,14830.62513832602,485969924.53266704,0.0588128750000578,14830.320320895453,485959936.2751022,complete,complete,14830.320320895453,1024,0.0,0
2079.472764611846,11564740.80459064,False,1263091712,0.0076057090000176,True,1025,0,0.0,1024,0.0092709159998776,1.0009765625,7.857552920196949e-14,2.5593447258296207e-12,2028,20.811380747933704,1.7995544474003774e-06,cutoff_1e-10,complete,0.1791241249998165,0.206684333000112,1024,6.39672404846865e-27,6.550245425631897e-24,6.39672404846865e-27,6.550245425631897e-24,4096,0.6749681847608444,2764.6696847804187,0.6749681847608444,2764.6696847804187,32768,0.6299483136546157,20642.146341834447,0.0681589169998915,0.6299483136546157,20642.146341834447,complete,complete,0.6299483136546157,1024,0.0,0
327379.8156069192,11564740.80459064,False,1263091712,0.0076057090000176,True,1025,1,0.3,1024,0.0092709159998776,1.0009765625,1.1899126360168692e-11,3.952756074444178e-10,2028,20.811380747933704,1.7995544474003774e-06,cutoff_1e-10,complete,0.1791241249998165,0.206684333000112,1024,1.5258086507866551e-22,1.5624280584055348e-19,0.0812933756393071,83.2444166546505,4096,13514.47763576379,55355300.39608848,13515.818067570975,55360790.80477072,32768,13139.710167356712,430562022.76394475,0.0681589169998915,13139.36020398363,430550555.1641356,complete,complete,13139.36020398363,1024,0.0,0
2079.472764611846,11564740.80459064,False,1263091712,0.0076057090000176,True,1025,0,0.0,1024,0.0092709159998776,1.0009765625,7.857552920196949e-14,2.5593447258296207e-12,2028,20.811380747933704,1.7995544474003774e-06,cutoff_1e-14,complete,0.1791241249998165,0.206684333000112,1024,6.39672404846865e-27,6.550245425631897e-24,6.39672404846865e-27,6.550245425631897e-24,4096,0.6749681847608444,2764.6696847804187,0.6749681847608444,2764.6696847804187,32768,0.6299483136546157,20642.146341834447,0.0681589169998915,0.6299483136546157,20642.146341834447,complete,complete,0.6299483136546157,1024,0.0,0
327379.8156069192,11564740.80459064,False,1263091712,0.0076057090000176,True,1025,1,0.3,1024,0.0092709159998776,1.0009765625,1.1899126360168692e-11,3.952756074444178e-10,2028,20.811380747933704,1.7995544474003774e-06,cutoff_1e-14,complete,0.1791241249998165,0.206684333000112,1024,1.5258086507866551e-22,1.5624280584055348e-19,0.0812933756393071,83.2444166546505,4096,13514.47763576379,55355300.39608848,13515.818067570975,55360790.80477072,32768,13139.710167356712,430562022.76394475,0.0681589169998915,13139.36020398363,430550555.1641356,complete,complete,13139.36020398363,1024,0.0,0
541.483428856329,764881.2693000927,False,1263140864,0.0073988750000353,True,1056,0,0.0,1024,0.0081960840000192,1.03125,3.3104527959688316e-14,1.0782733491610245e-12,2028,20.797905009898315,2.719102407740944e-05,cutoff_1e-10,complete,0.1831110829998579,0.2087765409999065,1024,1.1354232573348954e-27,1.1626734155109329e-24,1.1354232573348954e-27,1.1626734155109329e-24,4096,0.0595992592626271,244.11856593972084,0.0595992592626271,244.11856593972084,32768,0.0588997980246955,1930.028581673225,0.0589165420001336,0.0588997980246955,1930.028581673225,complete,complete,0.0588997980246955,1024,0.0,0
28519.013124651497,764881.2693000927,False,1263140864,0.0073988750000353,True,1056,1,0.3,1024,0.0081960840000192,1.03125,1.7447979795756334e-12,5.7960228370477945e-11,2028,20.797905009898315,2.719102407740944e-05,cutoff_1e-10,complete,0.1831110829998579,0.2087765409999065,1024,3.280652414802692e-24,3.359388072757957e-21,0.0812933756388898,83.24441665422316,4096,203.92663730010895,835283.5063812463,203.8453824557453,834950.6865387327,32768,200.14051664354943,6558204.449375829,0.0589165420001336,200.1089831796048,6557171.16082929,complete,complete,200.1089831796048,1024,0.0,0
541.483428856329,764881.2693000927,False,1263140864,0.0073988750000353,True,1056,0,0.0,1024,0.0081960840000192,1.03125,3.3104527959688316e-14,1.0782733491610245e-12,2028,20.797905009898315,2.719102407740944e-05,cutoff_1e-14,complete,0.1831110829998579,0.2087765409999065,1024,1.1354232573348954e-27,1.1626734155109329e-24,1.1354232573348954e-27,1.1626734155109329e-24,4096,0.0595992592626271,244.11856593972084,0.0595992592626271,244.11856593972084,32768,0.0588997980246955,1930.028581673225,0.0589165420001336,0.0588997980246955,1930.028581673225,complete,complete,0.0588997980246955,1024,0.0,0
28519.013124651497,764881.2693000927,False,1263140864,0.0073988750000353,True,1056,1,0.3,1024,0.0081960840000192,1.03125,1.7447979795756334e-12,5.7960228370477945e-11,2028,20.797905009898315,2.719102407740944e-05,cutoff_1e-14,complete,0.1831110829998579,0.2087765409999065,1024,3.280652414802692e-24,3.359388072757957e-21,0.0812933756388898,83.24441665422316,4096,203.92663730010895,835283.5063812463,203.8453824557453,834950.6865387327,32768,200.14051664354943,6558204.449375829,0.0589165420001336,200.1089831796048,6557171.16082929,complete,complete,200.1089831796048,1024,0.0,0
347.02772841660214,381187.3552161237,False,1263190016,0.0076629579998552,True,1088,0,0.0,1024,0.008444124999869,1.0625,1.5114683431118266e-14,4.923121194969603e-13,2028,20.80572838596159,5.458137081741671e-05,cutoff_1e-10,complete,0.1877644159999363,0.2145793749998574,1024,2.3669064746444275e-28,2.4237122300358937e-25,2.3669064746444275e-28,2.4237122300358937e-25,4096,0.0283890754746576,116.28165314419756,0.0283890754746576,116.28165314419756,32768,0.032696035807258,1071.3837013322325,0.0630601660000138,0.032696035807258,1071.3837013322325,complete,complete,0.032696035807258,1024,0.0,0
16457.29399526443,381187.3552161237,False,1263190016,0.0076629579998552,True,1088,1,0.3,1024,0.008444124999869,1.0625,8.181685253503003e-13,2.7178639091715524e-11,2028,20.80572838596159,5.458137081741671e-05,cutoff_1e-10,complete,0.1877644159999363,0.2145793749998574,1024,7.213656473415306e-25,7.386784228777273e-22,0.0812933756389263,83.24441665426056,4096,98.69423410242815,404251.5828835458,98.58491775640056,403803.8231302167,32768,83.82810967528167,2746879.4978396297,0.0630601660000138,83.78069101382495,2745325.683141016,complete,complete,83.78069101382495,1024,0.0,0
347.02772841660214,381187.3552161237,False,1263190016,0.0076629579998552,True,1088,0,0.0,1024,0.008444124999869,1.0625,1.5114683431118266e-14,4.923121194969603e-13,2028,20.80572838596159,5.458137081741671e-05,cutoff_1e-14,complete,0.1877644159999363,0.2145793749998574,1024,2.3669064746444275e-28,2.4237122300358937e-25,2.3669064746444275e-28,2.4237122300358937e-25,4096,0.0283890754746576,116.28165314419756,0.0283890754746576,116.28165314419756,32768,0.032696035807258,1071.3837013322325,0.0630601660000138,0.032696035807258,1071.3837013322325,complete,complete,0.032696035807258,1024,0.0,0
16457.29399526443,381187.3552161237,False,1263190016,0.0076629579998552,True,1088,1,0.3,1024,0.008444124999869,1.0625,8.181685253503003e-13,2.7178639091715524e-11,2028,20.80572838596159,5.458137081741671e-05,cutoff_1e-14,complete,0.1877644159999363,0.2145793749998574,1024,7.213656473415306e-25,7.386784228777273e-22,0.0812933756389263,83.24441665426056,4096,98.69423410242815,404251.5828835458,98.58491775640056,403803.8231302167,32768,83.82810967528167,2746879.4978396297,0.0630601660000138,83.78069101382495,2745325.683141016,complete,complete,83.78069101382495,1024,0.0,0
229.09084422036707,222729.72778416015,False,1263206400,0.0078473329999724,True,1152,0,0.0,1024,0.0088363749998734,1.125,1.6659186521033543e-14,5.42619331899459e-13,2028,20.6800061685838,9.284798385163966e-05,cutoff_1e-10,complete,0.1989312499999869,0.2271726670001044,1024,2.875349017099759e-28,2.9443573935101533e-25,2.875349017099759e-28,2.9443573935101533e-25,4096,0.017235328443083,70.59590530286829,0.017235328443083,70.59590530286829,32768,0.0178064664766637,583.4822935073184,0.0704180000002452,0.0178064664766637,583.4822935073184,complete,complete,0.0178064664766637,1024,0.0,0
9820.986918246075,222729.72778416015,False,1263206400,0.0078473329999724,True,1152,1,0.3,1024,0.0088363749998734,1.125,4.184058577296892e-13,1.3898972459526088e-11,2028,20.6800061685838,9.284798385163966e-05,cutoff_1e-10,complete,0.1989312499999869,0.2271726670001044,1024,1.8865374553775849e-25,1.9318143543066471e-22,0.0812933756389087,83.24441665424257,4096,42.00226116069657,172041.26171421315,41.85795610455497,171450.18820425717,32768,40.31014586602969,1320882.859738061,0.0704180000002452,40.25604621359443,1319110.1223270623,complete,complete,40.25604621359443,1024,0.0,0
229.09084422036707,222729.72778416015,False,1263206400,0.0078473329999724,True,1152,0,0.0,1024,0.0088363749998734,1.125,1.6659186521033543e-14,5.42619331899459e-13,2028,20.6800061685838,9.284798385163966e-05,cutoff_1e-14,complete,0.1989312499999869,0.2271726670001044,1024,2.875349017099759e-28,2.9443573935101533e-25,2.875349017099759e-28,2.9443573935101533e-25,4096,0.017235328443083,70.59590530286829,0.017235328443083,70.59590530286829,32768,0.0178064664766637,583.4822935073184,0.0704180000002452,0.0178064664766637,583.4822935073184,complete,complete,0.0178064664766637,1024,0.0,0
9820.986918246075,222729.72778416015,False,1263206400,0.0078473329999724,True,1152,1,0.3,1024,0.0088363749998734,1.125,4.184058577296892e-13,1.3898972459526088e-11,2028,20.6800061685838,9.284798385163966e-05,cutoff_1e-14,complete,0.1989312499999869,0.2271726670001044,1024,1.8865374553775849e-25,1.9318143543066471e-22,0.0812933756389087,83.24441665424257,4096,42.00226116069657,172041.26171421315,41.85795610455497,171450.18820425717,32768,40.31014586602969,1320882.859738061,0.0704180000002452,40.25604621359443,1319110.1223270623,complete,complete,40.25604621359443,1024,0.0,0
147.03422447620966,129963.10438491651,False,1263288320,0.0074369169999499,True,1280,0,0.0,1024,0.0103620830000181,1.25,6.725361711307466e-15,2.190569914061719e-13,2028,20.74171649033728,0.0001595969609105,cutoff_1e-10,complete,0.2239171249998435,0.2531189999999697,1024,4.68612944178942e-29,4.798596548392366e-26,4.68612944178942e-29,4.798596548392366e-26,4096,0.0145184506377142,59.46757381207749,0.0145184506377142,59.46757381207749,32768,0.0125211084829681,410.2916827699012,0.0731841249998979,0.0125211084829681,410.2916827699012,complete,complete,0.0125211084829681,1024,0.0,0
5936.193873260843,129963.10438491651,False,1263288320,0.0074369169999499,True,1280,1,0.3,1024,0.0103620830000181,1.25,2.374963071029335e-13,7.889360463484243e-12,2028,20.74171649033728,0.0001595969609105,cutoff_1e-10,complete,0.2239171249998435,0.2531189999999697,1024,6.078321144803546e-26,6.224200852278831e-23,0.0812933756389297,83.24441665426403,4096,25.045564462360815,102586.6320378299,24.966747335323113,102263.79708548349,32768,22.665465153625156,742701.9621539891,0.0731841249998979,22.596145125128416,740430.4834602079,complete,complete,22.596145125128416,1024,0.0,0
147.03422447620966,129963.10438491651,False,1263288320,0.0074369169999499,True,1280,0,0.0,1024,0.0103620830000181,1.25,6.725361711307466e-15,2.190569914061719e-13,2028,20.74171649033728,0.0001595969609105,cutoff_1e-14,complete,0.2239171249998435,0.2531189999999697,1024,4.68612944178942e-29,4.798596548392366e-26,4.68612944178942e-29,4.798596548392366e-26,4096,0.0145184506377142,59.46757381207749,0.0145184506377142,59.46757381207749,32768,0.0125211084829681,410.2916827699012,0.0731841249998979,0.0125211084829681,410.2916827699012,complete,complete,0.0125211084829681,1024,0.0,0
5936.193873260843,129963.10438491651,False,1263288320,0.0074369169999499,True,1280,1,0.3,1024,0.0103620830000181,1.25,2.374963071029335e-13,7.889360463484243e-12,2028,20.74171649033728,0.0001595969609105,cutoff_1e-14,complete,0.2239171249998435,0.2531189999999697,1024,6.078321144803546e-26,6.224200852278831e-23,0.0812933756389297,83.24441665426403,4096,25.045564462360815,102586.6320378299,24.966747335323113,102263.79708548349,32768,22.665465153625156,742701.9621539891,0.0731841249998979,22.596145125128416,740430.4834602079,complete,complete,22.596145125128416,1024,0.0,0
82.9725903902161,75026.4546295912,False,1263353856,0.0085405830000127,True,1536,0,0.0,1024,0.0121005410001089,1.5,7.468676120054605e-15,2.432680636188739e-13,2028,20.589893015799756,0.000274435105823,cutoff_1e-10,complete,0.2749410419999094,0.3071378339998318,1024,5.779233474304342e-29,5.917935077687646e-26,5.779233474304342e-29,5.917935077687646e-26,4096,0.0079371717635851,32.5106555436449,0.0079371717635851,32.5106555436449,32768,0.0077820575977994,255.0024633646916,0.0903024170002027,0.0077820575977994,255.0024633646916,complete,complete,0.0077820575977994,1024,0.0,0
3871.136660826552,75026.4546295912,False,1263353856,0.0085405830000127,True,1536,1,0.3,1024,0.0121005410001089,1.5,2.0712824446692246e-13,6.880567545246065e-12,2028,20.589893015799756,0.000274435105823,cutoff_1e-10,complete,0.2749410419999094,0.3071378339998318,1024,4.6232626703802206e-26,4.734220974469346e-23,0.0812933756389275,83.24441665426184,4096,16.89800476465236,69214.22751601606,16.887867327722283,69172.70457435047,32768,16.64804191329361,545523.037414805,0.0903024170002027,16.563172861548463,542742.04832722,complete,complete,16.563172861548463,1024,0.0,0
82.9725903902161,75026.4546295912,False,1263353856,0.0085405830000127,True,1536,0,0.0,1024,0.0121005410001089,1.5,7.468676120054605e-15,2.432680636188739e-13,2028,20.589893015799756,0.000274435105823,cutoff_1e-14,complete,0.2749410419999094,0.3071378339998318,1024,5.779233474304342e-29,5.917935077687646e-26,5.779233474304342e-29,5.917935077687646e-26,4096,0.0079371717635851,32.5106555436449,0.0079371717635851,32.5106555436449,32768,0.0077820575977994,255.0024633646916,0.0903024170002027,0.0077820575977994,255.0024633646916,complete,complete,0.0077820575977994,1024,0.0,0
3871.136660826552,75026.4546295912,False,1263353856,0.0085405830000127,True,1536,1,0.3,1024,0.0121005410001089,1.5,2.0712824446692246e-13,6.880567545246065e-12,2028,20.589893015799756,0.000274435105823,cutoff_1e-14,complete,0.2749410419999094,0.3071378339998318,1024,4.6232626703802206e-26,4.734220974469346e-23,0.0812933756389275,83.24441665426184,4096,16.89800476465236,69214.22751601606,16.887867327722283,69172.70457435047,32768,16.64804191329361,545523.037414805,0.0903024170002027,16.563172861548463,542742.04832722,complete,complete,16.563172861548463,1024,0.0,0
52.99044138764606,46689.45757917876,False,1263386624,0.0090752090000023,True,2048,0,0.0,1024,0.0186478329999317,2.0,1.160912597295052e-14,3.781298787564242e-13,2028,20.873972937900035,0.0004470810761187,cutoff_1e-10,complete,0.3646287080000547,0.4109669999998004,1024,1.3963105977377734e-28,1.4298220520834802e-25,1.3963105977377734e-28,1.4298220520834802e-25,4096,0.0055192162990275,22.60670996081668,0.0055192162990275,22.60670996081668,32768,0.0051070504101468,167.34782783969078,0.1301350419998925,0.0051070504101468,167.34782783969078,complete,complete,0.0051070504101468,1024,0.0,0
2503.2701939633816,46689.45757917876,False,1263386624,0.0090752090000023,True,2048,1,0.3,1024,0.0186478329999317,2.0,1.3997668263418404e-13,4.6498681148131944e-12,2028,20.873972937900035,0.0004470810761187,cutoff_1e-10,complete,0.3646287080000547,0.4109669999998004,1024,2.1114524887848055e-26,2.1621273485156415e-23,0.0812933756389222,83.24441665425637,4096,11.06917484312996,45339.34015746032,11.011294845137094,45102.26368568154,32768,11.091869135862163,363458.3678439314,0.1301350419998925,11.00416076616622,360584.33998573467,complete,complete,11.00416076616622,1024,0.0,0
52.99044138764606,46689.45757917876,False,1263386624,0.0090752090000023,True,2048,0,0.0,1024,0.0186478329999317,2.0,1.160912597295052e-14,3.781298787564242e-13,2028,20.873972937900035,0.0004470810761187,cutoff_1e-14,complete,0.3646287080000547,0.4109669999998004,1024,1.3963105977377734e-28,1.4298220520834802e-25,1.3963105977377734e-28,1.4298220520834802e-25,4096,0.0055192162990275,22.60670996081668,0.0055192162990275,22.60670996081668,32768,0.0051070504101468,167.34782783969078,0.1301350419998925,0.0051070504101468,167.34782783969078,complete,complete,0.0051070504101468,1024,0.0,0
2503.2701939633816,46689.45757917876,False,1263386624,0.0090752090000023,True,2048,1,0.3,1024,0.0186478329999317,2.0,1.3997668263418404e-13,4.6498681148131944e-12,2028,20.873972937900035,0.0004470810761187,cutoff_1e-14,complete,0.3646287080000547,0.4109669999998004,1024,2.1114524887848055e-26,2.1621273485156415e-23,0.0812933756389222,83.24441665425637,4096,11.06917484312996,45339.34015746032,11.011294845137094,45102.26368568154,32768,11.091869135862163,363458.3678439314,0.1301350419998925,11.00416076616622,360584.33998573467,complete,complete,11.00416076616622,1024,0.0,0
37.892265451989566,28933.01369716918,False,1263468544,0.0111501250000856,True,3072,0,0.0,1024,0.0221181670001442,3.0,7.971375341289153e-15,2.59641871261178e-13,2028,20.90747979529405,0.0007226167316728,cutoff_1e-10,complete,0.5579769999999371,0.6142842080000719,1024,6.583388800000596e-29,6.741390131200612e-26,6.583388800000596e-29,6.741390131200612e-26,4096,0.0037879642910017,15.515501735943076,0.0037879642910017,15.515501735943076,32768,0.0033301401242518,109.12203159148356,0.1586623749999489,0.0033301401242518,109.12203159148356,complete,complete,0.0033301401242518,1024,0.0,0
1700.5623096128008,28933.01369716918,False,1263468544,0.0111501250000856,True,3072,1,0.3,1024,0.0221181670001442,3.0,6.407106665065762e-14,2.1283688418274288e-12,2028,20.90747979529405,0.0007226167316728,cutoff_1e-10,complete,0.5579769999999371,0.6142842080000719,1024,4.423783131701008e-27,4.529953926861832e-24,0.081293375638928,83.24441665426227,4096,8.40342977028984,34420.448339107184,8.283408920750903,33928.8429393957,32768,8.226305965036726,269559.59386232344,0.1586623749999489,8.14004813198704,266733.09718895133,complete,complete,8.14004813198704,1024,0.0,0
37.892265451989566,28933.01369716918,False,1263468544,0.0111501250000856,True,3072,0,0.0,1024,0.0221181670001442,3.0,7.971375341289153e-15,2.59641871261178e-13,2028,20.90747979529405,0.0007226167316728,cutoff_1e-14,complete,0.5579769999999371,0.6142842080000719,1024,6.583388800000596e-29,6.741390131200612e-26,6.583388800000596e-29,6.741390131200612e-26,4096,0.0037879642910017,15.515501735943076,0.0037879642910017,15.515501735943076,32768,0.0033301401242518,109.12203159148356,0.1586623749999489,0.0033301401242518,109.12203159148356,complete,complete,0.0033301401242518,1024,0.0,0
1700.5623096128008,28933.01369716918,False,1263468544,0.0111501250000856,True,3072,1,0.3,1024,0.0221181670001442,3.0,6.407106665065762e-14,2.1283688418274288e-12,2028,20.90747979529405,0.0007226167316728,cutoff_1e-14,complete,0.5579769999999371,0.6142842080000719,1024,4.423783131701008e-27,4.529953926861832e-24,0.081293375638928,83.24441665426227,4096,8.40342977028984,34420.448339107184,8.283408920750903,33928.8429393957,32768,8.226305965036726,269559.59386232344,0.1586623749999489,8.14004813198704,266733.09718895133,complete,complete,8.14004813198704,1024,0.0,0
31.398947466310425,24060.45429989086,False,1263583232,0.0128782499998578,True,4096,0,0.0,1024,0.0297427079999579,4.0,7.805996157577759e-15,2.542551771352521e-13,2028,20.879906665581956,0.0008678101587498,cutoff_1e-10,complete,0.7204466250000223,0.7902102499999728,1024,6.313056162117034e-29,6.464569510007842e-26,6.313056162117034e-29,6.464569510007842e-26,4096,0.0028719591028117,11.763544485117102,0.0028719591028117,11.763544485117102,32768,0.0025629588872042,83.98303681590733,0.2148607920003087,0.0025629588872042,83.98303681590733,complete,complete,0.0025629588872042,1024,0.0,0
1410.3316487297166,24060.45429989086,False,1263583232,0.0128782499998578,True,4096,1,0.3,1024,0.0297427079999579,4.0,6.694166354172353e-14,2.2237268450538146e-12,2028,20.879906665581956,0.0008678101587498,cutoff_1e-10,complete,0.7204466250000223,0.7902102499999728,1024,4.829063556067374e-27,4.9449610814129916e-24,0.0812933756389275,83.24441665426178,4096,7.097101746822759,29069.72875498602,6.972893086775993,28560.970083434466,32768,6.845373041114668,224309.18381124543,0.2148607920003087,6.763901415086355,221639.5215695497,complete,complete,6.763901415086355,1024,0.0,0
31.398947466310425,24060.45429989086,False,1263583232,0.0128782499998578,True,4096,0,0.0,1024,0.0297427079999579,4.0,7.805996157577759e-15,2.542551771352521e-13,2028,20.879906665581956,0.0008678101587498,cutoff_1e-14,complete,0.7204466250000223,0.7902102499999728,1024,6.313056162117034e-29,6.464569510007842e-26,6.313056162117034e-29,6.464569510007842e-26,4096,0.0028719591028117,11.763544485117102,0.0028719591028117,11.763544485117102,32768,0.0025629588872042,83.98303681590733,0.2148607920003087,0.0025629588872042,83.98303681590733,complete,complete,0.0025629588872042,1024,0.0,0
1410.3316487297166,24060.45429989086,False,1263583232,0.0128782499998578,True,4096,1,0.3,1024,0.0297427079999579,4.0,6.694166354172353e-14,2.2237268450538146e-12,2028,20.879906665581956,0.0008678101587498,cutoff_1e-14,complete,0.7204466250000223,0.7902102499999728,1024,4.829063556067374e-27,4.9449610814129916e-24,0.0812933756389275,83.24441665426178,4096,7.097101746822759,29069.72875498602,6.972893086775993,28560.970083434466,32768,6.845373041114668,224309.18381124543,0.2148607920003087,6.763901415086355,221639.5215695497,complete,complete,6.763901415086355,1024,0.0,0
27.4675325067461,18325.19128473528,False,1263648768,0.0206097919999592,True,8192,0,0.0,1024,0.0580777919999491,8.0,5.8415499640565275e-15,1.9026967101614577e-13,2028,21.009348815619365,0.0011464736432585,cutoff_1e-10,complete,1.358481791000031,1.4873553749998791,1024,3.5354050496672205e-29,3.6202547708592344e-26,3.5354050496672205e-29,3.6202547708592344e-26,4096,0.0027343888419324,11.2000566965553,0.0027343888419324,11.2000566965553,32768,0.0026076041169839,85.4459717053307,0.4560227500001019,0.0026076041169839,85.4459717053307,complete,complete,0.0026076041169839,1024,0.0,0
1026.3762569730925,18325.19128473528,False,1263648768,0.0206097919999592,True,8192,1,0.3,1024,0.0580777919999491,8.0,4.4250554527647964e-14,1.4699537000647844e-12,2028,21.009348815619365,0.0011464736432585,cutoff_1e-10,complete,1.358481791000031,1.4873553749998791,1024,2.1101209768888184e-27,2.16076388033415e-24,0.0812933756389248,83.24441665425907,4096,5.3442527808528535,21890.059390373288,5.236899140039749,21450.33887760281,32768,5.2200744323183095,171051.39899820636,0.4560227500001019,5.132343010017236,168176.61575224478,complete,complete,5.132343010017236,1024,0.0,0
27.4675325067461,18325.19128473528,False,1263648768,0.0206097919999592,True,8192,0,0.0,1024,0.0580777919999491,8.0,5.8415499640565275e-15,1.9026967101614577e-13,2028,21.009348815619365,0.0011464736432585,cutoff_1e-14,complete,1.358481791000031,1.4873553749998791,1024,3.5354050496672205e-29,3.6202547708592344e-26,3.5354050496672205e-29,3.6202547708592344e-26,4096,0.0027343888419324,11.2000566965553,0.0027343888419324,11.2000566965553,32768,0.0026076041169839,85.4459717053307,0.4560227500001019,0.0026076041169839,85.4459717053307,complete,complete,0.0026076041169839,1024,0.0,0
1026.3762569730925,18325.19128473528,False,1263648768,0.0206097919999592,True,8192,1,0.3,1024,0.0580777919999491,8.0,4.4250554527647964e-14,1.4699537000647844e-12,2028,21.009348815619365,0.0011464736432585,cutoff_1e-14,complete,1.358481791000031,1.4873553749998791,1024,2.1101209768888184e-27,2.16076388033415e-24,0.0812933756389248,83.24441665425907,4096,5.3442527808528535,21890.059390373288,5.236899140039749,21450.33887760281,32768,5.2200744323183095,171051.39899820636,0.4560227500001019,5.132343010017236,168176.61575224478,complete,complete,5.132343010017236,1024,0.0,0
11.455505302378604,81.76134281122904,False,1263681536,0.0051960829998733,False,64,0,0.0,64,0.000819416000013,0.0625,0.2883623371871754,9.392474149437888,2029,21.09174567950765,0.2579672123072191,cutoff_1e-10,complete,0.0028642919999128,0.0146924159998889,1024,0.0861509478982997,88.21857064785898,0.0861509478982997,88.21857064785898,4096,0.1168835132244429,478.75487016731824,0.1168835132244429,478.75487016731824,32768,0.1222121128431015,4004.646513642752,0.0081807090000438,0.1222121128431015,4004.646513642752,complete,complete,0.1222121128431015,64,0.0,0
11.305884527185505,81.76134281122904,False,1263681536,0.0051960829998733,False,64,1,0.3,64,0.000819416000013,0.0625,0.3852770106424211,12.798469383923194,2029,21.09174567950765,0.2579672123072191,cutoff_1e-10,complete,0.0028642919999128,0.0146924159998889,1024,0.1599617368859563,163.80081857121934,0.0923085990380652,94.52400541497882,4096,0.212054824120103,868.5765595959422,0.1209217811104936,495.2956154285821,32768,0.2193362178828701,7187.209187585888,0.0081807090000438,0.1272212208085095,4168.7849634532395,complete,complete,0.1272212208085095,64,0.0,0
11.455505302378604,81.76134281122904,False,1263681536,0.0051960829998733,False,64,0,0.0,64,0.000819416000013,0.0625,0.2883623371871754,9.392474149437888,2029,21.09174567950765,0.2579672123072191,cutoff_1e-14,complete,0.0028642919999128,0.0146924159998889,1024,0.0861509478982997,88.21857064785898,0.0861509478982997,88.21857064785898,4096,0.1168835132244429,478.75487016731824,0.1168835132244429,478.75487016731824,32768,0.1222121128431015,4004.646513642752,0.0081807090000438,0.1222121128431015,4004.646513642752,complete,complete,0.1222121128431015,64,0.0,0
11.305884527185505,81.76134281122904,False,1263681536,0.0051960829998733,False,64,1,0.3,64,0.000819416000013,0.0625,0.3852770106424211,12.798469383923194,2029,21.09174567950765,0.2579672123072191,cutoff_1e-14,complete,0.0028642919999128,0.0146924159998889,1024,0.1599617368859563,163.80081857121934,0.0923085990380652,94.52400541497882,4096,0.212054824120103,868.5765595959422,0.1209217811104936,495.2956154285821,32768,0.2193362178828701,7187.209187585888,0.0081807090000438,0.1272212208085095,4168.7849634532395,complete,complete,0.1272212208085095,64,0.0,0
19.830127888309047,220.3273407862805,False,1263714304,0.0050509170000623,False,128,0,0.0,128,0.0010987499999828,0.125,0.2219301041717894,7.228658176197825,2029,20.455541280718883,0.092841592912252,cutoff_1e-10,complete,0.006834667000021,0.0185534159998042,1024,0.0510288076448356,52.25349902831166,0.0510288076448356,52.25349902831166,4096,0.0905440260560618,370.8683307256292,0.0905440260560618,370.8683307256292,32768,0.0895693543439474,2935.0086031424707,0.0109416249997593,0.0895693543439474,2935.0086031424707,complete,complete,0.0895693543439474,128,0.0,0
20.643881619967765,220.3273407862805,False,1263714304,0.0050509170000623,False,128,1,0.3,128,0.0010987499999828,0.125,0.3364642294014379,11.176963638705814,2029,20.455541280718883,0.092841592912252,cutoff_1e-10,complete,0.006834667000021,0.0185534159998042,1024,0.1219965978329608,124.92451618095194,0.0621588628074202,63.65067551479835,4096,0.1894414591802162,775.9522168021657,0.0971405793651439,397.8878130796297,32768,0.1920823127314492,6294.153223584128,0.0109416249997593,0.0986979273474831,3234.1336833223277,complete,complete,0.0986979273474831,128,0.0,0
19.830127888309047,220.3273407862805,False,1263714304,0.0050509170000623,False,128,0,0.0,128,0.0010987499999828,0.125,0.2219301041717894,7.228658176197825,2029,20.455541280718883,0.092841592912252,cutoff_1e-14,complete,0.006834667000021,0.0185534159998042,1024,0.0510288076448356,52.25349902831166,0.0510288076448356,52.25349902831166,4096,0.0905440260560618,370.8683307256292,0.0905440260560618,370.8683307256292,32768,0.0895693543439474,2935.0086031424707,0.0109416249997593,0.0895693543439474,2935.0086031424707,complete,complete,0.0895693543439474,128,0.0,0
20.643881619967765,220.3273407862805,False,1263714304,0.0050509170000623,False,128,1,0.3,128,0.0010987499999828,0.125,0.3364642294014379,11.176963638705814,2029,20.455541280718883,0.092841592912252,cutoff_1e-14,complete,0.006834667000021,0.0185534159998042,1024,0.1219965978329608,124.92451618095194,0.0621588628074202,63.65067551479835,4096,0.1894414591802162,775.9522168021657,0.0971405793651439,397.8878130796297,32768,0.1920823127314492,6294.153223584128,0.0109416249997593,0.0986979273474831,3234.1336833223277,complete,complete,0.0986979273474831,128,0.0,0
68.51943390348586,1169.6786142403291,False,1263730688,0.0053545419998499,False,256,0,0.0,256,0.0022547080000094,0.25,0.1107059258097362,3.605888884450964,2029,20.877394067975587,0.0178488294252817,cutoff_1e-10,complete,0.0161964169999464,0.0298365419998845,1024,0.0126976900849678,13.002434647007036,0.0126976900849678,13.002434647007036,4096,0.0393436015429624,161.151391919974,0.0393436015429624,161.151391919974,32768,0.0391373701808338,1282.4533460855628,0.0178493749999688,0.0391373701808338,1282.4533460855628,complete,complete,0.0391373701808338,256,0.0,0
99.80554406542387,1169.6786142403291,False,1263730688,0.0053545419998499,False,256,1,0.3,256,0.0022547080000094,0.25,0.2540030921454832,8.43769731504414,2029,20.877394067975587,0.0178488294252817,cutoff_1e-10,complete,0.0161964169999464,0.0298365419998845,1024,0.0695261093557647,71.19473598030308,0.0353347662510245,36.18280064104911,4096,0.1755890872177241,719.2129012437979,0.0829342383524442,339.6986402916118,32768,0.1803452491881052,5909.5531253958325,0.0178493749999688,0.0872537862873879,2859.132069065128,complete,complete,0.0872537862873879,256,0.0,0
68.51943390348586,1169.6786142403291,False,1263730688,0.0053545419998499,False,256,0,0.0,256,0.0022547080000094,0.25,0.1107059258097362,3.605888884450964,2029,20.877394067975587,0.0178488294252817,cutoff_1e-14,complete,0.0161964169999464,0.0298365419998845,1024,0.0126976900849678,13.002434647007036,0.0126976900849678,13.002434647007036,4096,0.0393436015429624,161.151391919974,0.0393436015429624,161.151391919974,32768,0.0391373701808338,1282.4533460855628,0.0178493749999688,0.0391373701808338,1282.4533460855628,complete,complete,0.0391373701808338,256,0.0,0
99.80554406542387,1169.6786142403291,False,1263730688,0.0053545419998499,False,256,1,0.3,256,0.0022547080000094,0.25,0.2540030921454832,8.43769731504414,2029,20.877394067975587,0.0178488294252817,cutoff_1e-14,complete,0.0161964169999464,0.0298365419998845,1024,0.0695261093557647,71.19473598030308,0.0353347662510245,36.18280064104911,4096,0.1755890872177241,719.2129012437979,0.0829342383524442,339.6986402916118,32768,0.1803452491881052,5909.5531253958325,0.0178493749999688,0.0872537862873879,2859.132069065128,complete,complete,0.0872537862873879,256,0.0,0
79.56865341522914,3908.846796775362,False,1263730688,0.005660583000008,False,384,0,0.0,384,0.0028067089999694,0.375,0.0406297601274864,1.3233835438349018,2029,21.094202612929724,0.0053965283649212,cutoff_1e-10,complete,0.0288070829999469,0.0437187909999465,1024,0.001710296878997,1.7513440040930237,0.001710296878997,1.7513440040930237,4096,0.0147814770569951,60.54493002545204,0.0147814770569951,60.54493002545204,32768,0.0144213656215817,472.55930868799067,0.0233029160003752,0.0144213656215817,472.55930868799067,complete,complete,0.0144213656215817,384,0.0,0
168.68738786521902,3908.846796775362,False,1263730688,0.005660583000008,False,384,1,0.3,384,0.0028067089999694,0.375,0.2137910294091011,7.101897774506179,2029,21.094202612929724,0.0053965283649212,cutoff_1e-10,complete,0.0288070829999469,0.0437187909999465,1024,0.0492548359370467,50.43695199953584,0.0359443960878527,36.807061593961194,4096,0.2066118990729424,846.2823386027724,0.1179484799747942,483.1169739767573,32768,0.2129121833203321,6976.706423040645,0.0233029160003752,0.1200087334611063,3932.446178053531,complete,complete,0.1200087334611063,384,0.0,0
79.56865341522914,3908.846796775362,False,1263730688,0.005660583000008,False,384,0,0.0,384,0.0028067089999694,0.375,0.0406297601274864,1.3233835438349018,2029,21.094202612929724,0.0053965283649212,cutoff_1e-14,complete,0.0288070829999469,0.0437187909999465,1024,0.001710296878997,1.7513440040930237,0.001710296878997,1.7513440040930237,4096,0.0147814770569951,60.54493002545204,0.0147814770569951,60.54493002545204,32768,0.0144213656215817,472.55930868799067,0.0233029160003752,0.0144213656215817,472.55930868799067,complete,complete,0.0144213656215817,384,0.0,0
168.68738786521902,3908.846796775362,False,1263730688,0.005660583000008,False,384,1,0.3,384,0.0028067089999694,0.375,0.2137910294091011,7.101897774506179,2029,21.094202612929724,0.0053965283649212,cutoff_1e-14,complete,0.0288070829999469,0.0437187909999465,1024,0.0492548359370467,50.43695199953584,0.0359443960878527,36.807061593961194,4096,0.2066118990729424,846.2823386027724,0.1179484799747942,483.1169739767573,32768,0.2129121833203321,6976.706423040645,0.0233029160003752,0.1200087334611063,3932.446178053531,complete,complete,0.1200087334611063,384,0.0,0
116.41590723475676,7941.988798549386,False,1263730688,0.0063835419998667,False,512,0,0.0,512,0.0038668749998578,0.5,0.025079186317246,0.8168736994969329,2029,21.097629957658356,0.002656466848897,cutoff_1e-10,complete,0.0499244170000565,0.067184374999897,1024,0.000651643204033,0.6672826409298054,0.000651643204033,0.6672826409298054,4096,0.0165438349697746,67.76354803619711,0.0165438349697746,67.76354803619711,32768,0.0165718587098086,543.0266662030084,0.0308408749997397,0.0165718587098086,543.0266662030084,complete,complete,0.0165718587098086,512,0.0,0
382.62456598693177,7941.988798549386,False,1263730688,0.0063835419998667,False,512,1,0.3,512,0.0038668749998578,0.5,0.1885130048999036,6.2621902035104995,2029,21.097629957658356,0.002656466848897,cutoff_1e-10,complete,0.0499244170000565,0.067184374999897,1024,0.0382959239696707,39.21502614494288,0.0447400023521437,45.81376240859517,4096,0.3161927902453995,1295.1256688451565,0.2286107210931935,936.3895135977206,32768,0.3106920190759958,10180.756081082232,0.0308408749997397,0.2192275059103315,7183.646913669743,complete,complete,0.2192275059103315,512,0.0,0
116.41590723475676,7941.988798549386,False,1263730688,0.0063835419998667,False,512,0,0.0,512,0.0038668749998578,0.5,0.025079186317246,0.8168736994969329,2029,21.097629957658356,0.002656466848897,cutoff_1e-14,complete,0.0499244170000565,0.067184374999897,1024,0.000651643204033,0.6672826409298054,0.000651643204033,0.6672826409298054,4096,0.0165438349697746,67.76354803619711,0.0165438349697746,67.76354803619711,32768,0.0165718587098086,543.0266662030084,0.0308408749997397,0.0165718587098086,543.0266662030084,complete,complete,0.0165718587098086,512,0.0,0
382.62456598693177,7941.988798549386,False,1263730688,0.0063835419998667,False,512,1,0.3,512,0.0038668749998578,0.5,0.1885130048999036,6.2621902035104995,2029,21.097629957658356,0.002656466848897,cutoff_1e-14,complete,0.0499244170000565,0.067184374999897,1024,0.0382959239696707,39.21502614494288,0.0447400023521437,45.81376240859517,4096,0.3161927902453995,1295.1256688451565,0.2286107210931935,936.3895135977206,32768,0.3106920190759958,10180.756081082232,0.0308408749997397,0.2192275059103315,7183.646913669743,complete,complete,0.2192275059103315,512,0.0,0
169.79957501149767,54195.95240048829,False,1263812608,0.0060645420001037,False,768,0,0.0,768,0.0056442079999214,0.75,0.0073435623312534,0.2391928850136652,2029,20.968966048217304,0.000386910186452,cutoff_1e-10,complete,0.0955529170000772,0.1152075000002241,1024,5.5872301016758255e-05,0.0572132362411604,5.5872301016758255e-05,0.0572132362411604,4096,0.012969025184066,53.12112715393451,0.012969025184066,53.12112715393451,32768,0.0121328645856652,397.5697067430778,0.0431770000000142,0.0121328645856652,397.5697067430778,complete,complete,0.0121328645856652,768,0.0,0
2364.594173777267,54195.95240048829,False,1263812608,0.0060645420001037,False,768,1,0.3,768,0.0056442079999214,0.75,0.1304495642140883,4.3333879458737306,2029,20.968966048217304,0.000386910186452,cutoff_1e-10,complete,0.0955529170000772,0.1152075000002241,1024,0.0183381358295349,18.778251089443764,0.0633425675867341,64.86278920881571,4096,2.0592623634142675,8434.73864054484,1.9418503059590233,7953.818853208159,32768,1.7118429944276925,56093.67124140662,0.0431770000000142,1.62741696170164,53327.19900103934,complete,complete,1.62741696170164,768,0.0,0
169.79957501149767,54195.95240048829,False,1263812608,0.0060645420001037,False,768,0,0.0,768,0.0056442079999214,0.75,0.0073435623312534,0.2391928850136652,2029,20.968966048217304,0.000386910186452,cutoff_1e-14,complete,0.0955529170000772,0.1152075000002241,1024,5.5872301016758255e-05,0.0572132362411604,5.5872301016758255e-05,0.0572132362411604,4096,0.012969025184066,53.12112715393451,0.012969025184066,53.12112715393451,32768,0.0121328645856652,397.5697067430778,0.0431770000000142,0.0121328645856652,397.5697067430778,complete,complete,0.0121328645856652,768,0.0,0
2364.594173777267,54195.95240048829,False,1263812608,0.0060645420001037,False,768,1,0.3,768,0.0056442079999214,0.75,0.1304495642140883,4.3333879458737306,2029,20.968966048217304,0.000386910186452,cutoff_1e-14,complete,0.0955529170000772,0.1152075000002241,1024,0.0183381358295349,18.778251089443764,0.0633425675867341,64.86278920881571,4096,2.0592623634142675,8434.73864054484,1.9418503059590233,7953.818853208159,32768,1.7118429944276925,56093.67124140662,0.0431770000000142,1.62741696170164,53327.19900103934,complete,complete,1.62741696170164,768,0.0,0
312.2881443434855,134674.5083764312,False,1263845376,0.0064340000001266,False,896,0,0.0,896,0.0066106250001212,0.875,0.0028689813666798,0.0934478253457499,2029,20.801245567342125,0.0001544557007715,cutoff_1e-10,complete,0.1162069580000206,0.1377107499999965,1024,8.527828185400194e-06,0.0087324960618497,8.527828185400194e-06,0.0087324960618497,4096,0.0154364923570701,63.22787269455951,0.0154364923570701,63.22787269455951,32768,0.0151783020938328,497.36260301071474,0.0491382500003965,0.0151783020938328,497.36260301071474,complete,complete,0.0151783020938328,896,0.0,0
4986.792297845522,134674.5083764312,False,1263845376,0.0064340000001266,False,896,1,0.3,896,0.0066106250001212,0.875,0.0921860611148239,3.0623173670166546,2029,20.801245567342125,0.0001544557007715,cutoff_1e-10,complete,0.1162069580000206,0.1377107499999965,1024,0.0091579957581365,9.377787656331831,0.0721992068824708,73.9319878476501,4096,8.916393661810732,36521.54843877676,8.761834018554755,35888.472140000275,32768,7.857285277426708,257467.5239707184,0.0491382500003965,7.7776693029370065,254858.66771863983,complete,complete,7.7776693029370065,896,0.0,0
312.2881443434855,134674.5083764312,False,1263845376,0.0064340000001266,False,896,0,0.0,896,0.0066106250001212,0.875,0.0028689813666798,0.0934478253457499,2029,20.801245567342125,0.0001544557007715,cutoff_1e-14,complete,0.1162069580000206,0.1377107499999965,1024,8.527828185400194e-06,0.0087324960618497,8.527828185400194e-06,0.0087324960618497,4096,0.0154364923570701,63.22787269455951,0.0154364923570701,63.22787269455951,32768,0.0151783020938328,497.36260301071474,0.0491382500003965,0.0151783020938328,497.36260301071474,complete,complete,0.0151783020938328,896,0.0,0
4986.792297845522,134674.5083764312,False,1263845376,0.0064340000001266,False,896,1,0.3,896,0.0066106250001212,0.875,0.0921860611148239,3.0623173670166546,2029,20.801245567342125,0.0001544557007715,cutoff_1e-14,complete,0.1162069580000206,0.1377107499999965,1024,0.0091579957581365,9.377787656331831,0.0721992068824708,73.9319878476501,4096,8.916393661810732,36521.54843877676,8.761834018554755,35888.472140000275,32768,7.857285277426708,257467.5239707184,0.0491382500003965,7.7776693029370065,254858.66771863983,complete,complete,7.7776693029370065,896,0.0,0
364.625423781176,304705.28296413197,False,1107918848,0.0069320410000273,False,960,0,0.0,960,0.0086742080000021,0.9375,0.0015702525166517,0.0511459170244135,2029,20.708429125943866,6.796215977778612e-05,cutoff_1e-10,complete,0.1326627500000086,0.160151709000047,1024,2.5545945588556668e-06,0.0026159048282682,2.5545945588556668e-06,0.0026159048282682,4096,0.0237500208218146,97.28008528615295,0.0237500208218146,97.28008528615295,32768,0.0224181557079283,734.5981262373975,0.0536812499999541,0.0224181557079283,734.5981262373975,complete,complete,0.0224181557079283,960,0.0,0
9745.013623144529,304705.28296413197,False,1107918848,0.0069320410000273,False,960,1,0.3,960,0.0086742080000021,0.9375,0.0638413655585416,2.120738429646857,2029,20.708429125943866,6.796215977778612e-05,cutoff_1e-10,complete,0.1326627500000086,0.160151709000047,1024,0.0043921205927549,4.4975314869810195,0.0769096024992111,78.75543295919218,4096,21.66313897327459,88732.21723453273,21.488628233535884,88017.42124456298,32768,21.723839262072744,711846.7649395997,0.0536812499999541,21.65282739830509,709519.8481876611,complete,complete,21.65282739830509,960,0.0,0
364.625423781176,304705.28296413197,False,1107918848,0.0069320410000273,False,960,0,0.0,960,0.0086742080000021,0.9375,0.0015702525166517,0.0511459170244135,2029,20.708429125943866,6.796215977778612e-05,cutoff_1e-14,complete,0.1326627500000086,0.160151709000047,1024,2.5545945588556668e-06,0.0026159048282682,2.5545945588556668e-06,0.0026159048282682,4096,0.0237500208218146,97.28008528615295,0.0237500208218146,97.28008528615295,32768,0.0224181557079283,734.5981262373975,0.0536812499999541,0.0224181557079283,734.5981262373975,complete,complete,0.0224181557079283,960,0.0,0
9745.013623144529,304705.28296413197,False,1107918848,0.0069320410000273,False,960,1,0.3,960,0.0086742080000021,0.9375,0.0638413655585416,2.120738429646857,2029,20.708429125943866,6.796215977778612e-05,cutoff_1e-14,complete,0.1326627500000086,0.160151709000047,1024,0.0043921205927549,4.4975314869810195,0.0769096024992111,78.75543295919218,4096,21.66313897327459,88732.21723453273,21.488628233535884,88017.42124456298,32768,21.723839262072744,711846.7649395997,0.0536812499999541,21.65282739830509,709519.8481876611,complete,complete,21.65282739830509,960,0.0,0
467.9503465065141,731533.7974706981,False,1107951616,0.0073502499999449,False,992,0,0.0,992,0.0076581249998071,0.96875,0.0009928701648235,0.032339547001243,2029,20.765814856818032,2.8386678686092852e-05,cutoff_1e-10,complete,0.1440808749998723,0.169315165999933,1024,1.0213342775835987e-06,0.0010458463002456,1.0213342775835987e-06,0.0010458463002456,4096,0.0367992520314929,150.72973632099513,0.0367992520314929,150.72973632099513,32768,0.0344519175908365,1128.9204356165324,0.0555952499998966,0.0344519175908365,1128.9204356165324,complete,complete,0.0344519175908365,992,0.0,0
19898.7490153314,731533.7974706981,False,1107951616,0.0073502499999449,False,992,1,0.3,992,0.0076581249998071,0.96875,0.0458902731674718,1.5244233108392282,2029,20.765814856818032,2.8386678686092852e-05,cutoff_1e-10,complete,0.1440808749998723,0.169315165999933,1024,0.0022694008111621,2.3238664306300363,0.0790140150151011,80.91035137546356,4096,78.44483789269596,321310.05600848264,78.27060991385176,320596.4182071368,32768,78.22226838164666,2563187.2903297977,0.0555952499998966,78.15406704645147,2560952.468978122,complete,complete,78.15406704645147,992,0.0,0
467.9503465065141,731533.7974706981,False,1107951616,0.0073502499999449,False,992,0,0.0,992,0.0076581249998071,0.96875,0.0009928701648235,0.032339547001243,2029,20.765814856818032,2.8386678686092852e-05,cutoff_1e-14,complete,0.1440808749998723,0.169315165999933,1024,1.0213342775835987e-06,0.0010458463002456,1.0213342775835987e-06,0.0010458463002456,4096,0.0367992520314929,150.72973632099513,0.0367992520314929,150.72973632099513,32768,0.0344519175908365,1128.9204356165324,0.0555952499998966,0.0344519175908365,1128.9204356165324,complete,complete,0.0344519175908365,992,0.0,0
19898.7490153314,731533.7974706981,False,1107951616,0.0073502499999449,False,992,1,0.3,992,0.0076581249998071,0.96875,0.0458902731674718,1.5244233108392282,2029,20.765814856818032,2.8386678686092852e-05,cutoff_1e-14,complete,0.1440808749998723,0.169315165999933,1024,0.0022694008111621,2.3238664306300363,0.0790140150151011,80.91035137546356,4096,78.44483789269596,321310.05600848264,78.27060991385176,320596.4182071368,32768,78.22226838164666,2563187.2903297977,0.0555952499998966,78.15406704645147,2560952.468978122,complete,complete,78.15406704645147,992,0.0,0
11636.965736571536,26106909.612500988,False,1107968000,0.0076626669999768,False,1023,0,0.0,1023,0.0089822500001446,0.9990234375,2.345435396101484e-05,0.0007639500200319,2029,20.720879227490116,7.93693299400254e-07,cutoff_1e-10,complete,0.1674374169999737,0.1933869580000191,1024,5.69941047955852e-10,5.836196331067924e-07,5.69941047955852e-10,5.836196331067924e-07,4096,18.60471450097259,76204.91059598373,18.60471450097259,76204.91059598373,32768,18.470192493821298,605231.2676375362,0.0673069999998006,18.470192493821298,605231.2676375362,complete,complete,18.470192493821298,1023,0.0,0
359195.36402573873,26106909.612500988,False,1107968000,0.0076626669999768,False,1023,1,0.3,1023,0.0089822500001446,0.9990234375,0.0003134612769999,0.0104128314067855,2029,20.720879227490116,7.93693299400254e-07,cutoff_1e-10,complete,0.1674374169999737,0.1933869580000191,1024,1.0588579873646465e-07,0.0001084270579061,0.0812932852902931,83.24432413726021,4096,17897.742405769724,73309152.89403279,17898.04460426238,73310390.69905871,32768,17934.61465289499,587681452.946063,0.0673069999998006,17934.17777466503,587667137.3202237,complete,complete,17934.17777466503,1023,0.0,0
11636.965736571536,26106909.612500988,False,1107968000,0.0076626669999768,False,1023,0,0.0,1023,0.0089822500001446,0.9990234375,2.345435396101484e-05,0.0007639500200319,2029,20.720879227490116,7.93693299400254e-07,cutoff_1e-14,complete,0.1674374169999737,0.1933869580000191,1024,5.69941047955852e-10,5.836196331067924e-07,5.69941047955852e-10,5.836196331067924e-07,4096,18.60471450097259,76204.91059598373,18.60471450097259,76204.91059598373,32768,18.470192493821298,605231.2676375362,0.0673069999998006,18.470192493821298,605231.2676375362,complete,complete,18.470192493821298,1023,0.0,0
359195.36402573873,26106909.612500988,False,1107968000,0.0076626669999768,False,1023,1,0.3,1023,0.0089822500001446,0.9990234375,0.0003134612769999,0.0104128314067855,2029,20.720879227490116,7.93693299400254e-07,cutoff_1e-14,complete,0.1674374169999737,0.1933869580000191,1024,1.0588579873646465e-07,0.0001084270579061,0.0812932852902931,83.24432413726021,4096,17897.742405769724,73309152.89403279,17898.04460426238,73310390.69905871,32768,17934.61465289499,587681452.946063,0.0673069999998006,17934.17777466503,587667137.3202237,complete,complete,17934.17777466503,1023,0.0,0
12352.820639244985,54125420.319487765,False,1108049920,0.0072167920000083,True,1024,0,0.0,1024,0.0105535830000462,1.0,4.288678489306975e-13,1.3968988543715255e-11,2029,20.712284459932583,3.826720298461158e-07,cutoff_1e-10,complete,0.1729000000000269,0.2016934169998876,1024,1.9055921966254691e-25,1.9513264093444804e-22,1.9055921966254691e-25,1.9513264093444804e-22,4096,19.370859040284145,79343.03862900386,19.370859040284145,79343.03862900386,32768,19.419528139231954,636339.0980663527,0.0596986249997826,19.419528139231954,636339.0980663527,complete,complete,19.419528139231954,1024,0.0,0
352412.6404154757,54125420.319487765,False,1108049920,0.0072167920000083,True,1024,1,0.3,1024,0.0105535830000462,1.0,1.2593741041900984e-11,4.183499266802084e-10,2029,20.712284459932583,3.826720298461158e-07,cutoff_1e-10,complete,0.1729000000000269,0.2016934169998876,1024,1.7091470815755442e-22,1.7501666115333573e-19,0.0812933756390001,83.24441665433616,4096,17696.663948804155,72485535.53430182,17697.13297792311,72487456.67757306,32768,17683.59097806987,579455909.1693935,0.0596986249997826,17683.146218360976,579441335.2832525,complete,complete,17683.146218360976,1024,0.0,0
12352.820639244985,54125420.319487765,False,1108049920,0.0072167920000083,True,1024,0,0.0,1024,0.0105535830000462,1.0,4.288678489306975e-13,1.3968988543715255e-11,2029,20.712284459932583,3.826720298461158e-07,cutoff_1e-14,complete,0.1729000000000269,0.2016934169998876,1024,1.9055921966254691e-25,1.9513264093444804e-22,1.9055921966254691e-25,1.9513264093444804e-22,4096,19.370859040284145,79343.03862900386,19.370859040284145,79343.03862900386,32768,19.419528139231954,636339.0980663527,0.0596986249997826,19.419528139231954,636339.0980663527,complete,complete,19.419528139231954,1024,0.0,0
352412.6404154757,54125420.319487765,False,1108049920,0.0072167920000083,True,1024,1,0.3,1024,0.0105535830000462,1.0,1.2593741041900984e-11,4.183499266802084e-10,2029,20.712284459932583,3.826720298461158e-07,cutoff_1e-14,complete,0.1729000000000269,0.2016934169998876,1024,1.7091470815755442e-22,1.7501666115333573e-19,0.0812933756390001,83.24441665433616,4096,17696.663948804155,72485535.53430182,17697.13297792311,72487456.67757306,32768,17683.59097806987,579455909.1693935,0.0596986249997826,17683.146218360976,579441335.2832525,complete,complete,17683.146218360976,1024,0.0,0
4339.370251062811,39624768.34947065,False,1108066304,0.0077218750000156,True,1025,0,0.0,1024,0.009194750000006,1.0009765625,4.036457643455195e-13,1.3147460393499682e-11,2029,20.722847219807115,5.22977119690441e-07,cutoff_1e-10,complete,0.180182416999969,0.2071724579998317,1024,1.6880440898304962e-25,1.728557147986428e-22,1.6880440898304962e-25,1.728557147986428e-22,4096,2.7483366954947845,11257.187104746636,2.7483366954947845,11257.187104746636,32768,2.72998691020371,89456.21107355517,0.0697788339998624,2.72998691020371,89456.21107355517,complete,complete,2.72998691020371,1024,0.0,0
205288.35453786465,39624768.34947065,False,1108066304,0.0077218750000156,True,1025,1,0.3,1024,0.009194750000006,1.0009765625,2.088333695695169e-11,6.937209885220944e-10,2029,20.722847219807115,5.22977119690441e-07,cutoff_1e-10,complete,0.180182416999969,0.2071724579998317,1024,4.6996954093366415e-22,4.812488099160721e-19,0.0812933756391315,83.24441665447071,4096,6074.573896305673,24881454.679268036,6076.395352341231,24888915.36318968,32768,5868.7082324286075,192305831.3602206,0.0697788339998624,5868.439370673643,192297021.29823393,complete,complete,5868.439370673643,1024,0.0,0
4339.370251062811,39624768.34947065,False,1108066304,0.0077218750000156,True,1025,0,0.0,1024,0.009194750000006,1.0009765625,4.036457643455195e-13,1.3147460393499682e-11,2029,20.722847219807115,5.22977119690441e-07,cutoff_1e-14,complete,0.180182416999969,0.2071724579998317,1024,1.6880440898304962e-25,1.728557147986428e-22,1.6880440898304962e-25,1.728557147986428e-22,4096,2.7483366954947845,11257.187104746636,2.7483366954947845,11257.187104746636,32768,2.72998691020371,89456.21107355517,0.0697788339998624,2.72998691020371,89456.21107355517,complete,complete,2.72998691020371,1024,0.0,0
205288.35453786465,39624768.34947065,False,1108066304,0.0077218750000156,True,1025,1,0.3,1024,0.009194750000006,1.0009765625,2.088333695695169e-11,6.937209885220944e-10,2029,20.722847219807115,5.22977119690441e-07,cutoff_1e-14,complete,0.180182416999969,0.2071724579998317,1024,4.6996954093366415e-22,4.812488099160721e-19,0.0812933756391315,83.24441665447071,4096,6074.573896305673,24881454.679268036,6076.395352341231,24888915.36318968,32768,5868.7082324286075,192305831.3602206,0.0697788339998624,5868.439370673643,192297021.29823393,complete,complete,5868.439370673643,1024,0.0,0
480.50520714004983,697136.6629872158,False,1108066304,0.0071007920000738,True,1056,0,0.0,1024,0.0080518330000813,1.03125,3.495890278689245e-14,1.1386736351268638e-12,2029,20.753225889965577,2.9769236064903603e-05,cutoff_1e-10,complete,0.1839054590000159,0.2086369999999533,1024,1.2661891087236583e-27,1.2965776473330263e-24,1.2661891087236583e-27,1.2965776473330263e-24,4096,0.0398091848683216,163.05842122064544,0.0398091848683216,163.05842122064544,32768,0.0381951612382905,1251.5790434563037,0.0595632499998828,0.0381951612382905,1251.5790434563037,complete,complete,0.0381951612382905,1024,0.0,0
22419.310323811773,697136.6629872158,False,1108066304,0.0071007920000738,True,1056,1,0.3,1024,0.0080518330000813,1.03125,1.0163540702954752e-12,3.3762140207153415e-11,2029,20.753225889965577,2.9769236064903603e-05,cutoff_1e-10,complete,0.1839054590000159,0.2086369999999533,1024,1.1131661243823095e-24,1.1398821113674853e-21,0.081293375638939,83.24441665427354,4096,136.96418309284942,561005.2939483112,136.86419342658576,560595.7362752953,32768,126.6776969943888,4150974.775112133,0.0595632499998828,126.56114745090072,4147155.6796711152,complete,complete,126.56114745090072,1024,0.0,0
480.50520714004983,697136.6629872158,False,1108066304,0.0071007920000738,True,1056,0,0.0,1024,0.0080518330000813,1.03125,3.495890278689245e-14,1.1386736351268638e-12,2029,20.753225889965577,2.9769236064903603e-05,cutoff_1e-14,complete,0.1839054590000159,0.2086369999999533,1024,1.2661891087236583e-27,1.2965776473330263e-24,1.2661891087236583e-27,1.2965776473330263e-24,4096,0.0398091848683216,163.05842122064544,0.0398091848683216,163.05842122064544,32768,0.0381951612382905,1251.5790434563037,0.0595632499998828,0.0381951612382905,1251.5790434563037,complete,complete,0.0381951612382905,1024,0.0,0
22419.310323811773,697136.6629872158,False,1108066304,0.0071007920000738,True,1056,1,0.3,1024,0.0080518330000813,1.03125,1.0163540702954752e-12,3.3762140207153415e-11,2029,20.753225889965577,2.9769236064903603e-05,cutoff_1e-14,complete,0.1839054590000159,0.2086369999999533,1024,1.1131661243823095e-24,1.1398821113674853e-21,0.081293375638939,83.24441665427354,4096,136.96418309284942,561005.2939483112,136.86419342658576,560595.7362752953,32768,126.6776969943888,4150974.775112133,0.0595632499998828,126.56114745090072,4147155.6796711152,complete,complete,126.56114745090072,1024,0.0,0
315.5112647267974,404880.9488876868,False,1108082688,0.0072982079998382,True,1088,0,0.0,1024,0.0083143340000333,1.0625,1.9649686680404897e-14,6.400252404337394e-13,2029,20.804155960025504,5.13833906415699e-05,cutoff_1e-10,complete,0.1876400000001012,0.2132047919999422,1024,4.0003155116432204e-28,4.0963230839226577e-25,4.0003155116432204e-28,4.0963230839226577e-25,4096,0.0266049456976323,108.973857577502,0.0266049456976323,108.973857577502,32768,0.0248261241942982,813.5024375987654,0.0617641250000815,0.0248261241942982,813.5024375987654,complete,complete,0.0248261241942982,1024,0.0,0
12939.348889273928,404880.9488876868,False,1108082688,0.0072982079998382,True,1088,1,0.3,1024,0.0083143340000333,1.0625,7.897616964738024e-13,2.6234996155263163e-11,2029,20.804155960025504,5.13833906415699e-05,cutoff_1e-10,complete,0.1876400000001012,0.2132047919999422,1024,6.721435774088603e-25,6.882750232666729e-22,0.0812933756389505,83.2444166542854,4096,63.532848700602145,260230.5482776664,63.43162062595184,259815.91808389875,32768,54.35941650248985,1781249.3599535874,0.0617641250000815,54.27831709118187,1778591.8944438477,complete,complete,54.27831709118187,1024,0.0,0
315.5112647267974,404880.9488876868,False,1108082688,0.0072982079998382,True,1088,0,0.0,1024,0.0083143340000333,1.0625,1.9649686680404897e-14,6.400252404337394e-13,2029,20.804155960025504,5.13833906415699e-05,cutoff_1e-14,complete,0.1876400000001012,0.2132047919999422,1024,4.0003155116432204e-28,4.0963230839226577e-25,4.0003155116432204e-28,4.0963230839226577e-25,4096,0.0266049456976323,108.973857577502,0.0266049456976323,108.973857577502,32768,0.0248261241942982,813.5024375987654,0.0617641250000815,0.0248261241942982,813.5024375987654,complete,complete,0.0248261241942982,1024,0.0,0
12939.348889273928,404880.9488876868,False,1108082688,0.0072982079998382,True,1088,1,0.3,1024,0.0083143340000333,1.0625,7.897616964738024e-13,2.6234996155263163e-11,2029,20.804155960025504,5.13833906415699e-05,cutoff_1e-14,complete,0.1876400000001012,0.2132047919999422,1024,6.721435774088603e-25,6.882750232666729e-22,0.0812933756389505,83.2444166542854,4096,63.532848700602145,260230.5482776664,63.43162062595184,259815.91808389875,32768,54.35941650248985,1781249.3599535874,0.0617641250000815,54.27831709118187,1778591.8944438477,complete,complete,54.27831709118187,1024,0.0,0
200.82003354964323,213404.0701214894,False,1108148224,0.0072536669999863,True,1152,0,0.0,1024,0.0088612080000984,1.125,9.366607464406415e-15,3.0508706280967765e-13,2029,20.77808769305198,9.736500190096264e-05,cutoff_1e-10,complete,0.2014684580001358,0.2272762499999316,1024,9.08965975525744e-29,9.30781158938362e-26,9.08965975525744e-29,9.30781158938362e-26,4096,0.0182003713732873,74.54872114498482,0.0182003713732873,74.54872114498482,32768,0.0172310658276363,564.6275650399879,0.0669854580000901,0.0172310658276363,564.6275650399879,complete,complete,0.0172310658276363,1024,0.0,0
9513.65269861699,213404.0701214894,False,1108148224,0.0072536669999863,True,1152,1,0.3,1024,0.0088612080000984,1.125,4.208270614186078e-13,1.397940212552977e-11,2029,20.77808769305198,9.736500190096264e-05,cutoff_1e-10,complete,0.2014684580001358,0.2272762499999316,1024,1.9084344119850219e-25,1.9542368378726624e-22,0.0812933756389205,83.24441665425462,4096,40.62800272970888,166412.29918088758,40.55149733291704,166098.9330756282,32768,36.53315431360613,1197118.4005482458,0.0669854580000901,36.44008004390075,1194068.5428785398,complete,complete,36.44008004390075,1024,0.0,0
200.82003354964323,213404.0701214894,False,1108148224,0.0072536669999863,True,1152,0,0.0,1024,0.0088612080000984,1.125,9.366607464406415e-15,3.0508706280967765e-13,2029,20.77808769305198,9.736500190096264e-05,cutoff_1e-14,complete,0.2014684580001358,0.2272762499999316,1024,9.08965975525744e-29,9.30781158938362e-26,9.08965975525744e-29,9.30781158938362e-26,4096,0.0182003713732873,74.54872114498482,0.0182003713732873,74.54872114498482,32768,0.0172310658276363,564.6275650399879,0.0669854580000901,0.0172310658276363,564.6275650399879,complete,complete,0.0172310658276363,1024,0.0,0
9513.65269861699,213404.0701214894,False,1108148224,0.0072536669999863,True,1152,1,0.3,1024,0.0088612080000984,1.125,4.208270614186078e-13,1.397940212552977e-11,2029,20.77808769305198,9.736500190096264e-05,cutoff_1e-14,complete,0.2014684580001358,0.2272762499999316,1024,1.9084344119850219e-25,1.9542368378726624e-22,0.0812933756389205,83.24441665425462,4096,40.62800272970888,166412.29918088758,40.55149733291704,166098.9330756282,32768,36.53315431360613,1197118.4005482458,0.0669854580000901,36.44008004390075,1194068.5428785398,complete,complete,36.44008004390075,1024,0.0,0
133.37620625859955,124625.36271182324,False,1108164608,0.0076487500000439,True,1280,0,0.0,1024,0.0114434159997927,1.25,6.394018647760482e-15,2.082645585617241e-13,2029,20.84271157549951,0.0001672429361244,cutoff_1e-10,complete,0.2238007079999988,0.2537745409999843,1024,4.2357545266513474e-29,4.33741263529098e-26,4.2357545266513474e-29,4.33741263529098e-26,4096,0.0109344049172974,44.78732254125038,0.0109344049172974,44.78732254125038,32768,0.0105445199918414,345.52283109265966,0.0738549580000835,0.0105445199918414,345.52283109265966,complete,complete,0.0105445199918414,1024,0.0,0
6286.072976635989,124625.36271182324,False,1108164608,0.0076487500000439,True,1280,1,0.3,1024,0.0114434159997927,1.25,3.820303213325433e-13,1.2690618013133394e-11,2029,20.84271157549951,0.0001672429361244,cutoff_1e-10,complete,0.2238007079999988,0.2537745409999843,1024,1.5727713433131424e-25,1.6105178555526578e-22,0.0812933756389244,83.2444166542586,4096,25.85150363044577,105887.75887030586,25.74758473438779,105462.1070720524,32768,27.273961161888636,893713.1593527668,0.0738549580000835,27.195790302579816,891151.6566349354,complete,complete,27.195790302579816,1024,0.0,0
133.37620625859955,124625.36271182324,False,1108164608,0.0076487500000439,True,1280,0,0.0,1024,0.0114434159997927,1.25,6.394018647760482e-15,2.082645585617241e-13,2029,20.84271157549951,0.0001672429361244,cutoff_1e-14,complete,0.2238007079999988,0.2537745409999843,1024,4.2357545266513474e-29,4.33741263529098e-26,4.2357545266513474e-29,4.33741263529098e-26,4096,0.0109344049172974,44.78732254125038,0.0109344049172974,44.78732254125038,32768,0.0105445199918414,345.52283109265966,0.0738549580000835,0.0105445199918414,345.52283109265966,complete,complete,0.0105445199918414,1024,0.0,0
6286.072976635989,124625.36271182324,False,1108164608,0.0076487500000439,True,1280,1,0.3,1024,0.0114434159997927,1.25,3.820303213325433e-13,1.2690618013133394e-11,2029,20.84271157549951,0.0001672429361244,cutoff_1e-14,complete,0.2238007079999988,0.2537745409999843,1024,1.5727713433131424e-25,1.6105178555526578e-22,0.0812933756389244,83.2444166542586,4096,25.85150363044577,105887.75887030586,25.74758473438779,105462.1070720524,32768,27.273961161888636,893713.1593527668,0.0738549580000835,27.195790302579816,891151.6566349354,complete,complete,27.195790302579816,1024,0.0,0
83.23356030486353,75927.60662014311,False,1108230144,0.0081377500000598,True,1536,0,0.0,1024,0.0121571670001685,1.5,5.349292638838872e-15,1.7423597449711266e-13,2029,20.81333094624685,0.0002741207298996,cutoff_1e-10,complete,0.278229458999931,0.3100615000000744,1024,2.9646655086873514e-29,3.035817480895848e-26,2.9646655086873514e-29,3.035817480895848e-26,4096,0.0081365654300926,33.32737200165949,0.0081365654300926,33.32737200165949,32768,0.0080762854772916,264.643722519893,0.1007063749998451,0.0080762854772916,264.643722519893,complete,complete,0.0080762854772916,1024,0.0,0
3802.026985979702,75927.60662014311,False,1108230144,0.0081377500000598,True,1536,1,0.3,1024,0.0121571670001685,1.5,1.650460585371095e-13,5.4826446135527905e-12,2029,20.81333094624685,0.0002741207298996,cutoff_1e-10,complete,0.278229458999931,0.3100615000000744,1024,2.935487495949163e-26,3.005939195851943e-23,0.0812933756389256,83.24441665425984,4096,16.569235768248546,67867.58970674605,16.4810556904179,67506.40410795172,32768,19.107743887704572,626122.5517123034,0.1007063749998451,19.031072551553713,623610.1853693121,complete,complete,19.031072551553713,1024,0.0,0
83.23356030486353,75927.60662014311,False,1108230144,0.0081377500000598,True,1536,0,0.0,1024,0.0121571670001685,1.5,5.349292638838872e-15,1.7423597449711266e-13,2029,20.81333094624685,0.0002741207298996,cutoff_1e-14,complete,0.278229458999931,0.3100615000000744,1024,2.9646655086873514e-29,3.035817480895848e-26,2.9646655086873514e-29,3.035817480895848e-26,4096,0.0081365654300926,33.32737200165949,0.0081365654300926,33.32737200165949,32768,0.0080762854772916,264.643722519893,0.1007063749998451,0.0080762854772916,264.643722519893,complete,complete,0.0080762854772916,1024,0.0,0
3802.026985979702,75927.60662014311,False,1108230144,0.0081377500000598,True,1536,1,0.3,1024,0.0121571670001685,1.5,1.650460585371095e-13,5.4826446135527905e-12,2029,20.81333094624685,0.0002741207298996,cutoff_1e-14,complete,0.278229458999931,0.3100615000000744,1024,2.935487495949163e-26,3.005939195851943e-23,0.0812933756389256,83.24441665425984,4096,16.569235768248546,67867.58970674605,16.4810556904179,67506.40410795172,32768,19.107743887704572,626122.5517123034,0.1007063749998451,19.031072551553713,623610.1853693121,complete,complete,19.031072551553713,1024,0.0,0
54.44210067262909,45536.98725438768,False,1108262912,0.0090002500000991,True,2048,0,0.0,1024,0.0170764169999984,2.0,6.569531210171425e-15,2.1398131485322394e-13,2029,20.807462338617427,0.0004569354187262,cutoff_1e-10,complete,0.3439837079999961,0.3846991660000185,1024,4.4714846783510303e-29,4.5788003106314556e-26,4.4714846783510303e-29,4.5788003106314556e-26,4096,0.0044941630469666,18.40809184037529,0.0044941630469666,18.40809184037529,32768,0.0050174967339314,164.41333297746496,0.1533094589999564,0.0050174967339314,164.41333297746496,complete,complete,0.0050174967339314,1024,0.0,0
2343.22054249988,45536.98725438768,False,1108262912,0.0090002500000991,True,2048,1,0.3,1024,0.0170764169999984,2.0,9.826004238285617e-14,3.264088199820334e-12,2029,20.807462338617427,0.0004569354187262,cutoff_1e-10,complete,0.3439837079999961,0.3846991660000185,1024,1.0404562281451514e-26,1.065427177620635e-23,0.0812933756389284,83.2444166542627,4096,10.667816440134883,43695.37613879249,10.534361263431144,43148.743735013966,32768,11.59049532221874,379797.35071846365,0.1533094589999564,11.51373242661485,377281.9841553154,complete,complete,11.51373242661485,1024,0.0,0
54.44210067262909,45536.98725438768,False,1108262912,0.0090002500000991,True,2048,0,0.0,1024,0.0170764169999984,2.0,6.569531210171425e-15,2.1398131485322394e-13,2029,20.807462338617427,0.0004569354187262,cutoff_1e-14,complete,0.3439837079999961,0.3846991660000185,1024,4.4714846783510303e-29,4.5788003106314556e-26,4.4714846783510303e-29,4.5788003106314556e-26,4096,0.0044941630469666,18.40809184037529,0.0044941630469666,18.40809184037529,32768,0.0050174967339314,164.41333297746496,0.1533094589999564,0.0050174967339314,164.41333297746496,complete,complete,0.0050174967339314,1024,0.0,0
2343.22054249988,45536.98725438768,False,1108262912,0.0090002500000991,True,2048,1,0.3,1024,0.0170764169999984,2.0,9.826004238285617e-14,3.264088199820334e-12,2029,20.807462338617427,0.0004569354187262,cutoff_1e-14,complete,0.3439837079999961,0.3846991660000185,1024,1.0404562281451514e-26,1.065427177620635e-23,0.0812933756389284,83.2444166542627,4096,10.667816440134883,43695.37613879249,10.534361263431144,43148.743735013966,32768,11.59049532221874,379797.35071846365,0.1533094589999564,11.51373242661485,377281.9841553154,complete,complete,11.51373242661485,1024,0.0,0
41.402057314264916,28467.929512185285,False,1108328448,0.0106317499999022,True,3072,0,0.0,1024,0.0206514999999853,3.0,7.958385253072446e-15,2.5921876098622154e-13,2029,20.86760250336915,0.0007330214336254,cutoff_1e-10,complete,0.5151529170000231,0.5668073340000319,1024,6.561949809299986e-29,6.719436604723186e-26,6.561949809299986e-29,6.719436604723186e-26,4096,0.0042734488843444,17.50404663027505,0.0042734488843444,17.50404663027505,32768,0.0045086326600081,147.7388750031477,0.1711575419999462,0.0045086326600081,147.7388750031477,complete,complete,0.0045086326600081,1024,0.0,0
1622.0722660196477,28467.929512185285,False,1108328448,0.0106317499999022,True,3072,1,0.3,1024,0.0206514999999853,3.0,7.876649186670755e-14,2.6165343552530554e-12,2029,20.86760250336915,0.0007330214336254,cutoff_1e-10,complete,0.5151529170000231,0.5668073340000319,1024,6.685793000214377e-27,6.846252032219522e-24,0.0812933756389244,83.2444166542586,4096,8.396761776136852,34393.13623505655,8.276650154179343,33901.15903151859,32768,8.281633812053316,271372.5767533631,0.1711575419999462,8.193391848242936,268481.0640832245,complete,complete,8.193391848242936,1024,0.0,0
41.402057314264916,28467.929512185285,False,1108328448,0.0106317499999022,True,3072,0,0.0,1024,0.0206514999999853,3.0,7.958385253072446e-15,2.5921876098622154e-13,2029,20.86760250336915,0.0007330214336254,cutoff_1e-14,complete,0.5151529170000231,0.5668073340000319,1024,6.561949809299986e-29,6.719436604723186e-26,6.561949809299986e-29,6.719436604723186e-26,4096,0.0042734488843444,17.50404663027505,0.0042734488843444,17.50404663027505,32768,0.0045086326600081,147.7388750031477,0.1711575419999462,0.0045086326600081,147.7388750031477,complete,complete,0.0045086326600081,1024,0.0,0
1622.0722660196477,28467.929512185285,False,1108328448,0.0106317499999022,True,3072,1,0.3,1024,0.0206514999999853,3.0,7.876649186670755e-14,2.6165343552530554e-12,2029,20.86760250336915,0.0007330214336254,cutoff_1e-14,complete,0.5151529170000231,0.5668073340000319,1024,6.685793000214377e-27,6.846252032219522e-24,0.0812933756389244,83.2444166542586,4096,8.396761776136852,34393.13623505655,8.276650154179343,33901.15903151859,32768,8.281633812053316,271372.5767533631,0.1711575419999462,8.193391848242936,268481.0640832245,complete,complete,8.193391848242936,1024,0.0,0
35.56489960850243,23416.31277299282,False,1108377600,0.0123140420000709,True,4096,0,0.0,1024,0.0274733749999995,4.0,1.4121227243014167e-14,4.599534846752772e-13,2029,20.79515842934121,0.0008880628914952,cutoff_1e-10,complete,0.6744394580000517,0.7401094159999957,1024,2.065988360009087e-28,2.115572080649305e-25,2.065988360009087e-28,2.115572080649305e-25,4096,0.0041485576123437,16.99249198016011,0.0041485576123437,16.99249198016011,32768,0.0042426960608173,139.02466452086128,0.2165822080000907,0.0042426960608173,139.02466452086128,complete,complete,0.0042426960608173,1024,0.0,0
1358.43137743355,23416.31277299282,False,1108377600,0.0123140420000709,True,4096,1,0.3,1024,0.0274733749999995,4.0,6.550085066999274e-14,2.175864660398516e-12,2029,20.79515842934121,0.0008880628914952,cutoff_1e-10,complete,0.6744394580000517,0.7401094159999957,1024,4.6234248245812005e-27,4.734387020371149e-24,0.0812933756389261,83.24441665426033,4096,6.946022273608581,28450.90723270075,6.8216729595550945,27941.572442337667,32768,7.078886436325494,231960.95074551375,0.2165822080000907,6.993146679906272,229151.43040716872,complete,complete,6.993146679906272,1024,0.0,0
35.56489960850243,23416.31277299282,False,1108377600,0.0123140420000709,True,4096,0,0.0,1024,0.0274733749999995,4.0,1.4121227243014167e-14,4.599534846752772e-13,2029,20.79515842934121,0.0008880628914952,cutoff_1e-14,complete,0.6744394580000517,0.7401094159999957,1024,2.065988360009087e-28,2.115572080649305e-25,2.065988360009087e-28,2.115572080649305e-25,4096,0.0041485576123437,16.99249198016011,0.0041485576123437,16.99249198016011,32768,0.0042426960608173,139.02466452086128,0.2165822080000907,0.0042426960608173,139.02466452086128,complete,complete,0.0042426960608173,1024,0.0,0
1358.43137743355,23416.31277299282,False,1108377600,0.0123140420000709,True,4096,1,0.3,1024,0.0274733749999995,4.0,6.550085066999274e-14,2.175864660398516e-12,2029,20.79515842934121,0.0008880628914952,cutoff_1e-14,complete,0.6744394580000517,0.7401094159999957,1024,4.6234248245812005e-27,4.734387020371149e-24,0.0812933756389261,83.24441665426033,4096,6.946022273608581,28450.90723270075,6.8216729595550945,27941.572442337667,32768,7.078886436325494,231960.95074551375,0.2165822080000907,6.993146679906272,229151.43040716872,complete,complete,6.993146679906272,1024,0.0,0
29.800302322569458,17393.856807109507,False,1175519232,0.0187390830001277,True,8192,0,0.0,1024,0.062958750000007,8.0,1.5924728136767867e-14,5.18696716153785e-13,2029,20.67204580017889,0.0011884682062996,cutoff_1e-10,complete,1.3783605420001095,1.5090274169999702,1024,2.627405110827346e-28,2.6904628334872025e-25,2.627405110827346e-28,2.6904628334872025e-25,4096,0.0036667254092085,15.0189072761184,0.0036667254092085,15.0189072761184,32768,0.0034572965139857,113.28869217028527,0.4395398750002641,0.0034572965139857,113.28869217028527,complete,complete,0.0034572965139857,1024,0.0,0
1002.3414627192824,17393.856807109507,False,1175519232,0.0187390830001277,True,8192,1,0.3,1024,0.062958750000007,8.0,5.54853730902141e-14,1.843161748910414e-12,2029,20.67204580017889,0.0011884682062996,cutoff_1e-10,complete,1.3783605420001095,1.5090274169999702,1024,3.317622297506344e-27,3.397245232646496e-24,0.0812933756389252,83.24441665425942,4096,5.686003391994938,23289.869893611267,5.569533535606254,22812.809361843218,32768,5.11584428541347,167635.98554442858,0.4395398750002641,5.028754838428966,164782.23854564037,complete,complete,5.028754838428966,1024,0.0,0
29.800302322569458,17393.856807109507,False,1175519232,0.0187390830001277,True,8192,0,0.0,1024,0.062958750000007,8.0,1.5924728136767867e-14,5.18696716153785e-13,2029,20.67204580017889,0.0011884682062996,cutoff_1e-14,complete,1.3783605420001095,1.5090274169999702,1024,2.627405110827346e-28,2.6904628334872025e-25,2.627405110827346e-28,2.6904628334872025e-25,4096,0.0036667254092085,15.0189072761184,0.0036667254092085,15.0189072761184,32768,0.0034572965139857,113.28869217028527,0.4395398750002641,0.0034572965139857,113.28869217028527,complete,complete,0.0034572965139857,1024,0.0,0
1002.3414627192824,17393.856807109507,False,1175519232,0.0187390830001277,True,8192,1,0.3,1024,0.062958750000007,8.0,5.54853730902141e-14,1.843161748910414e-12,2029,20.67204580017889,0.0011884682062996,cutoff_1e-14,complete,1.3783605420001095,1.5090274169999702,1024,3.317622297506344e-27,3.397245232646496e-24,0.0812933756389252,83.24441665425942,4096,5.686003391994938,23289.869893611267,5.569533535606254,22812.809361843218,32768,5.11584428541347,167635.98554442858,0.4395398750002641,5.028754838428966,164782.23854564037,complete,complete,5.028754838428966,1024,0.0,0
13.570612406724932,118.20381279165746,False,1175584768,0.0055450410000048,False,64,0,0.0,64,0.0007533749999311,0.0625,0.2980888259388295,9.709283185790683,2030,22.890880019523475,0.1936560207230393,cutoff_1e-10,complete,0.0027142090000324,0.0147245410000778,1024,0.0920607226385523,94.27017998187756,0.0920607226385523,94.27017998187756,4096,0.1273166272146234,521.4889050710976,0.1273166272146234,521.4889050710976,32768,0.1208665453365274,3960.554957587331,0.0079445830001532,0.1208665453365274,3960.554957587331,complete,complete,0.1208665453365274,64,0.0,0
14.165855004715636,118.20381279165746,False,1175584768,0.0055450410000048,False,64,1,0.3,64,0.0007533749999311,0.0625,0.3797544870448802,12.615017355297695,2030,22.890880019523475,0.1936560207230393,cutoff_1e-10,complete,0.0027142090000324,0.0147245410000778,1024,0.1554088504633421,159.13866287446237,0.0981417963425979,100.49719945482032,4096,0.2200025010584015,901.1302443352128,0.1296814469083037,531.1752065364122,32768,0.2170853269401233,7113.4519931739615,0.0079445830001532,0.1247961091364477,4089.31890418312,complete,complete,0.1247961091364477,64,0.0,0
13.570612406724932,118.20381279165746,False,1175584768,0.0055450410000048,False,64,0,0.0,64,0.0007533749999311,0.0625,0.2980888259388295,9.709283185790683,2030,22.890880019523475,0.1936560207230393,cutoff_1e-14,complete,0.0027142090000324,0.0147245410000778,1024,0.0920607226385523,94.27017998187756,0.0920607226385523,94.27017998187756,4096,0.1273166272146234,521.4889050710976,0.1273166272146234,521.4889050710976,32768,0.1208665453365274,3960.554957587331,0.0079445830001532,0.1208665453365274,3960.554957587331,complete,complete,0.1208665453365274,64,0.0,0
14.165855004715636,118.20381279165746,False,1175584768,0.0055450410000048,False,64,1,0.3,64,0.0007533749999311,0.0625,0.3797544870448802,12.615017355297695,2030,22.890880019523475,0.1936560207230393,cutoff_1e-14,complete,0.0027142090000324,0.0147245410000778,1024,0.1554088504633421,159.13866287446237,0.0981417963425979,100.49719945482032,4096,0.2200025010584015,901.1302443352128,0.1296814469083037,531.1752065364122,32768,0.2170853269401233,7113.4519931739615,0.0079445830001532,0.1247961091364477,4089.31890418312,complete,complete,0.1247961091364477,64,0.0,0
22.96495093128636,281.49758015921,False,1175584768,0.0052717920000304,False,128,0,0.0,128,0.0011653749998004,0.125,0.229150885046052,7.463851850801193,2030,21.27164540722335,0.0755659973886542,cutoff_1e-10,complete,0.007552958000133,0.0195537080001031,1024,0.0544034027838949,55.709084450708374,0.0544034027838949,55.709084450708374,4096,0.094913198582177,388.764461392597,0.094913198582177,388.764461392597,32768,0.0903510963989452,2960.624726800638,0.0111161250001714,0.0903510963989452,2960.624726800638,complete,complete,0.0903510963989452,128,0.0,0
24.917070296965132,281.49758015921,False,1175584768,0.0052717920000304,False,128,1,0.3,128,0.0011653749998004,0.125,0.3316073785361241,11.015624510273646,2030,21.27164540722335,0.0755659973886542,cutoff_1e-10,complete,0.007552958000133,0.0195537080001031,1024,0.1184999837415445,121.34398335134163,0.0665113276631243,68.10759952703933,4096,0.1934324333549926,792.2992470220497,0.1053190191416658,431.3867024042635,32768,0.1929138285240659,6321.400333076592,0.0111161250001714,0.1004757802887796,3292.39036850273,complete,complete,0.1004757802887796,128,0.0,0
22.96495093128636,281.49758015921,False,1175584768,0.0052717920000304,False,128,0,0.0,128,0.0011653749998004,0.125,0.229150885046052,7.463851850801193,2030,21.27164540722335,0.0755659973886542,cutoff_1e-14,complete,0.007552958000133,0.0195537080001031,1024,0.0544034027838949,55.709084450708374,0.0544034027838949,55.709084450708374,4096,0.094913198582177,388.764461392597,0.094913198582177,388.764461392597,32768,0.0903510963989452,2960.624726800638,0.0111161250001714,0.0903510963989452,2960.624726800638,complete,complete,0.0903510963989452,128,0.0,0
24.917070296965132,281.49758015921,False,1175584768,0.0052717920000304,False,128,1,0.3,128,0.0011653749998004,0.125,0.3316073785361241,11.015624510273646,2030,21.27164540722335,0.0755659973886542,cutoff_1e-14,complete,0.007552958000133,0.0195537080001031,1024,0.1184999837415445,121.34398335134163,0.0665113276631243,68.10759952703933,4096,0.1934324333549926,792.2992470220497,0.1053190191416658,431.3867024042635,32768,0.1929138285240659,6321.400333076592,0.0111161250001714,0.1004757802887796,3292.39036850273,complete,complete,0.1004757802887796,128,0.0,0
68.94829961046639,1295.347655824152,False,1175617536,0.0053760419998525,False,256,0,0.0,256,0.0023855419999563,0.25,0.1179221529715391,3.840934236541136,2030,21.87986158451621,0.0168911114218177,cutoff_1e-10,complete,0.0171032089999698,0.0309463329999744,1024,0.0144070076264002,14.752775809433825,0.0144070076264002,14.752775809433825,4096,0.0598742787737208,245.2450458571608,0.0598742787737208,245.2450458571608,32768,0.0522617737525036,1712.5138023220404,0.0178344589999142,0.0522617737525036,1712.5138023220404,complete,complete,0.0522617737525036,256,0.0,0
86.19281846814187,1295.347655824152,False,1175617536,0.0053760419998525,False,256,1,0.3,256,0.0023855419999563,0.25,0.2555046320513824,8.487576783539668,2030,21.87986158451621,0.0168911114218177,cutoff_1e-10,complete,0.0171032089999698,0.0309463329999744,1024,0.0703505465395328,72.03895965648158,0.0356281907126118,36.48326728971449,4096,0.1828690012307232,749.0314290410424,0.0948361790894035,388.4489895501971,32768,0.1802404549351294,5906.119227314321,0.0178344589999142,0.087114240090803,2854.559419295435,complete,complete,0.087114240090803,256,0.0,0
68.94829961046639,1295.347655824152,False,1175617536,0.0053760419998525,False,256,0,0.0,256,0.0023855419999563,0.25,0.1179221529715391,3.840934236541136,2030,21.87986158451621,0.0168911114218177,cutoff_1e-14,complete,0.0171032089999698,0.0309463329999744,1024,0.0144070076264002,14.752775809433825,0.0144070076264002,14.752775809433825,4096,0.0598742787737208,245.2450458571608,0.0598742787737208,245.2450458571608,32768,0.0522617737525036,1712.5138023220404,0.0178344589999142,0.0522617737525036,1712.5138023220404,complete,complete,0.0522617737525036,256,0.0,0
86.19281846814187,1295.347655824152,False,1175617536,0.0053760419998525,False,256,1,0.3,256,0.0023855419999563,0.25,0.2555046320513824,8.487576783539668,2030,21.87986158451621,0.0168911114218177,cutoff_1e-14,complete,0.0171032089999698,0.0309463329999744,1024,0.0703505465395328,72.03895965648158,0.0356281907126118,36.48326728971449,4096,0.1828690012307232,749.0314290410424,0.0948361790894035,388.4489895501971,32768,0.1802404549351294,5906.119227314321,0.0178344589999142,0.087114240090803,2854.559419295435,complete,complete,0.087114240090803,256,0.0,0
86.57871434537293,3911.4861505871913,False,1175683072,0.0057819589999326,False,384,0,0.0,384,0.0030345840000336,0.375,0.0527949720668586,1.7196261314680397,2030,21.383301172821295,0.0054667971071842,cutoff_1e-10,complete,0.029841000000033,0.0458113749998574,1024,0.002887806671902,2.957114032027734,0.002887806671902,2.957114032027734,4096,0.0305971092722448,125.32575957911486,0.0305971092722448,125.32575957911486,32768,0.0260316975847272,853.0066664563434,0.0231285840000055,0.0260316975847272,853.0066664563434,complete,complete,0.0260316975847272,384,0.0,0
191.40047835350063,3911.4861505871913,False,1175683072,0.0057819589999326,False,384,1,0.3,384,0.0030345840000336,0.375,0.2152282761481848,7.149641496241962,2030,21.383301172821295,0.0054667971071842,cutoff_1e-10,complete,0.029841000000033,0.0458113749998574,1024,0.0499193100827978,51.11737352478504,0.0359640488726161,36.827186045558975,4096,0.2135970493087128,874.8935139684879,0.1268659143116292,519.6427850204332,32768,0.215384838475978,7057.730387180848,0.0231285840000055,0.1232413341695702,4038.372038068478,complete,complete,0.1232413341695702,384,0.0,0
86.57871434537293,3911.4861505871913,False,1175683072,0.0057819589999326,False,384,0,0.0,384,0.0030345840000336,0.375,0.0527949720668586,1.7196261314680397,2030,21.383301172821295,0.0054667971071842,cutoff_1e-14,complete,0.029841000000033,0.0458113749998574,1024,0.002887806671902,2.957114032027734,0.002887806671902,2.957114032027734,4096,0.0305971092722448,125.32575957911486,0.0305971092722448,125.32575957911486,32768,0.0260316975847272,853.0066664563434,0.0231285840000055,0.0260316975847272,853.0066664563434,complete,complete,0.0260316975847272,384,0.0,0
191.40047835350063,3911.4861505871913,False,1175683072,0.0057819589999326,False,384,1,0.3,384,0.0030345840000336,0.375,0.2152282761481848,7.149641496241962,2030,21.383301172821295,0.0054667971071842,cutoff_1e-14,complete,0.029841000000033,0.0458113749998574,1024,0.0499193100827978,51.11737352478504,0.0359640488726161,36.827186045558975,4096,0.2135970493087128,874.8935139684879,0.1268659143116292,519.6427850204332,32768,0.215384838475978,7057.730387180848,0.0231285840000055,0.1232413341695702,4038.372038068478,complete,complete,0.1232413341695702,384,0.0,0
109.30500485544331,7871.445418824108,False,1179926528,0.0057682080000631,False,512,0,0.0,512,0.0040727919999881,0.5,0.0304013040725176,0.9902245397081012,2030,21.41848832773641,0.002721036250409,cutoff_1e-10,complete,0.0515037919999485,0.0684976249999635,1024,0.0009575631240626,0.9805446390401208,0.0009575631240626,0.9805446390401208,4096,0.0218485107024383,89.49149983718732,0.0218485107024383,89.49149983718732,32768,0.0182599420420688,598.3417808345109,0.0299473339996438,0.0182599420420688,598.3417808345109,complete,complete,0.0182599420420688,512,0.0,0
346.6256017452397,7871.445418824108,False,1179926528,0.0057682080000631,False,512,1,0.3,512,0.0040727919999881,0.5,0.1954290929762335,6.491934878267583,2030,21.41848832773641,0.002721036250409,cutoff_1e-10,complete,0.0515037919999485,0.0684976249999635,1024,0.0411574399059249,42.14521846366712,0.0419682081019451,42.97544509639178,4096,0.2974131974310375,1218.2044566775296,0.2103062583064753,861.4144340233229,32768,0.3058718619593528,10022.809172684072,0.0299473339996438,0.2143901744393823,7025.137236029681,complete,complete,0.2143901744393823,512,0.0,0
109.30500485544331,7871.445418824108,False,1179926528,0.0057682080000631,False,512,0,0.0,512,0.0040727919999881,0.5,0.0304013040725176,0.9902245397081012,2030,21.41848832773641,0.002721036250409,cutoff_1e-14,complete,0.0515037919999485,0.0684976249999635,1024,0.0009575631240626,0.9805446390401208,0.0009575631240626,0.9805446390401208,4096,0.0218485107024383,89.49149983718732,0.0218485107024383,89.49149983718732,32768,0.0182599420420688,598.3417808345109,0.0299473339996438,0.0182599420420688,598.3417808345109,complete,complete,0.0182599420420688,512,0.0,0
346.6256017452397,7871.445418824108,False,1179926528,0.0057682080000631,False,512,1,0.3,512,0.0040727919999881,0.5,0.1954290929762335,6.491934878267583,2030,21.41848832773641,0.002721036250409,cutoff_1e-14,complete,0.0515037919999485,0.0684976249999635,1024,0.0411574399059249,42.14521846366712,0.0419682081019451,42.97544509639178,4096,0.2974131974310375,1218.2044566775296,0.2103062583064753,861.4144340233229,32768,0.3058718619593528,10022.809172684072,0.0299473339996438,0.2143901744393823,7025.137236029681,complete,complete,0.2143901744393823,512,0.0,0
210.53482542631673,41934.86704845536,False,1180024832,0.0060362080000686,False,768,0,0.0,768,0.0058152500000687,0.75,0.0080804263296773,0.263193855890646,2030,20.877637003388894,0.0004978586668526,cutoff_1e-10,complete,0.0951269160000265,0.1150715000001127,1024,6.764746658065055e-05,0.0692710057785861,6.764746658065055e-05,0.0692710057785861,4096,0.0184747805272466,75.67270103960227,0.0184747805272466,75.67270103960227,32768,0.0161508516099922,529.2311055562245,0.0428878329998951,0.0161508516099922,529.2311055562245,complete,complete,0.0161508516099922,768,0.0,0
1854.4185591921748,41934.86704845536,False,1180024832,0.0060362080000686,False,768,1,0.3,768,0.0058152500000687,0.75,0.1399189433799993,4.647950081666859,2030,20.877637003388894,0.0004978586668526,cutoff_1e-10,complete,0.0951269160000265,0.1150715000001127,1024,0.0210971093375653,21.603439961666943,0.060305411207381,61.75274107635824,4096,1.637121637030969,6705.650225278849,1.5382774372557908,6300.784382999719,32768,1.565055248967481,51283.730398166415,0.0428878329998951,1.471459299032246,48216.778310688635,complete,complete,1.471459299032246,768,0.0,0
210.53482542631673,41934.86704845536,False,1180024832,0.0060362080000686,False,768,0,0.0,768,0.0058152500000687,0.75,0.0080804263296773,0.263193855890646,2030,20.877637003388894,0.0004978586668526,cutoff_1e-14,complete,0.0951269160000265,0.1150715000001127,1024,6.764746658065055e-05,0.0692710057785861,6.764746658065055e-05,0.0692710057785861,4096,0.0184747805272466,75.67270103960227,0.0184747805272466,75.67270103960227,32768,0.0161508516099922,529.2311055562245,0.0428878329998951,0.0161508516099922,529.2311055562245,complete,complete,0.0161508516099922,768,0.0,0
1854.4185591921748,41934.86704845536,False,1180024832,0.0060362080000686,False,768,1,0.3,768,0.0058152500000687,0.75,0.1399189433799993,4.647950081666859,2030,20.877637003388894,0.0004978586668526,cutoff_1e-14,complete,0.0951269160000265,0.1150715000001127,1024,0.0210971093375653,21.603439961666943,0.060305411207381,61.75274107635824,4096,1.637121637030969,6705.650225278849,1.5382774372557908,6300.784382999719,32768,1.565055248967481,51283.730398166415,0.0428878329998951,1.471459299032246,48216.778310688635,complete,complete,1.471459299032246,768,0.0,0
333.5892633295303,120694.83949567832,False,1180090368,0.0076220830001147,False,896,0,0.0,896,0.0065752499999689,0.875,0.0041469149033154,0.1350723933272427,2030,20.83251810794292,0.00017260487851,cutoff_1e-10,complete,0.1187478340000325,0.1429870839999694,1024,1.781694476479433e-05,0.0182445514391493,1.781694476479433e-05,0.0182445514391493,4096,0.0256879059586257,105.21766280653112,0.0256879059586257,105.21766280653112,32768,0.0237663253320961,778.7749484821252,0.0493602920000739,0.0237663253320961,778.7749484821252,complete,complete,0.0237663253320961,896,0.0,0
6053.243246776262,120694.83949567832,False,1180090368,0.0076220830001147,False,896,1,0.3,896,0.0065752499999689,0.875,0.0948342807819717,3.1502882487346677,2030,20.83251810794292,0.00017260487851,cutoff_1e-10,complete,0.1187478340000325,0.1429870839999694,1024,0.0096917148926911,9.924316050115731,0.0716201480500039,73.33903160320405,4096,8.456757994460855,34638.88074531166,8.372973998870805,34295.701499374816,32768,8.176280365085512,267920.35500312207,0.0493602920000739,8.091352782296884,265137.4479703043,complete,complete,8.091352782296884,896,0.0,0
333.5892633295303,120694.83949567832,False,1180090368,0.0076220830001147,False,896,0,0.0,896,0.0065752499999689,0.875,0.0041469149033154,0.1350723933272427,2030,20.83251810794292,0.00017260487851,cutoff_1e-14,complete,0.1187478340000325,0.1429870839999694,1024,1.781694476479433e-05,0.0182445514391493,1.781694476479433e-05,0.0182445514391493,4096,0.0256879059586257,105.21766280653112,0.0256879059586257,105.21766280653112,32768,0.0237663253320961,778.7749484821252,0.0493602920000739,0.0237663253320961,778.7749484821252,complete,complete,0.0237663253320961,896,0.0,0
6053.243246776262,120694.83949567832,False,1180090368,0.0076220830001147,False,896,1,0.3,896,0.0065752499999689,0.875,0.0948342807819717,3.1502882487346677,2030,20.83251810794292,0.00017260487851,cutoff_1e-14,complete,0.1187478340000325,0.1429870839999694,1024,0.0096917148926911,9.924316050115731,0.0716201480500039,73.33903160320405,4096,8.456757994460855,34638.88074531166,8.372973998870805,34295.701499374816,32768,8.176280365085512,267920.35500312207,0.0493602920000739,8.091352782296884,265137.4479703043,complete,complete,8.091352782296884,896,0.0,0
474.8485288148766,318380.5275440179,False,1180106752,0.0072563329999866,False,960,0,0.0,960,0.007360374999962,0.9375,0.0020724104347495,0.0675020934608944,2030,20.8600815404307,6.551933845120812e-05,cutoff_1e-10,complete,0.132061750000048,0.1566995000000588,1024,4.449738888284495e-06,0.0045565326216033,4.449738888284495e-06,0.0045565326216033,4096,0.0401797691799474,164.57633456106487,0.0401797691799474,164.57633456106487,32768,0.0386896786288754,1267.783389310992,0.0532803750002131,0.0386896786288754,1267.783389310992,complete,complete,0.0386896786288754,960,0.0,0
10989.738414515285,318380.5275440179,False,1180106752,0.0072563329999866,False,960,1,0.3,960,0.007360374999962,0.9375,0.0669779231660256,2.224931349030654,2030,20.8600815404307,6.551933845120812e-05,cutoff_1e-10,complete,0.132061750000048,0.1566995000000588,1024,0.0048342963944329,4.95031950789937,0.0764548427719334,78.28975899845989,4096,35.97113664631932,147337.77570332395,35.84283327851258,146812.24510878752,32768,32.653413584658765,1069987.0563420984,0.0532803750002131,32.57567894379467,1067439.8476302638,complete,complete,32.57567894379467,960,0.0,0
474.8485288148766,318380.5275440179,False,1180106752,0.0072563329999866,False,960,0,0.0,960,0.007360374999962,0.9375,0.0020724104347495,0.0675020934608944,2030,20.8600815404307,6.551933845120812e-05,cutoff_1e-14,complete,0.132061750000048,0.1566995000000588,1024,4.449738888284495e-06,0.0045565326216033,4.449738888284495e-06,0.0045565326216033,4096,0.0401797691799474,164.57633456106487,0.0401797691799474,164.57633456106487,32768,0.0386896786288754,1267.783389310992,0.0532803750002131,0.0386896786288754,1267.783389310992,complete,complete,0.0386896786288754,960,0.0,0
10989.738414515285,318380.5275440179,False,1180106752,0.0072563329999866,False,960,1,0.3,960,0.007360374999962,0.9375,0.0669779231660256,2.224931349030654,2030,20.8600815404307,6.551933845120812e-05,cutoff_1e-14,complete,0.132061750000048,0.1566995000000588,1024,0.0048342963944329,4.95031950789937,0.0764548427719334,78.28975899845989,4096,35.97113664631932,147337.77570332395,35.84283327851258,146812.24510878752,32768,32.653413584658765,1069987.0563420984,0.0532803750002131,32.57567894379467,1067439.8476302638,complete,complete,32.57567894379467,960,0.0,0
568.3771499252734,571604.6537614254,False,1180139520,0.0071798329997818,False,992,0,0.0,992,0.0071909999999206,0.96875,0.0013969419701688,0.0455008843077847,2030,20.882043326589763,3.653231860373454e-05,cutoff_1e-10,complete,0.1391760829999384,0.165032999999994,1024,2.0218071023343845e-06,0.0020703304727904,2.0218071023343845e-06,0.0020703304727904,4096,0.0535539416538804,219.35694501429424,0.0535539416538804,219.35694501429424,32768,0.0568040982870721,1861.3566926707808,0.0551561249999394,0.0568040982870721,1861.3566926707808,complete,complete,0.0568040982870721,992,0.0,0
20837.388186131477,571604.6537614254,False,1180139520,0.0071798329997818,False,992,1,0.3,992,0.0071909999999206,0.96875,0.0456485187084193,1.5163924993525766,2030,20.882043326589763,3.653231860373454e-05,cutoff_1e-10,complete,0.1391760829999384,0.165032999999994,1024,0.0022455529414968,2.299446212092757,0.0790467517664326,80.94387380882705,4096,79.44748058109161,325416.88046015124,79.30494597303903,324833.05870556785,32768,73.12640910592435,2396206.173582929,0.0551561249999394,73.04224869123595,2393448.40511442,complete,complete,73.04224869123595,992,0.0,0
568.3771499252734,571604.6537614254,False,1180139520,0.0071798329997818,False,992,0,0.0,992,0.0071909999999206,0.96875,0.0013969419701688,0.0455008843077847,2030,20.882043326589763,3.653231860373454e-05,cutoff_1e-14,complete,0.1391760829999384,0.165032999999994,1024,2.0218071023343845e-06,0.0020703304727904,2.0218071023343845e-06,0.0020703304727904,4096,0.0535539416538804,219.35694501429424,0.0535539416538804,219.35694501429424,32768,0.0568040982870721,1861.3566926707808,0.0551561249999394,0.0568040982870721,1861.3566926707808,complete,complete,0.0568040982870721,992,0.0,0
20837.388186131477,571604.6537614254,False,1180139520,0.0071798329997818,False,992,1,0.3,992,0.0071909999999206,0.96875,0.0456485187084193,1.5163924993525766,2030,20.882043326589763,3.653231860373454e-05,cutoff_1e-14,complete,0.1391760829999384,0.165032999999994,1024,0.0022455529414968,2.299446212092757,0.0790467517664326,80.94387380882705,4096,79.44748058109161,325416.88046015124,79.30494597303903,324833.05870556785,32768,73.12640910592435,2396206.173582929,0.0551561249999394,73.04224869123595,2393448.40511442,complete,complete,73.04224869123595,992,0.0,0
2207.8694828532048,8044828.518324772,False,1180172288,0.0072717499999725,False,1023,0,0.0,1023,0.009062958999948,0.9990234375,4.120015744285659e-06,0.0001341962398798,2030,20.88676356351201,2.5962969273907405e-06,cutoff_1e-10,complete,0.172047042000031,0.198534249999966,1024,1.758655351356087e-11,1.8008630797886333e-08,1.758655351356087e-11,1.8008630797886333e-08,4096,0.8264845750328946,3385.2808193347364,0.8264845750328946,3385.2808193347364,32768,0.8514670757077634,27900.87313679199,0.0679928750000726,0.8514670757077634,27900.87313679199,complete,complete,0.8514670757077634,1023,0.0,0
130803.2873748446,8044828.518324772,False,1180172288,0.0072717499999725,False,1023,1,0.3,1023,0.009062958999948,0.9990234375,0.0006645667373569,0.0220761602864774,2030,20.88676356351201,2.5962969273907405e-06,cutoff_1e-10,complete,0.172047042000031,0.198534249999966,1024,4.759344267521911e-07,0.0004873568529942,0.0812928939183185,83.24392337235818,4096,2388.1677110926885,9781934.944635652,2386.7770406492155,9776238.758499186,32768,2137.6729058367696,70047265.77845927,0.0679928750000726,2137.4524872695865,70040043.10284981,complete,complete,2137.4524872695865,1023,0.0,0
2207.8694828532048,8044828.518324772,False,1180172288,0.0072717499999725,False,1023,0,0.0,1023,0.009062958999948,0.9990234375,4.120015744285659e-06,0.0001341962398798,2030,20.88676356351201,2.5962969273907405e-06,cutoff_1e-14,complete,0.172047042000031,0.198534249999966,1024,1.758655351356087e-11,1.8008630797886333e-08,1.758655351356087e-11,1.8008630797886333e-08,4096,0.8264845750328946,3385.2808193347364,0.8264845750328946,3385.2808193347364,32768,0.8514670757077634,27900.87313679199,0.0679928750000726,0.8514670757077634,27900.87313679199,complete,complete,0.8514670757077634,1023,0.0,0
130803.2873748446,8044828.518324772,False,1180172288,0.0072717499999725,False,1023,1,0.3,1023,0.009062958999948,0.9990234375,0.0006645667373569,0.0220761602864774,2030,20.88676356351201,2.5962969273907405e-06,cutoff_1e-14,complete,0.172047042000031,0.198534249999966,1024,4.759344267521911e-07,0.0004873568529942,0.0812928939183185,83.24392337235818,4096,2388.1677110926885,9781934.944635652,2386.7770406492155,9776238.758499186,32768,2137.6729058367696,70047265.77845927,0.0679928750000726,2137.4524872695865,70040043.10284981,complete,complete,2137.4524872695865,1023,0.0,0
2232.0201693468334,11496075.60292234,False,1180221440,0.0070507079999515,True,1024,0,0.0,1024,0.0079536250000273,1.0,8.427078702765546e-14,2.744849401731237e-12,2030,20.896046515744334,1.8176678057364631e-06,cutoff_1e-10,complete,0.1624455000001035,0.1869361249998746,1024,7.357615466976884e-27,7.534198238184329e-24,7.357615466976884e-27,7.534198238184329e-24,4096,0.841008325653986,3444.7701018787266,0.841008325653986,3444.7701018787266,32768,0.8682057473824663,28449.365930228658,0.0590344580000419,0.8682057473824663,28449.365930228658,complete,complete,0.8682057473824663,1024,0.0,0
126298.73099490892,11496075.60292234,False,1180221440,0.0070507079999515,True,1024,1,0.3,1024,0.0079536250000273,1.0,4.354896905888461e-12,1.4466478191164222e-10,2030,20.896046515744334,1.8176678057364631e-06,cutoff_1e-10,complete,0.1624455000001035,0.1869361249998746,1024,2.0437401489788098e-23,2.092789912554301e-20,0.0812933756389051,83.24441665423888,4096,2249.394082611165,9213518.16237533,2248.0571132791915,9208041.935991568,32768,2015.0967314867464,66030689.697357714,0.0590344580000419,2014.88584118901,66023779.244081475,complete,complete,2014.88584118901,1024,0.0,0
2232.0201693468334,11496075.60292234,False,1180221440,0.0070507079999515,True,1024,0,0.0,1024,0.0079536250000273,1.0,8.427078702765546e-14,2.744849401731237e-12,2030,20.896046515744334,1.8176678057364631e-06,cutoff_1e-14,complete,0.1624455000001035,0.1869361249998746,1024,7.357615466976884e-27,7.534198238184329e-24,7.357615466976884e-27,7.534198238184329e-24,4096,0.841008325653986,3444.7701018787266,0.841008325653986,3444.7701018787266,32768,0.8682057473824663,28449.365930228658,0.0590344580000419,0.8682057473824663,28449.365930228658,complete,complete,0.8682057473824663,1024,0.0,0
126298.73099490892,11496075.60292234,False,1180221440,0.0070507079999515,True,1024,1,0.3,1024,0.0079536250000273,1.0,4.354896905888461e-12,1.4466478191164222e-10,2030,20.896046515744334,1.8176678057364631e-06,cutoff_1e-14,complete,0.1624455000001035,0.1869361249998746,1024,2.0437401489788098e-23,2.092789912554301e-20,0.0812933756389051,83.24441665423888,4096,2249.394082611165,9213518.16237533,2248.0571132791915,9208041.935991568,32768,2015.0967314867464,66030689.697357714,0.0590344580000419,2014.88584118901,66023779.244081475,complete,complete,2014.88584118901,1024,0.0,0
1920.478347229878,10706766.875862906,False,1180270592,0.007470708000028,True,1025,0,0.0,1024,0.0089113750000251,1.0009765625,7.558548281335578e-14,2.4619535974159093e-12,2030,20.902976343030048,1.952314511503304e-06,cutoff_1e-10,complete,0.1777350830000159,0.2036750419999862,1024,5.9191557771768925e-27,6.061215515829139e-24,5.9191557771768925e-27,6.061215515829139e-24,4096,0.7286847746877398,2984.6928371209824,0.7286847746877398,2984.6928371209824,32768,0.6861059131327989,22482.31856153555,0.0684369169998717,0.6861059131327989,22482.31856153555,complete,complete,0.6861059131327989,1024,0.0,0
125288.09875759923,10706766.875862906,False,1180270592,0.007470708000028,True,1025,1,0.3,1024,0.0089113750000251,1.0009765625,4.35331957874169e-12,1.4461238487616192e-10,2030,20.902976343030048,1.952314511503304e-06,cutoff_1e-10,complete,0.1777350830000159,0.2036750419999862,1024,2.042259947223749e-23,2.091274185957119e-20,0.0812933756388624,83.2444166541951,4096,2138.00230443148,8757257.438951341,2136.6739510878033,8751816.503655642,32768,1905.7901371555215,62448931.214312136,0.0684369169998717,1905.5948385259517,62442531.668818384,complete,complete,1905.5948385259517,1024,0.0,0
1920.478347229878,10706766.875862906,False,1180270592,0.007470708000028,True,1025,0,0.0,1024,0.0089113750000251,1.0009765625,7.558548281335578e-14,2.4619535974159093e-12,2030,20.902976343030048,1.952314511503304e-06,cutoff_1e-14,complete,0.1777350830000159,0.2036750419999862,1024,5.9191557771768925e-27,6.061215515829139e-24,5.9191557771768925e-27,6.061215515829139e-24,4096,0.7286847746877398,2984.6928371209824,0.7286847746877398,2984.6928371209824,32768,0.6861059131327989,22482.31856153555,0.0684369169998717,0.6861059131327989,22482.31856153555,complete,complete,0.6861059131327989,1024,0.0,0
125288.09875759923,10706766.875862906,False,1180270592,0.007470708000028,True,1025,1,0.3,1024,0.0089113750000251,1.0009765625,4.35331957874169e-12,1.4461238487616192e-10,2030,20.902976343030048,1.952314511503304e-06,cutoff_1e-14,complete,0.1777350830000159,0.2036750419999862,1024,2.042259947223749e-23,2.091274185957119e-20,0.0812933756388624,83.2444166541951,4096,2138.00230443148,8757257.438951341,2136.6739510878033,8751816.503655642,32768,1905.7901371555215,62448931.214312136,0.0684369169998717,1905.5948385259517,62442531.668818384,complete,complete,1905.5948385259517,1024,0.0,0
576.3345131135483,836123.4862183552,False,1180319744,0.0074165419998735,True,1056,0,0.0,1024,0.0080188750000615,1.03125,2.899949716849095e-14,9.445651958527062e-13,2030,20.912001242609723,2.5010661208897692e-05,cutoff_1e-10,complete,0.1800509170000168,0.2079290830001809,1024,8.712923918127549e-28,8.922034092162612e-25,8.712923918127549e-28,8.922034092162612e-25,4096,0.0864962910146976,354.2888079962016,0.0864962910146976,354.2888079962016,32768,0.0757791165760978,2483.130091965574,0.0581863330003216,0.0757791165760978,2483.130091965574,complete,complete,0.0757791165760978,1024,0.0,0
22857.26269983413,836123.4862183552,False,1180319744,0.0074165419998735,True,1056,1,0.3,1024,0.0080188750000615,1.03125,1.0768454089188366e-12,3.57715945062114e-11,2030,20.912001242609723,2.5010661208897692e-05,cutoff_1e-10,complete,0.1800509170000168,0.2079290830001809,1024,1.2496161850750132e-24,1.2796069735168137e-21,0.0812933756389122,83.24441665424617,4096,135.42719938084588,554709.8086639447,135.3747019229204,554494.7790762819,32768,148.98429274614193,4881917.304705579,0.0581863330003216,148.88749161976085,4878745.325396324,complete,complete,148.88749161976085,1024,0.0,0
576.3345131135483,836123.4862183552,False,1180319744,0.0074165419998735,True,1056,0,0.0,1024,0.0080188750000615,1.03125,2.899949716849095e-14,9.445651958527062e-13,2030,20.912001242609723,2.5010661208897692e-05,cutoff_1e-14,complete,0.1800509170000168,0.2079290830001809,1024,8.712923918127549e-28,8.922034092162612e-25,8.712923918127549e-28,8.922034092162612e-25,4096,0.0864962910146976,354.2888079962016,0.0864962910146976,354.2888079962016,32768,0.0757791165760978,2483.130091965574,0.0581863330003216,0.0757791165760978,2483.130091965574,complete,complete,0.0757791165760978,1024,0.0,0
22857.26269983413,836123.4862183552,False,1180319744,0.0074165419998735,True,1056,1,0.3,1024,0.0080188750000615,1.03125,1.0768454089188366e-12,3.57715945062114e-11,2030,20.912001242609723,2.5010661208897692e-05,cutoff_1e-14,complete,0.1800509170000168,0.2079290830001809,1024,1.2496161850750132e-24,1.2796069735168137e-21,0.0812933756389122,83.24441665424617,4096,135.42719938084588,554709.8086639447,135.3747019229204,554494.7790762819,32768,148.98429274614193,4881917.304705579,0.0581863330003216,148.88749161976085,4878745.325396324,complete,complete,148.88749161976085,1024,0.0,0
352.7663366204291,474220.8588367304,False,1180352512,0.0071417090000522,True,1088,0,0.0,1024,0.0081840409998221,1.0625,1.4192968401817592e-14,4.62290221802895e-13,2030,20.92861065024208,4.41326235661169e-05,cutoff_1e-10,complete,0.1863114579998637,0.2112155830000119,1024,2.087033683345408e-28,2.1371224917456983e-25,2.087033683345408e-28,2.1371224917456983e-25,4096,0.03730886496512,152.81711089713167,0.03730886496512,152.81711089713167,32768,0.0376395113965485,1233.371509442103,0.0603937920000134,0.0376395113965485,1233.371509442103,complete,complete,0.0376395113965485,1024,0.0,0
14975.6067945437,474220.8588367304,False,1180352512,0.0071417090000522,True,1088,1,0.3,1024,0.0081840409998221,1.0625,5.626508031307576e-13,1.8690627467498112e-11,2030,20.92861065024208,4.41326235661169e-05,cutoff_1e-10,complete,0.1863114579998637,0.2112155830000119,1024,3.411519093054637e-25,3.493395551287948e-22,0.0812933756389204,83.24441665425455,4096,69.57238126061404,284968.4736434751,69.39795409568958,284254.01997594454,32768,66.91432925887887,2192648.7411549427,0.0603937920000134,66.85715370593798,2190775.2126361756,complete,complete,66.85715370593798,1024,0.0,0
352.7663366204291,474220.8588367304,False,1180352512,0.0071417090000522,True,1088,0,0.0,1024,0.0081840409998221,1.0625,1.4192968401817592e-14,4.62290221802895e-13,2030,20.92861065024208,4.41326235661169e-05,cutoff_1e-14,complete,0.1863114579998637,0.2112155830000119,1024,2.087033683345408e-28,2.1371224917456983e-25,2.087033683345408e-28,2.1371224917456983e-25,4096,0.03730886496512,152.81711089713167,0.03730886496512,152.81711089713167,32768,0.0376395113965485,1233.371509442103,0.0603937920000134,0.0376395113965485,1233.371509442103,complete,complete,0.0376395113965485,1024,0.0,0
14975.6067945437,474220.8588367304,False,1180352512,0.0071417090000522,True,1088,1,0.3,1024,0.0081840409998221,1.0625,5.626508031307576e-13,1.8690627467498112e-11,2030,20.92861065024208,4.41326235661169e-05,cutoff_1e-14,complete,0.1863114579998637,0.2112155830000119,1024,3.411519093054637e-25,3.493395551287948e-22,0.0812933756389204,83.24441665425455,4096,69.57238126061404,284968.4736434751,69.39795409568958,284254.01997594454,32768,66.91432925887887,2192648.7411549427,0.0603937920000134,66.85715370593798,2190775.2126361756,complete,complete,66.85715370593798,1024,0.0,0
209.32672221043887,253701.94918269827,False,1180467200,0.0073842080000758,True,1152,0,0.0,1024,0.0086907500001416,1.125,1.424152331264783e-14,4.638717415993074e-13,2030,21.004987934154457,8.279395567051061e-05,cutoff_1e-10,complete,0.1970638749999125,0.2232540410000183,1024,2.1013378188903776e-28,2.151769926543746e-25,2.1013378188903776e-28,2.151769926543746e-25,4096,0.0185322297744537,75.9080131561625,0.0185322297744537,75.9080131561625,32768,0.0184894829071718,605.863375902208,0.0641397079998569,0.0184894829071718,605.863375902208,complete,complete,0.0184894829071718,1024,0.0,0
10215.870900436466,253701.94918269827,False,1180467200,0.0073842080000758,True,1152,1,0.3,1024,0.0086907500001416,1.125,5.593584919341204e-13,1.858126058889238e-11,2030,21.004987934154457,8.279395567051061e-05,cutoff_1e-10,complete,0.1970638749999125,0.2232540410000183,1024,3.371711377659426e-25,3.452632450723252e-22,0.0812933756389253,83.24441665425958,4096,46.1830773623511,189165.8848761901,46.04061658240589,188582.36552153452,32768,47.018312508296745,1540696.0642718675,0.0641397079998569,46.909507030622734,1537130.7263794458,complete,complete,46.909507030622734,1024,0.0,0
209.32672221043887,253701.94918269827,False,1180467200,0.0073842080000758,True,1152,0,0.0,1024,0.0086907500001416,1.125,1.424152331264783e-14,4.638717415993074e-13,2030,21.004987934154457,8.279395567051061e-05,cutoff_1e-14,complete,0.1970638749999125,0.2232540410000183,1024,2.1013378188903776e-28,2.151769926543746e-25,2.1013378188903776e-28,2.151769926543746e-25,4096,0.0185322297744537,75.9080131561625,0.0185322297744537,75.9080131561625,32768,0.0184894829071718,605.863375902208,0.0641397079998569,0.0184894829071718,605.863375902208,complete,complete,0.0184894829071718,1024,0.0,0
10215.870900436466,253701.94918269827,False,1180467200,0.0073842080000758,True,1152,1,0.3,1024,0.0086907500001416,1.125,5.593584919341204e-13,1.858126058889238e-11,2030,21.004987934154457,8.279395567051061e-05,cutoff_1e-14,complete,0.1970638749999125,0.2232540410000183,1024,3.371711377659426e-25,3.452632450723252e-22,0.0812933756389253,83.24441665425958,4096,46.1830773623511,189165.8848761901,46.04061658240589,188582.36552153452,32768,47.018312508296745,1540696.0642718675,0.0641397079998569,46.909507030622734,1537130.7263794458,complete,complete,46.909507030622734,1024,0.0,0
126.4017903036956,126668.06999998544,False,1180532736,0.0076472499999908,True,1280,0,0.0,1024,0.0097587919999568,1.25,1.035234644302321e-14,3.371943343939756e-13,2030,21.036651514565406,0.0001660769877883,cutoff_1e-10,complete,0.2248906249999436,0.2525162500000988,1024,1.110351749486291e-28,1.137000191473962e-25,1.110351749486291e-28,1.137000191473962e-25,4096,0.0095209566455124,38.99783842001889,0.0095209566455124,38.99783842001889,32768,0.0103315819694639,338.54527797539606,0.0726272500000959,0.0103315819694639,338.54527797539606,complete,complete,0.0103315819694639,1024,0.0,0
6125.1806263173485,126668.06999998544,False,1180532736,0.0076472499999908,True,1280,1,0.3,1024,0.0097587919999568,1.25,3.2777106223145694e-13,1.088818639324076e-11,2030,21.036651514565406,0.0001660769877883,cutoff_1e-10,complete,0.2248906249999436,0.2525162500000988,1024,1.1577402630268868e-25,1.185526029339532e-22,0.0812933756389197,83.24441665425383,4096,23.67120911087757,96957.27251815452,23.55274718206707,96472.05245774671,32768,25.362358397612567,831073.7599729686,0.0726272500000959,25.262606748151267,827805.0979234207,complete,complete,25.262606748151267,1024,0.0,0
126.4017903036956,126668.06999998544,False,1180532736,0.0076472499999908,True,1280,0,0.0,1024,0.0097587919999568,1.25,1.035234644302321e-14,3.371943343939756e-13,2030,21.036651514565406,0.0001660769877883,cutoff_1e-14,complete,0.2248906249999436,0.2525162500000988,1024,1.110351749486291e-28,1.137000191473962e-25,1.110351749486291e-28,1.137000191473962e-25,4096,0.0095209566455124,38.99783842001889,0.0095209566455124,38.99783842001889,32768,0.0103315819694639,338.54527797539606,0.0726272500000959,0.0103315819694639,338.54527797539606,complete,complete,0.0103315819694639,1024,0.0,0
6125.1806263173485,126668.06999998544,False,1180532736,0.0076472499999908,True,1280,1,0.3,1024,0.0097587919999568,1.25,3.2777106223145694e-13,1.088818639324076e-11,2030,21.036651514565406,0.0001660769877883,cutoff_1e-14,complete,0.2248906249999436,0.2525162500000988,1024,1.1577402630268868e-25,1.185526029339532e-22,0.0812933756389197,83.24441665425383,4096,23.67120911087757,96957.27251815452,23.55274718206707,96472.05245774671,32768,25.362358397612567,831073.7599729686,0.0726272500000959,25.262606748151267,827805.0979234207,complete,complete,25.262606748151267,1024,0.0,0
86.19919467244765,77616.42141188763,False,1180532736,0.0083392919998459,True,1536,0,0.0,1024,0.0121226250000745,1.5,7.167624226387021e-15,2.3346226804760026e-13,2030,21.00229761134677,0.0002705909036941,cutoff_1e-10,complete,0.2730939169998692,0.3057418329999564,1024,5.322717832219682e-29,5.450463060192954e-26,5.322717832219682e-29,5.450463060192954e-26,4096,0.0072979452205342,29.892383623308312,0.0072979452205342,29.892383623308312,32768,0.0077668612012957,254.5045078440579,0.0895325000001321,0.0077668612012957,254.5045078440579,complete,complete,0.0077668612012957,1024,0.0,0
3839.900861911183,77616.42141188763,False,1180532736,0.0083392919998459,True,1536,1,0.3,1024,0.0121226250000745,1.5,1.4259441919492833e-13,4.736826381988281e-12,2030,21.00229761134677,0.0002705909036941,cutoff_1e-10,complete,0.2730939169998692,0.3057418329999564,1024,2.191164470029315e-26,2.2437524173100186e-23,0.0812933756389293,83.2444166542636,4096,18.476934563014883,75681.52397010896,18.37665337025594,75270.77220456833,32768,17.266637766546424,565793.1863341932,0.0895325000001321,17.166069443376877,562497.7635205735,complete,complete,17.166069443376877,1024,0.0,0
86.19919467244765,77616.42141188763,False,1180532736,0.0083392919998459,True,1536,0,0.0,1024,0.0121226250000745,1.5,7.167624226387021e-15,2.3346226804760026e-13,2030,21.00229761134677,0.0002705909036941,cutoff_1e-14,complete,0.2730939169998692,0.3057418329999564,1024,5.322717832219682e-29,5.450463060192954e-26,5.322717832219682e-29,5.450463060192954e-26,4096,0.0072979452205342,29.892383623308312,0.0072979452205342,29.892383623308312,32768,0.0077668612012957,254.5045078440579,0.0895325000001321,0.0077668612012957,254.5045078440579,complete,complete,0.0077668612012957,1024,0.0,0
3839.900861911183,77616.42141188763,False,1180532736,0.0083392919998459,True,1536,1,0.3,1024,0.0121226250000745,1.5,1.4259441919492833e-13,4.736826381988281e-12,2030,21.00229761134677,0.0002705909036941,cutoff_1e-14,complete,0.2730939169998692,0.3057418329999564,1024,2.191164470029315e-26,2.2437524173100186e-23,0.0812933756389293,83.2444166542636,4096,18.476934563014883,75681.52397010896,18.37665337025594,75270.77220456833,32768,17.266637766546424,565793.1863341932,0.0895325000001321,17.166069443376877,562497.7635205735,complete,complete,17.166069443376877,1024,0.0,0
54.355631900406706,45177.69008281563,False,1180598272,0.0093415410001398,True,2048,0,0.0,1024,0.0177842499999769,2.0,1.6621936736799018e-14,5.4140604018145e-13,2030,20.90606374395019,0.0004627519402967,cutoff_1e-10,complete,0.3535157080000317,0.3956288750000567,1024,2.862504886181228e-28,2.931205003449578e-25,2.862504886181228e-28,2.931205003449578e-25,4096,0.0044803715772396,18.351601980373744,0.0044803715772396,18.351601980373744,32768,0.0044601467001351,146.15008707002718,0.1265433749999829,0.0044601467001351,146.15008707002718,complete,complete,0.0044601467001351,1024,0.0,0
2258.1489390935635,45177.69008281563,False,1180598272,0.0093415410001398,True,2048,1,0.3,1024,0.0177842499999769,2.0,9.347695691485125e-14,3.105199475001598e-12,2030,20.90606374395019,0.0004627519402967,cutoff_1e-10,complete,0.3535157080000317,0.3956288750000567,1024,9.416273222216992e-27,9.6422637795502e-24,0.0812933756389242,83.2444166542584,4096,12.11078080815922,49605.75819022016,11.997119693755828,49140.20226562387,32768,11.113259654033644,364159.29234337446,0.1265433749999829,11.018914036319906,361067.7751421307,complete,complete,11.018914036319906,1024,0.0,0
54.355631900406706,45177.69008281563,False,1180598272,0.0093415410001398,True,2048,0,0.0,1024,0.0177842499999769,2.0,1.6621936736799018e-14,5.4140604018145e-13,2030,20.90606374395019,0.0004627519402967,cutoff_1e-14,complete,0.3535157080000317,0.3956288750000567,1024,2.862504886181228e-28,2.931205003449578e-25,2.862504886181228e-28,2.931205003449578e-25,4096,0.0044803715772396,18.351601980373744,0.0044803715772396,18.351601980373744,32768,0.0044601467001351,146.15008707002718,0.1265433749999829,0.0044601467001351,146.15008707002718,complete,complete,0.0044601467001351,1024,0.0,0
2258.1489390935635,45177.69008281563,False,1180598272,0.0093415410001398,True,2048,1,0.3,1024,0.0177842499999769,2.0,9.347695691485125e-14,3.105199475001598e-12,2030,20.90606374395019,0.0004627519402967,cutoff_1e-14,complete,0.3535157080000317,0.3956288750000567,1024,9.416273222216992e-27,9.6422637795502e-24,0.0812933756389242,83.2444166542584,4096,12.11078080815922,49605.75819022016,11.997119693755828,49140.20226562387,32768,11.113259654033644,364159.29234337446,0.1265433749999829,11.018914036319906,361067.7751421307,complete,complete,11.018914036319906,1024,0.0,0
38.48314866998049,31021.40999334181,False,1180663808,0.0105607079999572,True,3072,0,0.0,1024,0.02028150000001,3.0,1.8701466664743357e-14,6.091400281970956e-13,2030,20.8564688975046,0.0006723249814235,cutoff_1e-10,complete,0.5385390420001386,0.5891963749998013,1024,3.6235505268745926e-28,3.710515739519583e-25,3.6235505268745926e-28,3.710515739519583e-25,4096,0.0032845437928176,13.453491375381198,0.0032845437928176,13.453491375381198,32768,0.0035050258807048,114.85268805893536,0.1588031250003041,0.0035050258807048,114.85268805893536,complete,complete,0.0035050258807048,1024,0.0,0
1571.5152413286596,31021.40999334181,False,1180663808,0.0105607079999572,True,3072,1,0.3,1024,0.02028150000001,3.0,7.330140940552434e-14,2.434990456634653e-12,2030,20.8564688975046,0.0006723249814235,cutoff_1e-10,complete,0.5385390420001386,0.5891963749998013,1024,5.7902134022478835e-27,5.9291785239018335e-24,0.0812933756389294,83.24441665426374,4096,8.967931570439674,36732.647712520906,8.868654169085461,36326.00747657405,32768,8.446795715469484,276784.60200450406,0.1588031250003041,8.35295104965779,273709.49999518646,complete,complete,8.35295104965779,1024,0.0,0
38.48314866998049,31021.40999334181,False,1180663808,0.0105607079999572,True,3072,0,0.0,1024,0.02028150000001,3.0,1.8701466664743357e-14,6.091400281970956e-13,2030,20.8564688975046,0.0006723249814235,cutoff_1e-14,complete,0.5385390420001386,0.5891963749998013,1024,3.6235505268745926e-28,3.710515739519583e-25,3.6235505268745926e-28,3.710515739519583e-25,4096,0.0032845437928176,13.453491375381198,0.0032845437928176,13.453491375381198,32768,0.0035050258807048,114.85268805893536,0.1588031250003041,0.0035050258807048,114.85268805893536,complete,complete,0.0035050258807048,1024,0.0,0
1571.5152413286596,31021.40999334181,False,1180663808,0.0105607079999572,True,3072,1,0.3,1024,0.02028150000001,3.0,7.330140940552434e-14,2.434990456634653e-12,2030,20.8564688975046,0.0006723249814235,cutoff_1e-14,complete,0.5385390420001386,0.5891963749998013,1024,5.7902134022478835e-27,5.9291785239018335e-24,0.0812933756389294,83.24441665426374,4096,8.967931570439674,36732.647712520906,8.868654169085461,36326.00747657405,32768,8.446795715469484,276784.60200450406,0.1588031250003041,8.35295104965779,273709.49999518646,complete,complete,8.35295104965779,1024,0.0,0
32.34999764274572,24110.329992425817,False,1180680192,0.0129949580000356,True,4096,0,0.0,1024,0.0279357080000863,4.0,1.5349453758887892e-14,4.999590065909568e-13,2030,20.77105597911673,0.000861500277501,cutoff_1e-10,complete,0.6743702919998213,0.7401041670000268,1024,2.44100594015055e-28,2.499590082714164e-25,2.44100594015055e-28,2.499590082714164e-25,4096,0.0029535317149042,12.097665904247908,0.0029535317149042,12.097665904247908,32768,0.0031605997285167,103.56653190403696,0.2120354999997289,0.0031605997285167,103.56653190403696,complete,complete,0.0031605997285167,1024,0.0,0
1288.5430051986264,24110.329992425817,False,1180680192,0.0129949580000356,True,4096,1,0.3,1024,0.0279357080000863,4.0,8.717245597650532e-14,2.8957710377693992e-12,2030,20.77105597911673,0.000861500277501,cutoff_1e-10,complete,0.6743702919998213,0.7401041670000268,1024,8.188954983578186e-27,8.385489903184063e-24,0.0812933756389272,83.2444166542615,4096,7.51743652493702,30791.42000614203,7.419481509285704,30390.19626203424,32768,6.961351227902691,228109.55703591535,0.2120354999997289,6.872589986540025,225201.02867894355,complete,complete,6.872589986540025,1024,0.0,0
32.34999764274572,24110.329992425817,False,1180680192,0.0129949580000356,True,4096,0,0.0,1024,0.0279357080000863,4.0,1.5349453758887892e-14,4.999590065909568e-13,2030,20.77105597911673,0.000861500277501,cutoff_1e-14,complete,0.6743702919998213,0.7401041670000268,1024,2.44100594015055e-28,2.499590082714164e-25,2.44100594015055e-28,2.499590082714164e-25,4096,0.0029535317149042,12.097665904247908,0.0029535317149042,12.097665904247908,32768,0.0031605997285167,103.56653190403696,0.2120354999997289,0.0031605997285167,103.56653190403696,complete,complete,0.0031605997285167,1024,0.0,0
1288.5430051986264,24110.329992425817,False,1180680192,0.0129949580000356,True,4096,1,0.3,1024,0.0279357080000863,4.0,8.717245597650532e-14,2.8957710377693992e-12,2030,20.77105597911673,0.000861500277501,cutoff_1e-14,complete,0.6743702919998213,0.7401041670000268,1024,8.188954983578186e-27,8.385489903184063e-24,0.0812933756389272,83.2444166542615,4096,7.51743652493702,30791.42000614203,7.419481509285704,30390.19626203424,32768,6.961351227902691,228109.55703591535,0.2120354999997289,6.872589986540025,225201.02867894355,complete,complete,6.872589986540025,1024,0.0,0
27.728911307594313,17567.763696531412,False,1076461568,0.0193735840000499,True,8192,0,0.0,1024,0.0622974590000922,8.0,1.1667200564830044e-14,3.800214714945338e-13,2030,20.820127987424403,0.001185132515844,cutoff_1e-10,complete,1.3448430000000826,1.4771235000000615,1024,1.410315613250691e-28,1.4441631879687076e-25,1.410315613250691e-28,1.4441631879687076e-25,4096,0.0030121859223469,12.337913537933016,0.0030121859223469,12.337913537933016,32768,0.0030266082344498,99.17589862645208,0.4355197079999016,0.0030266082344498,99.17589862645208,complete,complete,0.0030266082344498,1024,0.0,0
946.2432945738432,17567.763696531412,False,1076461568,0.0193735840000499,True,8192,1,0.3,1024,0.0622974590000922,8.0,4.2460248965422727e-14,1.4104817609324676e-12,2030,20.820127987424403,0.001185132515844,cutoff_1e-10,complete,1.3448430000000826,1.4771235000000615,1024,1.9428308573468305e-27,1.9894587979231544e-24,0.0812933756389273,83.24441665426161,4096,5.311750273201208,21756.92911903215,5.2264686494161925,21407.615588008724,32768,5.186107068953644,169938.35643547302,0.4355197079999016,5.096176964699586,166991.52677927603,complete,complete,5.096176964699586,1024,0.0,0
27.728911307594313,17567.763696531412,False,1076461568,0.0193735840000499,True,8192,0,0.0,1024,0.0622974590000922,8.0,1.1667200564830044e-14,3.800214714945338e-13,2030,20.820127987424403,0.001185132515844,cutoff_1e-14,complete,1.3448430000000826,1.4771235000000615,1024,1.410315613250691e-28,1.4441631879687076e-25,1.410315613250691e-28,1.4441631879687076e-25,4096,0.0030121859223469,12.337913537933016,0.0030121859223469,12.337913537933016,32768,0.0030266082344498,99.17589862645208,0.4355197079999016,0.0030266082344498,99.17589862645208,complete,complete,0.0030266082344498,1024,0.0,0
946.2432945738432,17567.763696531412,False,1076461568,0.0193735840000499,True,8192,1,0.3,1024,0.0622974590000922,8.0,4.2460248965422727e-14,1.4104817609324676e-12,2030,20.820127987424403,0.001185132515844,cutoff_1e-14,complete,1.3448430000000826,1.4771235000000615,1024,1.9428308573468305e-27,1.9894587979231544e-24,0.0812933756389273,83.24441665426161,4096,5.311750273201208,21756.92911903215,5.2264686494161925,21407.615588008724,32768,5.186107068953644,169938.35643547302,0.4355197079999016,5.096176964699586,166991.52677927603,complete,complete,5.096176964699586,1024,0.0,0
6.987472388870462,65.3131843110294,False,1076494336,0.0056462079999164,False,64,0,0.0,64,0.0007835839999188,0.0625,0.3242228912007009,10.560516168524211,2031,20.54588059020811,0.3145747800683872,cutoff_1e-10,complete,0.0024079159998109,0.0142992500000218,1024,0.1089106462359974,111.5245017456614,0.1089106462359974,111.5245017456614,4096,0.1429961153998848,585.7120886779283,0.1429961153998848,585.7120886779283,32768,0.1457454405087172,4775.786594589646,0.0079141669998534,0.1457454405087172,4775.786594589646,complete,complete,0.1457454405087172,64,0.0,0
7.199799954837863,65.3131843110294,False,1076494336,0.0056462079999164,False,64,1,0.3,64,0.0007835839999188,0.0625,0.4026526649433596,13.375669095957372,2031,20.54588059020811,0.3145747800683872,cutoff_1e-10,complete,0.0024079159998109,0.0142992500000218,1024,0.1747153552388175,178.9085237645492,0.1153142845613588,118.08182739083148,4096,0.2386568752351113,977.5385609630162,0.1505839478996789,616.7918505970849,32768,0.2474501088240812,8108.445165947493,0.0079141669998534,0.1537229986426815,5037.19521952339,complete,complete,0.1537229986426815,64,0.0,0
6.987472388870462,65.3131843110294,False,1076494336,0.0056462079999164,False,64,0,0.0,64,0.0007835839999188,0.0625,0.3242228912007009,10.560516168524211,2031,20.54588059020811,0.3145747800683872,cutoff_1e-14,complete,0.0024079159998109,0.0142992500000218,1024,0.1089106462359974,111.5245017456614,0.1089106462359974,111.5245017456614,4096,0.1429961153998848,585.7120886779283,0.1429961153998848,585.7120886779283,32768,0.1457454405087172,4775.786594589646,0.0079141669998534,0.1457454405087172,4775.786594589646,complete,complete,0.1457454405087172,64,0.0,0
7.199799954837863,65.3131843110294,False,1076494336,0.0056462079999164,False,64,1,0.3,64,0.0007835839999188,0.0625,0.4026526649433596,13.375669095957372,2031,20.54588059020811,0.3145747800683872,cutoff_1e-14,complete,0.0024079159998109,0.0142992500000218,1024,0.1747153552388175,178.9085237645492,0.1153142845613588,118.08182739083148,4096,0.2386568752351113,977.5385609630162,0.1505839478996789,616.7918505970849,32768,0.2474501088240812,8108.445165947493,0.0079141669998534,0.1537229986426815,5037.19521952339,complete,complete,0.1537229986426815,64,0.0,0
23.073771678205617,320.0244146262631,False,1076559872,0.0053271669999048,False,128,0,0.0,128,0.0012323329999617,0.125,0.2174849982573404,7.083873171331273,2031,21.09055943696377,0.0659029701268078,cutoff_1e-10,complete,0.0073947079999925,0.0195080830001188,1024,0.0490051358471747,50.181259107506946,0.0490051358471747,50.181259107506946,4096,0.0998808911221882,409.11213003648305,0.0998808911221882,409.11213003648305,32768,0.0986974736297599,3234.118815899973,0.0111511670002073,0.0986974736297599,3234.118815899973,complete,complete,0.0986974736297599,128,0.0,0
28.896839219857934,320.0244146262631,False,1076559872,0.0053271669999048,False,128,1,0.3,128,0.0012323329999617,0.125,0.322165981165066,10.701991898264287,2031,21.09055943696377,0.0659029701268078,cutoff_1e-10,complete,0.0073947079999925,0.0195080830001188,1024,0.1118482720610491,114.53263059051436,0.0615442549293622,63.021317047666926,4096,0.203510049144711,833.5771612967362,0.1151752886360337,471.7579822531941,32768,0.2087337505121544,6839.787536782276,0.0111511670002073,0.1164697645103229,3816.481243474263,complete,complete,0.1164697645103229,128,0.0,0
23.073771678205617,320.0244146262631,False,1076559872,0.0053271669999048,False,128,0,0.0,128,0.0012323329999617,0.125,0.2174849982573404,7.083873171331273,2031,21.09055943696377,0.0659029701268078,cutoff_1e-14,complete,0.0073947079999925,0.0195080830001188,1024,0.0490051358471747,50.181259107506946,0.0490051358471747,50.181259107506946,4096,0.0998808911221882,409.11213003648305,0.0998808911221882,409.11213003648305,32768,0.0986974736297599,3234.118815899973,0.0111511670002073,0.0986974736297599,3234.118815899973,complete,complete,0.0986974736297599,128,0.0,0
28.896839219857934,320.0244146262631,False,1076559872,0.0053271669999048,False,128,1,0.3,128,0.0012323329999617,0.125,0.322165981165066,10.701991898264287,2031,21.09055943696377,0.0659029701268078,cutoff_1e-14,complete,0.0073947079999925,0.0195080830001188,1024,0.1118482720610491,114.53263059051436,0.0615442549293622,63.021317047666926,4096,0.203510049144711,833.5771612967362,0.1151752886360337,471.7579822531941,32768,0.2087337505121544,6839.787536782276,0.0111511670002073,0.1164697645103229,3816.481243474263,complete,complete,0.1164697645103229,128,0.0,0
48.79910207126075,959.5061727718072,False,1076576256,0.0051452919999519,False,256,0,0.0,256,0.0022194579998995,0.25,0.1079855500418451,3.517281407739852,2031,21.182230311060515,0.0220761793015563,cutoff_1e-10,complete,0.0171738340000047,0.0311236659999849,1024,0.0120813168957347,12.371268501232404,0.0120813168957347,12.371268501232404,4096,0.0428175589621977,175.38072150916204,0.0428175589621977,175.38072150916204,32768,0.0420981190440244,1379.471164834594,0.0176536250000935,0.0420981190440244,1379.471164834594,complete,complete,0.0420981190440244,256,0.0,0
72.48741724177222,959.5061727718072,False,1076576256,0.0051452919999519,False,256,1,0.3,256,0.0022194579998995,0.25,0.2443977968888202,8.118620199435911,2031,21.182230311060515,0.0220761793015563,cutoff_1e-10,complete,0.0171738340000047,0.0311236659999849,1024,0.0643671815846569,65.91199394268875,0.0363155924851232,37.18716670476622,4096,0.1884675747739654,771.9631862741626,0.1008825085178152,413.2147548889711,32768,0.187654441913827,6149.060752632286,0.0176536250000935,0.0958540524099786,3140.94558937018,complete,complete,0.0958540524099786,256,0.0,0
48.79910207126075,959.5061727718072,False,1076576256,0.0051452919999519,False,256,0,0.0,256,0.0022194579998995,0.25,0.1079855500418451,3.517281407739852,2031,21.182230311060515,0.0220761793015563,cutoff_1e-14,complete,0.0171738340000047,0.0311236659999849,1024,0.0120813168957347,12.371268501232404,0.0120813168957347,12.371268501232404,4096,0.0428175589621977,175.38072150916204,0.0428175589621977,175.38072150916204,32768,0.0420981190440244,1379.471164834594,0.0176536250000935,0.0420981190440244,1379.471164834594,complete,complete,0.0420981190440244,256,0.0,0
72.48741724177222,959.5061727718072,False,1076576256,0.0051452919999519,False,256,1,0.3,256,0.0022194579998995,0.25,0.2443977968888202,8.118620199435911,2031,21.182230311060515,0.0220761793015563,cutoff_1e-14,complete,0.0171738340000047,0.0311236659999849,1024,0.0643671815846569,65.91199394268875,0.0363155924851232,37.18716670476622,4096,0.1884675747739654,771.9631862741626,0.1008825085178152,413.2147548889711,32768,0.187654441913827,6149.060752632286,0.0176536250000935,0.0958540524099786,3140.94558937018,complete,complete,0.0958540524099786,256,0.0,0
87.84872705364884,2281.8205145775423,False,1076609024,0.0060390420001112,False,384,0,0.0,384,0.0030088749999777,0.375,0.0486810169489828,1.5856272969686696,2031,20.992775953745177,0.0092000119289101,cutoff_1e-10,complete,0.0305611250000765,0.04617416699989,1024,0.0024552870360275,2.5142139248921747,0.0024552870360275,2.5142139248921747,4096,0.0294495543809027,120.62537474417746,0.0294495543809027,120.62537474417746,32768,0.0277219741984498,908.3936505348044,0.0235413749996951,0.0277219741984498,908.3936505348044,complete,complete,0.0277219741984498,384,0.0,0
157.61721666262858,2281.8205145775423,False,1076609024,0.0060390420001112,False,384,1,0.3,384,0.0030088749999777,0.375,0.2138623242940206,7.104266110473984,2031,20.992775953745177,0.0092000119289101,cutoff_1e-10,complete,0.0305611250000765,0.04617416699989,1024,0.0492876923519815,50.47059696842915,0.0366159487516403,37.49473152167968,4096,0.2508531378672792,1027.4944527043756,0.1651174277195077,676.3209839391038,32768,0.23754458745649,7783.861041774264,0.0235413749996951,0.1442810936940942,4727.802878168079,complete,complete,0.1442810936940942,384,0.0,0
87.84872705364884,2281.8205145775423,False,1076609024,0.0060390420001112,False,384,0,0.0,384,0.0030088749999777,0.375,0.0486810169489828,1.5856272969686696,2031,20.992775953745177,0.0092000119289101,cutoff_1e-14,complete,0.0305611250000765,0.04617416699989,1024,0.0024552870360275,2.5142139248921747,0.0024552870360275,2.5142139248921747,4096,0.0294495543809027,120.62537474417746,0.0294495543809027,120.62537474417746,32768,0.0277219741984498,908.3936505348044,0.0235413749996951,0.0277219741984498,908.3936505348044,complete,complete,0.0277219741984498,384,0.0,0
157.61721666262858,2281.8205145775423,False,1076609024,0.0060390420001112,False,384,1,0.3,384,0.0030088749999777,0.375,0.2138623242940206,7.104266110473984,2031,20.992775953745177,0.0092000119289101,cutoff_1e-14,complete,0.0305611250000765,0.04617416699989,1024,0.0492876923519815,50.47059696842915,0.0366159487516403,37.49473152167968,4096,0.2508531378672792,1027.4944527043756,0.1651174277195077,676.3209839391038,32768,0.23754458745649,7783.861041774264,0.0235413749996951,0.1442810936940942,4727.802878168079,complete,complete,0.1442810936940942,384,0.0,0
112.61562653544314,7013.924371099222,False,1076690944,0.0059293750000506,False,512,0,0.0,512,0.0040465419999691,0.5,0.0298064950788415,0.9708505529681823,2031,20.926477820214245,0.0029835619423616,cutoff_1e-10,complete,0.052152291999846,0.0695011669999985,1024,0.0009204597619127,0.9425507961986256,0.0009204597619127,0.9425507961986256,4096,0.0232452120014214,95.2123883578224,0.0232452120014214,95.2123883578224,32768,0.0245381537091082,804.0662207400594,0.0307177089998731,0.0245381537091082,804.0662207400594,complete,complete,0.0245381537091082,512,0.0,0
296.8578183985269,7013.924371099222,False,1076690944,0.0059293750000506,False,512,1,0.3,512,0.0040465419999691,0.5,0.1905902768893248,6.331194844909575,2031,20.926477820214245,0.0029835619423616,cutoff_1e-10,complete,0.052152291999846,0.0695011669999985,1024,0.0391445587541109,40.08402816420964,0.0434727446138112,44.516090484542744,4096,0.3247028612793852,1329.982919800362,0.2387944765066878,978.1021757713936,32768,0.3411889291787132,11180.078831328075,0.0307177089998731,0.2485327272921959,8143.920407910675,complete,complete,0.2485327272921959,512,0.0,0
112.61562653544314,7013.924371099222,False,1076690944,0.0059293750000506,False,512,0,0.0,512,0.0040465419999691,0.5,0.0298064950788415,0.9708505529681823,2031,20.926477820214245,0.0029835619423616,cutoff_1e-14,complete,0.052152291999846,0.0695011669999985,1024,0.0009204597619127,0.9425507961986256,0.0009204597619127,0.9425507961986256,4096,0.0232452120014214,95.2123883578224,0.0232452120014214,95.2123883578224,32768,0.0245381537091082,804.0662207400594,0.0307177089998731,0.0245381537091082,804.0662207400594,complete,complete,0.0245381537091082,512,0.0,0
296.8578183985269,7013.924371099222,False,1076690944,0.0059293750000506,False,512,1,0.3,512,0.0040465419999691,0.5,0.1905902768893248,6.331194844909575,2031,20.926477820214245,0.0029835619423616,cutoff_1e-14,complete,0.052152291999846,0.0695011669999985,1024,0.0391445587541109,40.08402816420964,0.0434727446138112,44.516090484542744,4096,0.3247028612793852,1329.982919800362,0.2387944765066878,978.1021757713936,32768,0.3411889291787132,11180.078831328075,0.0307177089998731,0.2485327272921959,8143.920407910675,complete,complete,0.2485327272921959,512,0.0,0
265.5510047657029,39294.431052960135,False,1076707328,0.0065925839999181,False,768,0,0.0,768,0.0057659579999835,0.75,0.0089016731201146,0.2899433243709374,2031,21.27579147572216,0.0005414454645506,cutoff_1e-10,complete,0.0970885419999376,0.117351249999956,1024,8.2096807956319e-05,0.0840671313472706,8.2096807956319e-05,0.0840671313472706,4096,0.0236980316750713,97.06713774109232,0.0236980316750713,97.06713774109232,32768,0.0229667658088589,752.5749820246891,0.0441209169998728,0.0229667658088589,752.5749820246891,complete,complete,0.0229667658088589,768,0.0,0
1978.7399671557887,39294.431052960135,False,1076707328,0.0065925839999181,False,768,1,0.3,768,0.0057659579999835,0.75,0.1367191991645581,4.541658174165227,2031,21.27579147572216,0.0005414454645506,cutoff_1e-10,complete,0.0970885419999376,0.117351249999956,1024,0.0201432216513299,20.62665897096183,0.0613163674993344,62.78796031931843,4096,1.9762290753115412,8094.634292476073,1.8733137431212927,7673.093091824815,32768,1.972403348267691,64631.7129160357,0.0441209169998728,1.8786278349305985,61558.87689500584,complete,complete,1.8786278349305985,768,0.0,0
265.5510047657029,39294.431052960135,False,1076707328,0.0065925839999181,False,768,0,0.0,768,0.0057659579999835,0.75,0.0089016731201146,0.2899433243709374,2031,21.27579147572216,0.0005414454645506,cutoff_1e-14,complete,0.0970885419999376,0.117351249999956,1024,8.2096807956319e-05,0.0840671313472706,8.2096807956319e-05,0.0840671313472706,4096,0.0236980316750713,97.06713774109232,0.0236980316750713,97.06713774109232,32768,0.0229667658088589,752.5749820246891,0.0441209169998728,0.0229667658088589,752.5749820246891,complete,complete,0.0229667658088589,768,0.0,0
1978.7399671557887,39294.431052960135,False,1076707328,0.0065925839999181,False,768,1,0.3,768,0.0057659579999835,0.75,0.1367191991645581,4.541658174165227,2031,21.27579147572216,0.0005414454645506,cutoff_1e-14,complete,0.0970885419999376,0.117351249999956,1024,0.0201432216513299,20.62665897096183,0.0613163674993344,62.78796031931843,4096,1.9762290753115412,8094.634292476073,1.8733137431212927,7673.093091824815,32768,1.972403348267691,64631.7129160357,0.0441209169998728,1.8786278349305985,61558.87689500584,complete,complete,1.8786278349305985,768,0.0,0
312.14088735085454,132293.09099959928,False,1076756480,0.0065330420000009,False,896,0,0.0,896,0.0067712499999288,0.875,0.0040815734685626,0.1329441065933055,2031,21.2236378657594,0.0001604289211582,cutoff_1e-10,complete,0.121698416999834,0.1439479169998776,1024,1.7259897927629107e-05,0.0176741354778922,1.7259897927629107e-05,0.0176741354778922,4096,0.0263614367966012,107.9764451188787,0.0263614367966012,107.9764451188787,32768,0.0267633410714381,876.9811602288855,0.0567558329998973,0.0267633410714381,876.9811602288855,complete,complete,0.0267633410714381,896,0.0,0
6238.058820491518,132293.09099959928,False,1076756480,0.0065330420000009,False,896,1,0.3,896,0.0067712499999288,0.875,0.0932650952891413,3.0981616698500383,2031,21.2236378657594,0.0001604289211582,cutoff_1e-10,complete,0.121698416999834,0.1439479169998776,1024,0.0093736384106718,9.598605732527991,0.0718861115514854,73.61137822872107,4096,8.874420573588488,36349.626669418445,8.75464920953825,35859.043162268674,32768,8.654107657559326,283577.799722904,0.0567558329998973,8.550777470482156,280191.8761527593,complete,complete,8.550777470482156,896,0.0,0
312.14088735085454,132293.09099959928,False,1076756480,0.0065330420000009,False,896,0,0.0,896,0.0067712499999288,0.875,0.0040815734685626,0.1329441065933055,2031,21.2236378657594,0.0001604289211582,cutoff_1e-14,complete,0.121698416999834,0.1439479169998776,1024,1.7259897927629107e-05,0.0176741354778922,1.7259897927629107e-05,0.0176741354778922,4096,0.0263614367966012,107.9764451188787,0.0263614367966012,107.9764451188787,32768,0.0267633410714381,876.9811602288855,0.0567558329998973,0.0267633410714381,876.9811602288855,complete,complete,0.0267633410714381,896,0.0,0
6238.058820491518,132293.09099959928,False,1076756480,0.0065330420000009,False,896,1,0.3,896,0.0067712499999288,0.875,0.0932650952891413,3.0981616698500383,2031,21.2236378657594,0.0001604289211582,cutoff_1e-14,complete,0.121698416999834,0.1439479169998776,1024,0.0093736384106718,9.598605732527991,0.0718861115514854,73.61137822872107,4096,8.874420573588488,36349.626669418445,8.75464920953825,35859.043162268674,32768,8.654107657559326,283577.799722904,0.0567558329998973,8.550777470482156,280191.8761527593,complete,complete,8.550777470482156,896,0.0,0
509.7079467664138,297187.28869311704,False,1076854784,0.0070774160001292,False,960,0,0.0,960,0.007262750000109,0.9375,0.0024843474044278,0.0809196131572657,2031,21.254957118180577,7.152041129231799e-05,cutoff_1e-10,complete,0.1334676250000939,0.1565521250001893,1024,6.394515423360886e-06,0.0065479837935215,6.394515423360886e-06,0.0065479837935215,4096,0.0373068224143856,152.80874460932353,0.0373068224143856,152.80874460932353,32768,0.0439315846610479,1439.5501661732203,0.0586667909997231,0.0439315846610479,1439.5501661732203,complete,complete,0.0439315846610479,960,0.0,0
14459.602893063677,297187.28869311704,False,1076854784,0.0070774160001292,False,960,1,0.3,960,0.007262750000109,0.9375,0.0618524900740148,2.0546702208152223,2031,21.254957118180577,7.152041129231799e-05,cutoff_1e-10,complete,0.1334676250000939,0.1565521250001893,1024,0.0041227243323289,4.221669716304872,0.077201668066514,79.05450810011035,4096,35.80100370524898,146640.91117669982,35.64205237130613,145989.8465128699,32768,34.722061094081994,1137772.4979308788,0.0586667909997231,34.61799825308101,1134362.5667569586,complete,complete,34.61799825308101,960,0.0,0
509.7079467664138,297187.28869311704,False,1076854784,0.0070774160001292,False,960,0,0.0,960,0.007262750000109,0.9375,0.0024843474044278,0.0809196131572657,2031,21.254957118180577,7.152041129231799e-05,cutoff_1e-14,complete,0.1334676250000939,0.1565521250001893,1024,6.394515423360886e-06,0.0065479837935215,6.394515423360886e-06,0.0065479837935215,4096,0.0373068224143856,152.80874460932353,0.0373068224143856,152.80874460932353,32768,0.0439315846610479,1439.5501661732203,0.0586667909997231,0.0439315846610479,1439.5501661732203,complete,complete,0.0439315846610479,960,0.0,0
14459.602893063677,297187.28869311704,False,1076854784,0.0070774160001292,False,960,1,0.3,960,0.007262750000109,0.9375,0.0618524900740148,2.0546702208152223,2031,21.254957118180577,7.152041129231799e-05,cutoff_1e-14,complete,0.1334676250000939,0.1565521250001893,1024,0.0041227243323289,4.221669716304872,0.077201668066514,79.05450810011035,4096,35.80100370524898,146640.91117669982,35.64205237130613,145989.8465128699,32768,34.722061094081994,1137772.4979308788,0.0586667909997231,34.61799825308101,1134362.5667569586,complete,complete,34.61799825308101,960,0.0,0
711.8380990868488,688010.2101775388,False,1076887552,0.0070050409999566,False,992,0,0.0,992,0.0074081669999941,0.96875,0.0013766259917914,0.0448391567618382,2031,21.250637679322775,3.088709639038513e-05,cutoff_1e-10,complete,0.1411283330000969,0.1646825410000474,1024,1.963427713977248e-06,0.0020105499791127,1.963427713977248e-06,0.0020105499791127,4096,0.0732115754412295,299.874613007276,0.0732115754412295,299.874613007276,32768,0.0755252981051354,2474.8129683090774,0.0633582089999436,0.0755252981051354,2474.8129683090774,complete,complete,0.0755252981051354,992,0.0,0
24232.01788387053,688010.2101775388,False,1076887552,0.0070050409999566,False,992,1,0.3,992,0.0074081669999941,0.96875,0.0409411006921784,1.3600173622590646,2031,21.250637679322775,3.088709639038513e-05,cutoff_1e-10,complete,0.1411283330000969,0.1646825410000474,1024,0.001806296118795,1.849647225646104,0.0794923974934235,81.40021503326574,4096,104.3612339628337,427463.6143117668,104.15929220711936,426636.46088036086,32768,109.2077517855706,3578519.610509577,0.0633582089999436,109.10322438944544,3575094.4567933483,complete,complete,109.10322438944544,992,0.0,0
711.8380990868488,688010.2101775388,False,1076887552,0.0070050409999566,False,992,0,0.0,992,0.0074081669999941,0.96875,0.0013766259917914,0.0448391567618382,2031,21.250637679322775,3.088709639038513e-05,cutoff_1e-14,complete,0.1411283330000969,0.1646825410000474,1024,1.963427713977248e-06,0.0020105499791127,1.963427713977248e-06,0.0020105499791127,4096,0.0732115754412295,299.874613007276,0.0732115754412295,299.874613007276,32768,0.0755252981051354,2474.8129683090774,0.0633582089999436,0.0755252981051354,2474.8129683090774,complete,complete,0.0755252981051354,992,0.0,0
24232.01788387053,688010.2101775388,False,1076887552,0.0070050409999566,False,992,1,0.3,992,0.0074081669999941,0.96875,0.0409411006921784,1.3600173622590646,2031,21.250637679322775,3.088709639038513e-05,cutoff_1e-14,complete,0.1411283330000969,0.1646825410000474,1024,0.001806296118795,1.849647225646104,0.0794923974934235,81.40021503326574,4096,104.3612339628337,427463.6143117668,104.15929220711936,426636.46088036086,32768,109.2077517855706,3578519.610509577,0.0633582089999436,109.10322438944544,3575094.4567933483,complete,complete,109.10322438944544,992,0.0,0
1533.640059023816,7290743.726310394,False,1076936704,0.0074492080000254,False,1023,0,0.0,1023,0.0089781670001229,0.9990234375,2.9006934995002317e-05,0.0009448074590897,2031,21.24076463997313,2.913387911760051e-06,cutoff_1e-10,complete,0.1660164169998097,0.1924777499998526,1024,8.717393894058094e-10,8.926611347515489e-07,8.717393894058094e-10,8.926611347515489e-07,4096,0.3324866501081599,1361.865318843023,0.3324866501081599,1361.865318843023,32768,0.3594284664353565,11777.751988153765,0.07375729100022,0.3594284664353565,11777.751988153765,complete,complete,0.3594284664353565,1023,0.0,0
87920.71918924911,7290743.726310394,False,1076936704,0.0074492080000254,False,1023,1,0.3,1023,0.0089781670001229,0.9990234375,0.0043607756852333,0.144860068355894,2031,21.24076463997313,2.913387911760051e-06,cutoff_1e-10,complete,0.1660164169998097,0.1924777499998526,1024,2.049261660554131e-05,0.0209844394040743,0.081273150336552,83.22370594462924,4096,1127.5836279413616,4618582.540047817,1127.523667155761,4618336.940669996,32768,1109.7778644545674,36365201.062447265,0.07375729100022,1109.6039435600158,36359502.02257459,complete,complete,1109.6039435600158,1023,0.0,0
1533.640059023816,7290743.726310394,False,1076936704,0.0074492080000254,False,1023,0,0.0,1023,0.0089781670001229,0.9990234375,2.9006934995002317e-05,0.0009448074590897,2031,21.24076463997313,2.913387911760051e-06,cutoff_1e-14,complete,0.1660164169998097,0.1924777499998526,1024,8.717393894058094e-10,8.926611347515489e-07,8.717393894058094e-10,8.926611347515489e-07,4096,0.3324866501081599,1361.865318843023,0.3324866501081599,1361.865318843023,32768,0.3594284664353565,11777.751988153765,0.07375729100022,0.3594284664353565,11777.751988153765,complete,complete,0.3594284664353565,1023,0.0,0
87920.71918924911,7290743.726310394,False,1076936704,0.0074492080000254,False,1023,1,0.3,1023,0.0089781670001229,0.9990234375,0.0043607756852333,0.144860068355894,2031,21.24076463997313,2.913387911760051e-06,cutoff_1e-14,complete,0.1660164169998097,0.1924777499998526,1024,2.049261660554131e-05,0.0209844394040743,0.081273150336552,83.22370594462924,4096,1127.5836279413616,4618582.540047817,1127.523667155761,4618336.940669996,32768,1109.7778644545674,36365201.062447265,0.07375729100022,1109.6039435600158,36359502.02257459,complete,complete,1109.6039435600158,1023,0.0,0
1522.2816975507774,20960590.840342425,False,1076985856,0.0069424170001184,True,1024,0,0.0,1024,0.0078907499998877,1.0,6.955061422984771e-14,2.265387195163932e-12,2031,21.23951780980669,1.0133072093047789e-06,cutoff_1e-10,complete,0.1652531659999567,0.1900271669999256,1024,5.01169838282491e-27,5.131979144012708e-24,5.01169838282491e-27,5.131979144012708e-24,4096,0.3006050783535188,1231.2784009360132,0.3006050783535188,1231.2784009360132,32768,0.325340715052427,10660.764550837928,0.0646796669998366,0.325340715052427,10660.764550837928,complete,complete,0.325340715052427,1024,0.0,0
200576.80713555816,20960590.840342425,False,1076985856,0.0069424170001184,True,1024,1,0.3,1024,0.0078907499998877,1.0,9.825571588927891e-12,3.263944478565085e-10,2031,21.23951780980669,1.0133072093047789e-06,cutoff_1e-10,complete,0.1652531659999567,0.1900271669999256,1024,1.04036460538628e-22,1.0653333559155506e-19,0.0812933756391906,83.24441665453118,4096,6318.959776911223,25882459.24622837,6318.764629658262,25881659.92308024,32768,5917.598752079593,193907875.90814412,0.0646796669998366,5917.212485634358,193895218.72926664,complete,complete,5917.212485634358,1024,0.0,0
1522.2816975507774,20960590.840342425,False,1076985856,0.0069424170001184,True,1024,0,0.0,1024,0.0078907499998877,1.0,6.955061422984771e-14,2.265387195163932e-12,2031,21.23951780980669,1.0133072093047789e-06,cutoff_1e-14,complete,0.1652531659999567,0.1900271669999256,1024,5.01169838282491e-27,5.131979144012708e-24,5.01169838282491e-27,5.131979144012708e-24,4096,0.3006050783535188,1231.2784009360132,0.3006050783535188,1231.2784009360132,32768,0.325340715052427,10660.764550837928,0.0646796669998366,0.325340715052427,10660.764550837928,complete,complete,0.325340715052427,1024,0.0,0
200576.80713555816,20960590.840342425,False,1076985856,0.0069424170001184,True,1024,1,0.3,1024,0.0078907499998877,1.0,9.825571588927891e-12,3.263944478565085e-10,2031,21.23951780980669,1.0133072093047789e-06,cutoff_1e-14,complete,0.1652531659999567,0.1900271669999256,1024,1.04036460538628e-22,1.0653333559155506e-19,0.0812933756391906,83.24441665453118,4096,6318.959776911223,25882459.24622837,6318.764629658262,25881659.92308024,32768,5917.598752079593,193907875.90814412,0.0646796669998366,5917.212485634358,193895218.72926664,complete,complete,5917.212485634358,1024,0.0,0
1495.173657892515,5700935.212373553,False,1077035008,0.0071812080000199,True,1025,0,0.0,1024,0.0091678329999922,1.0009765625,7.371513622878119e-14,2.401033082908137e-12,2031,21.23090178770869,3.724108588644936e-06,cutoff_1e-10,complete,0.1791331250001349,0.2053656660000342,1024,5.629843618378275e-27,5.7649598652193535e-24,5.629843618378275e-27,5.7649598652193535e-24,4096,0.2969101917068674,1216.1441452313288,0.2969101917068674,1216.1441452313288,32768,0.3239865831299852,10616.392356003356,0.0766296669999064,0.3239865831299852,10616.392356003356,complete,complete,0.3239865831299852,1024,0.0,0
89001.95277791008,5700935.212373553,False,1077035008,0.0071812080000199,True,1025,1,0.3,1024,0.0091678329999922,1.0009765625,5.417560588993782e-12,1.7996527542137102e-10,2031,21.23090178770869,3.724108588644936e-06,cutoff_1e-10,complete,0.1791331250001349,0.2053656660000342,1024,3.162841831786127e-23,3.238750035748994e-20,0.0812933756389383,83.24441665427291,4096,1151.8952216291805,4718162.827793123,1151.9666200588867,4718455.2757612,32768,1174.010668948801,38469981.6001143,0.0766296669999064,1173.9242456877355,38467149.68269572,complete,complete,1173.9242456877355,1024,0.0,0
1495.173657892515,5700935.212373553,False,1077035008,0.0071812080000199,True,1025,0,0.0,1024,0.0091678329999922,1.0009765625,7.371513622878119e-14,2.401033082908137e-12,2031,21.23090178770869,3.724108588644936e-06,cutoff_1e-14,complete,0.1791331250001349,0.2053656660000342,1024,5.629843618378275e-27,5.7649598652193535e-24,5.629843618378275e-27,5.7649598652193535e-24,4096,0.2969101917068674,1216.1441452313288,0.2969101917068674,1216.1441452313288,32768,0.3239865831299852,10616.392356003356,0.0766296669999064,0.3239865831299852,10616.392356003356,complete,complete,0.3239865831299852,1024,0.0,0
89001.95277791008,5700935.212373553,False,1077035008,0.0071812080000199,True,1025,1,0.3,1024,0.0091678329999922,1.0009765625,5.417560588993782e-12,1.7996527542137102e-10,2031,21.23090178770869,3.724108588644936e-06,cutoff_1e-14,complete,0.1791331250001349,0.2053656660000342,1024,3.162841831786127e-23,3.238750035748994e-20,0.0812933756389383,83.24441665427291,4096,1151.8952216291805,4718162.827793123,1151.9666200588867,4718455.2757612,32768,1174.010668948801,38469981.6001143,0.0766296669999064,1173.9242456877355,38467149.68269572,complete,complete,1173.9242456877355,1024,0.0,0
568.8776706700571,760731.057597021,False,1077133312,0.0072764169999572,True,1056,0,0.0,1024,0.0078271670001868,1.03125,3.8669618956103955e-14,1.2595382599429589e-12,2031,21.16859534999903,2.7826647983672288e-05,cutoff_1e-10,complete,0.1915386669998042,0.2164814999998725,1024,1.549254519785289e-27,1.5864366282601357e-24,1.549254519785289e-27,1.5864366282601357e-24,4096,0.055694458578701,228.1245023383597,0.055694458578701,228.1245023383597,32768,0.0619666840430788,2030.5243027236093,0.0659544169998298,0.0619666840430788,2030.5243027236093,complete,complete,0.0619666840430788,1024,0.0,0
18867.963852912355,760731.057597021,False,1077133312,0.0072764169999572,True,1056,1,0.3,1024,0.0078271670001868,1.03125,1.0603492229676128e-12,3.5223609744555866e-11,2031,21.16859534999903,2.7826647983672288e-05,cutoff_1e-10,complete,0.1915386669998042,0.2164814999998725,1024,1.211623714293722e-24,1.2407026834367713e-21,0.0812933756389057,83.24441665423943,4096,84.9022647462808,347759.6764007662,84.71383891816755,346987.8842088143,32768,75.10045492530406,2460891.7069923636,0.0659544169998298,75.00532779460838,2457774.5811737273,complete,complete,75.00532779460838,1024,0.0,0
568.8776706700571,760731.057597021,False,1077133312,0.0072764169999572,True,1056,0,0.0,1024,0.0078271670001868,1.03125,3.8669618956103955e-14,1.2595382599429589e-12,2031,21.16859534999903,2.7826647983672288e-05,cutoff_1e-14,complete,0.1915386669998042,0.2164814999998725,1024,1.549254519785289e-27,1.5864366282601357e-24,1.549254519785289e-27,1.5864366282601357e-24,4096,0.055694458578701,228.1245023383597,0.055694458578701,228.1245023383597,32768,0.0619666840430788,2030.5243027236093,0.0659544169998298,0.0619666840430788,2030.5243027236093,complete,complete,0.0619666840430788,1024,0.0,0
18867.963852912355,760731.057597021,False,1077133312,0.0072764169999572,True,1056,1,0.3,1024,0.0078271670001868,1.03125,1.0603492229676128e-12,3.5223609744555866e-11,2031,21.16859534999903,2.7826647983672288e-05,cutoff_1e-14,complete,0.1915386669998042,0.2164814999998725,1024,1.211623714293722e-24,1.2407026834367713e-21,0.0812933756389057,83.24441665423943,4096,84.9022647462808,347759.6764007662,84.71383891816755,346987.8842088143,32768,75.10045492530406,2460891.7069923636,0.0659544169998298,75.00532779460838,2457774.5811737273,complete,complete,75.00532779460838,1024,0.0,0
394.4724142374163,439267.4820692258,False,1077149696,0.0073773750000327,True,1088,0,0.0,1024,0.0081803750001654,1.0625,1.8222399059248216e-14,5.935359443061901e-13,2031,21.122320439757704,4.808532682696726e-05,cutoff_1e-10,complete,0.1885110840000834,0.2141475829998853,1024,3.440282394369538e-28,3.5228491718344074e-25,3.440282394369538e-28,3.5228491718344074e-25,4096,0.0478154137150928,195.85193457702027,0.0478154137150928,195.85193457702027,32768,0.0473139842175699,1550.3846348413315,0.0664038340000843,0.0473139842175699,1550.3846348413315,complete,complete,0.0473139842175699,1024,0.0,0
14268.072102100898,439267.4820692258,False,1077149696,0.0073773750000327,True,1088,1,0.3,1024,0.0081803750001654,1.0625,9.333863652382393e-13,3.1006046270329025e-11,2031,21.122320439757704,4.808532682696726e-05,cutoff_1e-10,complete,0.1885110840000834,0.2141475829998853,1024,9.388426809743991e-25,9.613749053177845e-22,0.0812933756389071,83.24441665424087,4096,76.77118092769149,314454.75707982434,76.60030507690226,313754.84959499165,32768,63.96313578304976,2095944.0333389745,0.0664038340000843,63.87332663072614,2093001.1670356344,complete,complete,63.87332663072614,1024,0.0,0
394.4724142374163,439267.4820692258,False,1077149696,0.0073773750000327,True,1088,0,0.0,1024,0.0081803750001654,1.0625,1.8222399059248216e-14,5.935359443061901e-13,2031,21.122320439757704,4.808532682696726e-05,cutoff_1e-14,complete,0.1885110840000834,0.2141475829998853,1024,3.440282394369538e-28,3.5228491718344074e-25,3.440282394369538e-28,3.5228491718344074e-25,4096,0.0478154137150928,195.85193457702027,0.0478154137150928,195.85193457702027,32768,0.0473139842175699,1550.3846348413315,0.0664038340000843,0.0473139842175699,1550.3846348413315,complete,complete,0.0473139842175699,1024,0.0,0
14268.072102100898,439267.4820692258,False,1077149696,0.0073773750000327,True,1088,1,0.3,1024,0.0081803750001654,1.0625,9.333863652382393e-13,3.1006046270329025e-11,2031,21.122320439757704,4.808532682696726e-05,cutoff_1e-14,complete,0.1885110840000834,0.2141475829998853,1024,9.388426809743991e-25,9.613749053177845e-22,0.0812933756389071,83.24441665424087,4096,76.77118092769149,314454.75707982434,76.60030507690226,313754.84959499165,32768,63.96313578304976,2095944.0333389745,0.0664038340000843,63.87332663072614,2093001.1670356344,complete,complete,63.87332663072614,1024,0.0,0
266.5488336617007,240351.33977473192,False,1077198848,0.0073889999998755,True,1152,0,0.0,1024,0.0086959159998514,1.125,1.2196647232013361e-14,3.972664910193876e-13,2031,21.16144064100329,8.804378066224528e-05,cutoff_1e-10,complete,0.1975432090000595,0.2238389169999664,1024,1.5412174305357143e-28,1.5782066488685717e-25,1.5412174305357143e-28,1.5782066488685717e-25,4096,0.0239778916268081,98.21344410340625,0.0239778916268081,98.21344410340625,32768,0.0261908016345806,858.2201879619386,0.0722164580001845,0.0261908016345806,858.2201879619386,complete,complete,0.0261908016345806,1024,0.0,0
10563.378650795834,240351.33977473192,False,1077198848,0.0073889999998755,True,1152,1,0.3,1024,0.0086959159998514,1.125,4.696610455776389e-13,1.5601612207860423e-11,2031,21.16144064100329,8.804378066224528e-05,cutoff_1e-10,complete,0.1975432090000595,0.2238389169999664,1024,2.3770537449654236e-25,2.4341030348445942e-22,0.0812933756389116,83.24441665424551,4096,55.624540423827824,227838.11757599877,55.49668136423881,227314.40686792217,32768,48.40165271740007,1586025.3562437654,0.0722164580001845,48.31973866466902,1583341.1965638744,complete,complete,48.31973866466902,1024,0.0,0
266.5488336617007,240351.33977473192,False,1077198848,0.0073889999998755,True,1152,0,0.0,1024,0.0086959159998514,1.125,1.2196647232013361e-14,3.972664910193876e-13,2031,21.16144064100329,8.804378066224528e-05,cutoff_1e-14,complete,0.1975432090000595,0.2238389169999664,1024,1.5412174305357143e-28,1.5782066488685717e-25,1.5412174305357143e-28,1.5782066488685717e-25,4096,0.0239778916268081,98.21344410340625,0.0239778916268081,98.21344410340625,32768,0.0261908016345806,858.2201879619386,0.0722164580001845,0.0261908016345806,858.2201879619386,complete,complete,0.0261908016345806,1024,0.0,0
10563.378650795834,240351.33977473192,False,1077198848,0.0073889999998755,True,1152,1,0.3,1024,0.0086959159998514,1.125,4.696610455776389e-13,1.5601612207860423e-11,2031,21.16144064100329,8.804378066224528e-05,cutoff_1e-14,complete,0.1975432090000595,0.2238389169999664,1024,2.3770537449654236e-25,2.4341030348445942e-22,0.0812933756389116,83.24441665424551,4096,55.624540423827824,227838.11757599877,55.49668136423881,227314.40686792217,32768,48.40165271740007,1586025.3562437654,0.0722164580001845,48.31973866466902,1583341.1965638744,complete,complete,48.31973866466902,1024,0.0,0
161.92802622493954,140232.2040178553,False,1077248000,0.0077325419999851,True,1280,0,0.0,1024,0.0100312500003383,1.25,6.87346210460539e-15,2.238808845995102e-13,2031,21.147539980613164,0.000150803733912,cutoff_1e-10,complete,0.2208716659999936,0.2495225829998162,1024,4.8947900868221874e-29,5.0122650489059205e-26,4.8947900868221874e-29,5.0122650489059205e-26,4096,0.0136211752223051,55.7923337105619,0.0136211752223051,55.7923337105619,32768,0.0141504457041532,463.68180483369366,0.0798878329997023,0.0141504457041532,463.68180483369366,complete,complete,0.0141504457041532,1024,0.0,0
6491.907086048183,140232.2040178553,False,1077248000,0.0077325419999851,True,1280,1,0.3,1024,0.0100312500003383,1.25,2.667014072788899e-13,8.859521075541359e-12,2031,21.147539980613164,0.000150803733912,cutoff_1e-10,complete,0.2208716659999936,0.2495225829998162,1024,7.665147821089992e-26,7.849111368796152e-23,0.0812933756389287,83.24441665426305,4096,37.004644451733846,151571.02367430183,36.89865467084991,151136.88953180122,32768,31.168261599948373,1021321.5961071084,0.0798878329997023,31.081967877228177,1018493.9234010128,complete,complete,31.081967877228177,1024,0.0,0
161.92802622493954,140232.2040178553,False,1077248000,0.0077325419999851,True,1280,0,0.0,1024,0.0100312500003383,1.25,6.87346210460539e-15,2.238808845995102e-13,2031,21.147539980613164,0.000150803733912,cutoff_1e-14,complete,0.2208716659999936,0.2495225829998162,1024,4.8947900868221874e-29,5.0122650489059205e-26,4.8947900868221874e-29,5.0122650489059205e-26,4096,0.0136211752223051,55.7923337105619,0.0136211752223051,55.7923337105619,32768,0.0141504457041532,463.68180483369366,0.0798878329997023,0.0141504457041532,463.68180483369366,complete,complete,0.0141504457041532,1024,0.0,0
6491.907086048183,140232.2040178553,False,1077248000,0.0077325419999851,True,1280,1,0.3,1024,0.0100312500003383,1.25,2.667014072788899e-13,8.859521075541359e-12,2031,21.147539980613164,0.000150803733912,cutoff_1e-14,complete,0.2208716659999936,0.2495225829998162,1024,7.665147821089992e-26,7.849111368796152e-23,0.0812933756389287,83.24441665426305,4096,37.004644451733846,151571.02367430183,36.89865467084991,151136.88953180122,32768,31.168261599948373,1021321.5961071084,0.0798878329997023,31.081967877228177,1018493.9234010128,complete,complete,31.081967877228177,1024,0.0,0
95.4711755120043,83090.04346636195,False,1077313536,0.0080138339999393,True,1536,0,0.0,1024,0.0121176249999734,1.5,6.32334546262783e-15,2.0596260723586146e-13,2031,21.291145191034804,0.0002562418347952,cutoff_1e-10,complete,0.2766401250000854,0.3084143330002007,1024,4.1426362870501697e-29,4.242059557939374e-26,4.1426362870501697e-29,4.242059557939374e-26,4096,0.0093415892080553,38.263149396194535,0.0093415892080553,38.263149396194535,32768,0.0091889877080634,301.1047492178245,0.0980146249999052,0.0091889877080634,301.1047492178245,complete,complete,0.0091889877080634,1024,0.0,0
3932.3523753064487,83090.04346636195,False,1077313536,0.0080138339999393,True,1536,1,0.3,1024,0.0121176249999734,1.5,2.7398366315532117e-13,9.101429433179916e-12,2031,21.291145191034804,0.0002562418347952,cutoff_1e-10,complete,0.2766401250000854,0.3084143330002007,1024,8.089454856167352e-26,8.283601772715368e-23,0.0812933756389286,83.24441665426292,4096,21.965685665737407,89971.44848686042,21.83862929842708,89451.02560635732,32768,19.450781891764265,637363.2210293314,0.0980146249999052,19.361155254315378,634426.3353734062,complete,complete,19.361155254315378,1024,0.0,0
95.4711755120043,83090.04346636195,False,1077313536,0.0080138339999393,True,1536,0,0.0,1024,0.0121176249999734,1.5,6.32334546262783e-15,2.0596260723586146e-13,2031,21.291145191034804,0.0002562418347952,cutoff_1e-14,complete,0.2766401250000854,0.3084143330002007,1024,4.1426362870501697e-29,4.242059557939374e-26,4.1426362870501697e-29,4.242059557939374e-26,4096,0.0093415892080553,38.263149396194535,0.0093415892080553,38.263149396194535,32768,0.0091889877080634,301.1047492178245,0.0980146249999052,0.0091889877080634,301.1047492178245,complete,complete,0.0091889877080634,1024,0.0,0
3932.3523753064487,83090.04346636195,False,1077313536,0.0080138339999393,True,1536,1,0.3,1024,0.0121176249999734,1.5,2.7398366315532117e-13,9.101429433179916e-12,2031,21.291145191034804,0.0002562418347952,cutoff_1e-14,complete,0.2766401250000854,0.3084143330002007,1024,8.089454856167352e-26,8.283601772715368e-23,0.0812933756389286,83.24441665426292,4096,21.965685665737407,89971.44848686042,21.83862929842708,89451.02560635732,32768,19.450781891764265,637363.2210293314,0.0980146249999052,19.361155254315378,634426.3353734062,complete,complete,19.361155254315378,1024,0.0,0
57.97157886604947,50756.12437412134,False,1077346304,0.0090626659998633,True,2048,0,0.0,1024,0.0177839590000985,2.0,6.886194363735217e-15,2.2429559692258043e-13,2031,21.24326280832984,0.0004185359514794,cutoff_1e-10,complete,0.353888083000129,0.3952182910002193,1024,4.912940898325845e-29,5.0308514798856646e-26,4.912940898325845e-29,5.0308514798856646e-26,4096,0.0054698808491559,22.404631958142808,0.0054698808491559,22.404631958142808,32768,0.0050392858655777,165.1273192432532,0.1386412499996367,0.0050392858655777,165.1273192432532,complete,complete,0.0050392858655777,1024,0.0,0
2452.0347057820677,50756.12437412134,False,1077346304,0.0090626659998633,True,2048,1,0.3,1024,0.0177839590000985,2.0,2.1542157814472511e-13,7.156062771366701e-12,2031,21.24326280832984,0.0004185359514794,cutoff_1e-10,complete,0.353888083000129,0.3952182910002193,1024,5.0009017956777797e-26,5.120923438774047e-23,0.0812933756389194,83.24441665425347,4096,12.508111254356145,51233.22369784277,12.413462628750448,50845.54292736184,32768,12.871390256940105,421769.7159394133,0.1386412499996367,12.79824011156477,419372.7319757544,complete,complete,12.79824011156477,1024,0.0,0
57.97157886604947,50756.12437412134,False,1077346304,0.0090626659998633,True,2048,0,0.0,1024,0.0177839590000985,2.0,6.886194363735217e-15,2.2429559692258043e-13,2031,21.24326280832984,0.0004185359514794,cutoff_1e-14,complete,0.353888083000129,0.3952182910002193,1024,4.912940898325845e-29,5.0308514798856646e-26,4.912940898325845e-29,5.0308514798856646e-26,4096,0.0054698808491559,22.404631958142808,0.0054698808491559,22.404631958142808,32768,0.0050392858655777,165.1273192432532,0.1386412499996367,0.0050392858655777,165.1273192432532,complete,complete,0.0050392858655777,1024,0.0,0
2452.0347057820677,50756.12437412134,False,1077346304,0.0090626659998633,True,2048,1,0.3,1024,0.0177839590000985,2.0,2.1542157814472511e-13,7.156062771366701e-12,2031,21.24326280832984,0.0004185359514794,cutoff_1e-14,complete,0.353888083000129,0.3952182910002193,1024,5.0009017956777797e-26,5.120923438774047e-23,0.0812933756389194,83.24441665425347,4096,12.508111254356145,51233.22369784277,12.413462628750448,50845.54292736184,32768,12.871390256940105,421769.7159394133,0.1386412499996367,12.79824011156477,419372.7319757544,complete,complete,12.79824011156477,1024,0.0,0
42.81606166065165,32859.19500314794,False,1077346304,0.0108642499999405,True,3072,0,0.0,1024,0.0199729999999362,3.0,8.550878844364304e-15,2.785173309527431e-13,2031,21.063827667442844,0.000641032979214,cutoff_1e-10,complete,0.5137689160001173,0.5630319159999999,1024,7.575381214945297e-29,7.757190364103984e-26,7.575381214945297e-29,7.757190364103984e-26,4096,0.0038066464940262,15.59202403953157,0.0038066464940262,15.59202403953157,32768,0.0039002442810376,127.803204601043,0.169337207999888,0.0039002442810376,127.803204601043,complete,complete,0.0039002442810376,1024,0.0,0
1660.630551592022,32859.19500314794,False,1077346304,0.0108642499999405,True,3072,1,0.3,1024,0.0199729999999362,3.0,7.426407438908724e-14,2.4669691057073308e-12,2031,21.063827667442844,0.000641032979214,cutoff_1e-10,complete,0.5137689160001173,0.5630319159999999,1024,5.943297430189872e-27,6.0859365685144295e-24,0.0812933756389249,83.24441665425917,4096,9.467556996939656,38779.11345946483,9.36177120654968,38345.81486202749,32768,8.911063908373958,291997.74214959785,0.169337207999888,8.834997727294962,289505.2055280013,complete,complete,8.834997727294962,1024,0.0,0
42.81606166065165,32859.19500314794,False,1077346304,0.0108642499999405,True,3072,0,0.0,1024,0.0199729999999362,3.0,8.550878844364304e-15,2.785173309527431e-13,2031,21.063827667442844,0.000641032979214,cutoff_1e-14,complete,0.5137689160001173,0.5630319159999999,1024,7.575381214945297e-29,7.757190364103984e-26,7.575381214945297e-29,7.757190364103984e-26,4096,0.0038066464940262,15.59202403953157,0.0038066464940262,15.59202403953157,32768,0.0039002442810376,127.803204601043,0.169337207999888,0.0039002442810376,127.803204601043,complete,complete,0.0039002442810376,1024,0.0,0
1660.630551592022,32859.19500314794,False,1077346304,0.0108642499999405,True,3072,1,0.3,1024,0.0199729999999362,3.0,7.426407438908724e-14,2.4669691057073308e-12,2031,21.063827667442844,0.000641032979214,cutoff_1e-14,complete,0.5137689160001173,0.5630319159999999,1024,5.943297430189872e-27,6.0859365685144295e-24,0.0812933756389249,83.24441665425917,4096,9.467556996939656,38779.11345946483,9.36177120654968,38345.81486202749,32768,8.911063908373958,291997.74214959785,0.169337207999888,8.834997727294962,289505.2055280013,complete,complete,8.834997727294962,1024,0.0,0
37.77831003482731,25718.082048980537,False,1144487936,0.0125098749999779,True,4096,0,0.0,1024,0.0318775830000959,4.0,1.033014676256226e-14,3.364712513211681e-13,2031,20.95652030834226,0.0008148554883847,cutoff_1e-10,complete,0.6762091660002625,0.7451588750000155,1024,1.105594755523756e-28,1.1321290296563262e-25,1.105594755523756e-28,1.1321290296563262e-25,4096,0.003875275308234,15.873127662526697,0.003875275308234,15.873127662526697,32768,0.0038781406148512,127.0789116674462,0.2255480419999003,0.0038781406148512,127.0789116674462,complete,complete,0.0038781406148512,1024,0.0,0
1317.7111444131417,25718.082048980537,False,1144487936,0.0125098749999779,True,4096,1,0.3,1024,0.0318775830000959,4.0,6.301688973569899e-14,2.0933502692195285e-12,2031,20.95652030834226,0.0008148554883847,cutoff_1e-10,complete,0.6762091660002625,0.7451588750000155,1024,4.27940952113425e-27,4.382115349641472e-24,0.0812933756389278,83.24441665426212,4096,7.515604912034404,30783.91771969292,7.420025510770398,30392.42449211555,32768,7.117667134259625,233231.71665541935,0.2255480419999003,7.03873795804233,230645.36540913107,complete,complete,7.03873795804233,1024,0.0,0
37.77831003482731,25718.082048980537,False,1144487936,0.0125098749999779,True,4096,0,0.0,1024,0.0318775830000959,4.0,1.033014676256226e-14,3.364712513211681e-13,2031,20.95652030834226,0.0008148554883847,cutoff_1e-14,complete,0.6762091660002625,0.7451588750000155,1024,1.105594755523756e-28,1.1321290296563262e-25,1.105594755523756e-28,1.1321290296563262e-25,4096,0.003875275308234,15.873127662526697,0.003875275308234,15.873127662526697,32768,0.0038781406148512,127.0789116674462,0.2255480419999003,0.0038781406148512,127.0789116674462,complete,complete,0.0038781406148512,1024,0.0,0
1317.7111444131417,25718.082048980537,False,1144487936,0.0125098749999779,True,4096,1,0.3,1024,0.0318775830000959,4.0,6.301688973569899e-14,2.0933502692195285e-12,2031,20.95652030834226,0.0008148554883847,cutoff_1e-14,complete,0.6762091660002625,0.7451588750000155,1024,4.27940952113425e-27,4.382115349641472e-24,0.0812933756389278,83.24441665426212,4096,7.515604912034404,30783.91771969292,7.420025510770398,30392.42449211555,32768,7.117667134259625,233231.71665541935,0.2255480419999003,7.03873795804233,230645.36540913107,complete,complete,7.03873795804233,1024,0.0,0
31.781463292059048,18292.379138075627,False,1144520704,0.0188404579998859,True,8192,0,0.0,1024,0.0576157500004228,8.0,9.46400365825912e-15,3.0825943005409133e-13,2031,20.948360382900905,0.0011451960526718,cutoff_1e-10,complete,1.327326790999905,1.452589208000063,1024,9.279675411843087e-29,9.50238762172732e-26,9.279675411843087e-29,9.50238762172732e-26,4096,0.0034754656506078,14.235507304889694,0.0034754656506078,14.235507304889694,32768,0.003483151776933,114.1359174265415,0.4488947500003633,0.003483151776933,114.1359174265415,complete,complete,0.003483151776933,1024,0.0,0
980.7872909896396,18292.379138075627,False,1144520704,0.0188404579998859,True,8192,1,0.3,1024,0.0576157500004228,8.0,4.436315840307279e-14,1.4736942742810682e-12,2031,20.948360382900905,0.0011451960526718,cutoff_1e-10,complete,1.327326790999905,1.452589208000063,1024,2.1208738418445347e-27,2.1717748140488043e-24,0.0812933756389265,83.24441665426076,4096,5.419784564715253,22199.437577073677,5.318397862530007,21784.157644922907,32768,5.311460571619222,174045.94001081865,0.4488947500003633,5.225249807878576,171220.9857045652,complete,complete,5.225249807878576,1024,0.0,0
31.781463292059048,18292.379138075627,False,1144520704,0.0188404579998859,True,8192,0,0.0,1024,0.0576157500004228,8.0,9.46400365825912e-15,3.0825943005409133e-13,2031,20.948360382900905,0.0011451960526718,cutoff_1e-14,complete,1.327326790999905,1.452589208000063,1024,9.279675411843087e-29,9.50238762172732e-26,9.279675411843087e-29,9.50238762172732e-26,4096,0.0034754656506078,14.235507304889694,0.0034754656506078,14.235507304889694,32768,0.003483151776933,114.1359174265415,0.4488947500003633,0.003483151776933,114.1359174265415,complete,complete,0.003483151776933,1024,0.0,0
980.7872909896396,18292.379138075627,False,1144520704,0.0188404579998859,True,8192,1,0.3,1024,0.0576157500004228,8.0,4.436315840307279e-14,1.4736942742810682e-12,2031,20.948360382900905,0.0011451960526718,cutoff_1e-14,complete,1.327326790999905,1.452589208000063,1024,2.1208738418445347e-27,2.1717748140488043e-24,0.0812933756389265,83.24441665426076,4096,5.419784564715253,22199.437577073677,5.318397862530007,21784.157644922907,32768,5.311460571619222,174045.94001081865,0.4488947500003633,5.225249807878576,171220.9857045652,complete,complete,5.225249807878576,1024,0.0,0
10.497968878162917,62.15211401032006,False,1144520704,0.0051892920000682,False,64,0,0.0,64,0.0008382920000258,0.0625,0.3018450632710809,9.831630515842408,2032,20.337018655235564,0.3272136270675957,cutoff_1e-10,complete,0.002455374999954,0.014000125000166,1024,0.094395467382855,96.6609586000436,0.094395467382855,96.6609586000436,4096,0.1192482623568406,488.44088261361946,0.1192482623568406,488.44088261361946,32768,0.1224749660231215,4013.259686645647,0.0083738749999611,0.1224749660231215,4013.259686645647,complete,complete,0.1224749660231215,64,0.0,0
10.081919811860024,62.15211401032006,False,1144520704,0.0051892920000682,False,64,1,0.3,64,0.0008382920000258,0.0625,0.3931038332558,13.05846763667048,2032,20.337018655235564,0.3272136270675957,cutoff_1e-10,complete,0.002455374999954,0.014000125000166,1024,0.1665269306816115,170.52357701797024,0.1000366734324779,102.4375535948574,4096,0.21509117227146,881.0134416239002,0.123225967609572,504.7335633288069,32768,0.2199932622552318,7208.739217579437,0.0083738749999611,0.1273384901447272,4172.627645062423,complete,complete,0.1273384901447272,64,0.0,0
10.497968878162917,62.15211401032006,False,1144520704,0.0051892920000682,False,64,0,0.0,64,0.0008382920000258,0.0625,0.3018450632710809,9.831630515842408,2032,20.337018655235564,0.3272136270675957,cutoff_1e-14,complete,0.002455374999954,0.014000125000166,1024,0.094395467382855,96.6609586000436,0.094395467382855,96.6609586000436,4096,0.1192482623568406,488.44088261361946,0.1192482623568406,488.44088261361946,32768,0.1224749660231215,4013.259686645647,0.0083738749999611,0.1224749660231215,4013.259686645647,complete,complete,0.1224749660231215,64,0.0,0
10.081919811860024,62.15211401032006,False,1144520704,0.0051892920000682,False,64,1,0.3,64,0.0008382920000258,0.0625,0.3931038332558,13.05846763667048,2032,20.337018655235564,0.3272136270675957,cutoff_1e-14,complete,0.002455374999954,0.014000125000166,1024,0.1665269306816115,170.52357701797024,0.1000366734324779,102.4375535948574,4096,0.21509117227146,881.0134416239002,0.123225967609572,504.7335633288069,32768,0.2199932622552318,7208.739217579437,0.0083738749999611,0.1273384901447272,4172.627645062423,complete,complete,0.1273384901447272,64,0.0,0
13.781639355353814,154.99716314576523,False,1144569856,0.0050822920002246,False,128,0,0.0,128,0.0010851669999283,0.125,0.2124733817112398,6.920635907702107,2032,19.77552412499738,0.1275863617348901,cutoff_1e-10,complete,0.0066536670001369,0.0184402080003565,1024,0.0467726575849372,47.895201366975755,0.0467726575849372,47.895201366975755,4096,0.0816897765348586,334.60132468678114,0.0816897765348586,334.60132468678114,32768,0.0813042577792686,2664.1779189110734,0.0112698749999253,0.0813042577792686,2664.1779189110734,complete,complete,0.0813042577792686,128,0.0,0
15.295795563161722,154.99716314576523,False,1144569856,0.0050822920002246,False,128,1,0.3,128,0.0010851669999283,0.125,0.3233147359932405,10.74015224287844,2032,19.77552412499738,0.1275863617348901,cutoff_1e-10,complete,0.0066536670001369,0.0184402080003565,1024,0.1126473341798894,115.3508702002068,0.0597153563103776,61.148524861826665,4096,0.1808391627470129,740.717210611765,0.0930558992674589,381.15696339951165,32768,0.1857644538038564,6087.129622244769,0.0112698749999253,0.0932455301753782,3055.469532786794,complete,complete,0.0932455301753782,128,0.0,0
13.781639355353814,154.99716314576523,False,1144569856,0.0050822920002246,False,128,0,0.0,128,0.0010851669999283,0.125,0.2124733817112398,6.920635907702107,2032,19.77552412499738,0.1275863617348901,cutoff_1e-14,complete,0.0066536670001369,0.0184402080003565,1024,0.0467726575849372,47.895201366975755,0.0467726575849372,47.895201366975755,4096,0.0816897765348586,334.60132468678114,0.0816897765348586,334.60132468678114,32768,0.0813042577792686,2664.1779189110734,0.0112698749999253,0.0813042577792686,2664.1779189110734,complete,complete,0.0813042577792686,128,0.0,0
15.295795563161722,154.99716314576523,False,1144569856,0.0050822920002246,False,128,1,0.3,128,0.0010851669999283,0.125,0.3233147359932405,10.74015224287844,2032,19.77552412499738,0.1275863617348901,cutoff_1e-14,complete,0.0066536670001369,0.0184402080003565,1024,0.1126473341798894,115.3508702002068,0.0597153563103776,61.148524861826665,4096,0.1808391627470129,740.717210611765,0.0930558992674589,381.15696339951165,32768,0.1857644538038564,6087.129622244769,0.0112698749999253,0.0932455301753782,3055.469532786794,complete,complete,0.0932455301753782,128,0.0,0
62.06844850458762,982.5427637742832,False,1144602624,0.0056501670001125,False,256,0,0.0,256,0.002223750000212,0.25,0.0965239638748119,3.1439571628488245,2032,19.985407644826363,0.020340496497125,cutoff_1e-10,complete,0.0165248750004138,0.029980209000314,1024,0.0096527994549105,9.884466641828425,0.0096527994549105,9.884466641828425,4096,0.0421018727714795,172.44927087198005,0.0421018727714795,172.44927087198005,32768,0.0388602724444093,1273.3734074584067,0.0176672920001692,0.0388602724444093,1273.3734074584067,complete,complete,0.0388602724444093,256,0.0,0
74.64923667207975,982.5427637742832,False,1144602624,0.0056501670001125,False,256,1,0.3,256,0.002223750000212,0.25,0.2452105458075938,8.145618805286794,2032,19.985407644826363,0.020340496497125,cutoff_1e-10,complete,0.0165248750004138,0.029980209000314,1024,0.0647960016807049,66.35110572104182,0.0338240693748382,34.635847039834374,4096,0.1729632139655099,708.4573244027288,0.0862718661653171,353.36956381313917,32768,0.1805584582627733,5916.539560354558,0.0176672920001692,0.087265438840088,2859.5138999120063,complete,complete,0.087265438840088,256,0.0,0
62.06844850458762,982.5427637742832,False,1144602624,0.0056501670001125,False,256,0,0.0,256,0.002223750000212,0.25,0.0965239638748119,3.1439571628488245,2032,19.985407644826363,0.020340496497125,cutoff_1e-14,complete,0.0165248750004138,0.029980209000314,1024,0.0096527994549105,9.884466641828425,0.0096527994549105,9.884466641828425,4096,0.0421018727714795,172.44927087198005,0.0421018727714795,172.44927087198005,32768,0.0388602724444093,1273.3734074584067,0.0176672920001692,0.0388602724444093,1273.3734074584067,complete,complete,0.0388602724444093,256,0.0,0
74.64923667207975,982.5427637742832,False,1144602624,0.0056501670001125,False,256,1,0.3,256,0.002223750000212,0.25,0.2452105458075938,8.145618805286794,2032,19.985407644826363,0.020340496497125,cutoff_1e-14,complete,0.0165248750004138,0.029980209000314,1024,0.0647960016807049,66.35110572104182,0.0338240693748382,34.635847039834374,4096,0.1729632139655099,708.4573244027288,0.0862718661653171,353.36956381313917,32768,0.1805584582627733,5916.539560354558,0.0176672920001692,0.087265438840088,2859.5138999120063,complete,complete,0.087265438840088,256,0.0,0
74.52445157681443,2527.429171946528,False,1144651776,0.0059028749997196,False,384,0,0.0,384,0.0030131670000628,0.375,0.0460806676599273,1.5009292961298528,2032,20.220317290318423,0.00800034972879,cutoff_1e-10,complete,0.0286007499998959,0.0433700420003333,1024,0.0021999890156063,2.252788751980855,0.0021999890156063,2.252788751980855,4096,0.0225019539193763,92.16800325376568,0.0225019539193763,92.16800325376568,32768,0.0194016245602651,635.7524335907685,0.0236341250001714,0.0194016245602651,635.7524335907685,complete,complete,0.0194016245602651,384,0.0,0
120.95693656226528,2527.429171946528,False,1144651776,0.0059028749997196,False,384,1,0.3,384,0.0030131670000628,0.375,0.2132735611512205,7.084708060423333,2032,20.220317290318423,0.00800034972879,cutoff_1e-10,complete,0.0286007499998959,0.0433700420003333,1024,0.0490166877943625,50.193088301427295,0.0360976542016867,36.96399790252724,4096,0.1936903760208247,793.3557801812981,0.1080268534794723,442.47799185191866,32768,0.2026927148822117,6641.8348812603135,0.0236341250001714,0.1083273655890001,3549.6711156203555,complete,complete,0.1083273655890001,384,0.0,0
74.52445157681443,2527.429171946528,False,1144651776,0.0059028749997196,False,384,0,0.0,384,0.0030131670000628,0.375,0.0460806676599273,1.5009292961298528,2032,20.220317290318423,0.00800034972879,cutoff_1e-14,complete,0.0286007499998959,0.0433700420003333,1024,0.0021999890156063,2.252788751980855,0.0021999890156063,2.252788751980855,4096,0.0225019539193763,92.16800325376568,0.0225019539193763,92.16800325376568,32768,0.0194016245602651,635.7524335907685,0.0236341250001714,0.0194016245602651,635.7524335907685,complete,complete,0.0194016245602651,384,0.0,0
120.95693656226528,2527.429171946528,False,1144651776,0.0059028749997196,False,384,1,0.3,384,0.0030131670000628,0.375,0.2132735611512205,7.084708060423333,2032,20.220317290318423,0.00800034972879,cutoff_1e-14,complete,0.0286007499998959,0.0433700420003333,1024,0.0490166877943625,50.193088301427295,0.0360976542016867,36.96399790252724,4096,0.1936903760208247,793.3557801812981,0.1080268534794723,442.47799185191866,32768,0.2026927148822117,6641.8348812603135,0.0236341250001714,0.1083273655890001,3549.6711156203555,complete,complete,0.1083273655890001,384,0.0,0
91.90088416922308,5969.026376711058,False,1144668160,0.0060123749999547,False,512,0,0.0,512,0.0040127910001501,0.5,0.0287927695713257,0.9378317103660464,2032,20.32231237938148,0.0034046276723908,cutoff_1e-10,complete,0.051090208000005,0.068125124999824,1024,0.0008589143720391,0.8795283169681026,0.0008589143720391,0.8795283169681026,4096,0.020541281291952,84.13708817183539,0.020541281291952,84.13708817183539,32768,0.0198039151595398,648.9346919478024,0.0310531670002092,0.0198039151595398,648.9346919478024,complete,complete,0.0198039151595398,512,0.0,0
328.21867870492,5969.026376711058,False,1144668160,0.0060123749999547,False,512,1,0.3,512,0.0040127910001501,0.5,0.1913003228696459,6.354781774545384,2032,20.32231237938148,0.0034046276723908,cutoff_1e-10,complete,0.051090208000005,0.068125124999824,1024,0.0394367689473575,40.38325140209416,0.0436904456003731,44.73901629478213,4096,0.3144312091900543,1287.9102328424624,0.229376711169157,939.5270089488672,32768,0.3195939711896781,10472.455247943371,0.0310531670002092,0.2273242245156823,7448.960188929877,complete,complete,0.2273242245156823,512,0.0,0
91.90088416922308,5969.026376711058,False,1144668160,0.0060123749999547,False,512,0,0.0,512,0.0040127910001501,0.5,0.0287927695713257,0.9378317103660464,2032,20.32231237938148,0.0034046276723908,cutoff_1e-14,complete,0.051090208000005,0.068125124999824,1024,0.0008589143720391,0.8795283169681026,0.0008589143720391,0.8795283169681026,4096,0.020541281291952,84.13708817183539,0.020541281291952,84.13708817183539,32768,0.0198039151595398,648.9346919478024,0.0310531670002092,0.0198039151595398,648.9346919478024,complete,complete,0.0198039151595398,512,0.0,0
328.21867870492,5969.026376711058,False,1144668160,0.0060123749999547,False,512,1,0.3,512,0.0040127910001501,0.5,0.1913003228696459,6.354781774545384,2032,20.32231237938148,0.0034046276723908,cutoff_1e-14,complete,0.051090208000005,0.068125124999824,1024,0.0394367689473575,40.38325140209416,0.0436904456003731,44.73901629478213,4096,0.3144312091900543,1287.9102328424624,0.229376711169157,939.5270089488672,32768,0.3195939711896781,10472.455247943371,0.0310531670002092,0.2273242245156823,7448.960188929877,complete,complete,0.2273242245156823,512,0.0,0
215.44329838559733,37386.63990858001,False,1144668160,0.0061843329999646,False,768,0,0.0,768,0.0055525410002701,0.75,0.0095995085301497,0.3126730647151597,2032,20.421457605945996,0.0005462234010834,cutoff_1e-10,complete,0.0918477499999426,0.1114590000001953,1024,9.547309120934616e-05,0.0977644453983704,9.547309120934616e-05,0.0977644453983704,4096,0.0197091140119425,80.72853099291666,0.0197091140119425,80.72853099291666,32768,0.0210696289600591,690.409601763218,0.0435955840002861,0.0210696289600591,690.409601763218,complete,complete,0.0210696289600591,768,0.0,0
1853.738442183532,37386.63990858001,False,1144668160,0.0061843329999646,False,768,1,0.3,768,0.0055525410002701,0.75,0.1324266980283247,4.399066109611635,2032,20.421457605945996,0.0005462234010834,cutoff_1e-10,complete,0.0918477499999426,0.1114590000001953,1024,0.0188982252311851,19.351782636733617,0.0625491335870995,64.05031279318997,4096,1.8172818224808809,7443.586344881687,1.725719354163047,7068.546474651839,32768,1.9037657057716368,62382.59464672499,0.0435955840002861,1.816656972730744,59528.21568244102,complete,complete,1.816656972730744,768,0.0,0
215.44329838559733,37386.63990858001,False,1144668160,0.0061843329999646,False,768,0,0.0,768,0.0055525410002701,0.75,0.0095995085301497,0.3126730647151597,2032,20.421457605945996,0.0005462234010834,cutoff_1e-14,complete,0.0918477499999426,0.1114590000001953,1024,9.547309120934616e-05,0.0977644453983704,9.547309120934616e-05,0.0977644453983704,4096,0.0197091140119425,80.72853099291666,0.0197091140119425,80.72853099291666,32768,0.0210696289600591,690.409601763218,0.0435955840002861,0.0210696289600591,690.409601763218,complete,complete,0.0210696289600591,768,0.0,0
1853.738442183532,37386.63990858001,False,1144668160,0.0061843329999646,False,768,1,0.3,768,0.0055525410002701,0.75,0.1324266980283247,4.399066109611635,2032,20.421457605945996,0.0005462234010834,cutoff_1e-14,complete,0.0918477499999426,0.1114590000001953,1024,0.0188982252311851,19.351782636733617,0.0625491335870995,64.05031279318997,4096,1.8172818224808809,7443.586344881687,1.725719354163047,7068.546474651839,32768,1.9037657057716368,62382.59464672499,0.0435955840002861,1.816656972730744,59528.21568244102,complete,complete,1.816656972730744,768,0.0,0
414.8398551766013,117706.60260147072,False,1144733696,0.0068526250001923,False,896,0,0.0,896,0.0064022500000646,0.875,0.0042075427199316,0.1370471491357141,2032,20.51007801018311,0.0001742474725876,cutoff_1e-10,complete,0.1181314999998903,0.1397730830003638,1024,1.834171981076822e-05,0.0187819210862266,1.834171981076822e-05,0.0187819210862266,4096,0.0355287838454457,145.5258986309458,0.0355287838454457,145.5258986309458,32768,0.039355719478749,1289.60821587965,0.050596250000126,0.039355719478749,1289.60821587965,complete,complete,0.039355719478749,896,0.0,0
5843.896672895489,117706.60260147072,False,1144733696,0.0068526250001923,False,896,1,0.3,896,0.0064022500000646,0.875,0.0882835463817706,2.9326802125754643,2032,20.51007801018311,0.0001742474725876,cutoff_1e-10,complete,0.1181314999998903,0.1397730830003638,1024,0.0083990363566715,8.600613229231655,0.0730139250435148,74.76625924455917,4096,7.368295694093567,30180.53916300725,7.301238497478087,29905.872885670244,32768,8.247172291616307,270243.34165168315,0.050596250000126,8.13459151961417,266554.29491471715,complete,complete,8.13459151961417,896,0.0,0
414.8398551766013,117706.60260147072,False,1144733696,0.0068526250001923,False,896,0,0.0,896,0.0064022500000646,0.875,0.0042075427199316,0.1370471491357141,2032,20.51007801018311,0.0001742474725876,cutoff_1e-14,complete,0.1181314999998903,0.1397730830003638,1024,1.834171981076822e-05,0.0187819210862266,1.834171981076822e-05,0.0187819210862266,4096,0.0355287838454457,145.5258986309458,0.0355287838454457,145.5258986309458,32768,0.039355719478749,1289.60821587965,0.050596250000126,0.039355719478749,1289.60821587965,complete,complete,0.039355719478749,896,0.0,0
5843.896672895489,117706.60260147072,False,1144733696,0.0068526250001923,False,896,1,0.3,896,0.0064022500000646,0.875,0.0882835463817706,2.9326802125754643,2032,20.51007801018311,0.0001742474725876,cutoff_1e-14,complete,0.1181314999998903,0.1397730830003638,1024,0.0083990363566715,8.600613229231655,0.0730139250435148,74.76625924455917,4096,7.368295694093567,30180.53916300725,7.301238497478087,29905.872885670244,32768,8.247172291616307,270243.34165168315,0.050596250000126,8.13459151961417,266554.29491471715,complete,complete,8.13459151961417,896,0.0,0
607.1374097159752,270067.3394841088,False,1144766464,0.0069254159998308,False,960,0,0.0,960,0.0071336250002786,0.9375,0.0027406830872142,0.0892689222162629,2032,20.53560728449156,7.60388402526545e-05,cutoff_1e-10,complete,0.1300349169996479,0.1534069160002218,1024,7.782168431301957e-06,0.0079689404736532,7.782168431301957e-06,0.0079689404736532,4096,0.0565857264761367,231.77513564625605,0.0565857264761367,231.77513564625605,32768,0.0626262182232594,2052.135918739767,0.0547119170000769,0.0626262182232594,2052.135918739767,complete,complete,0.0626262182232594,960,0.0,0
12065.824037258126,270067.3394841088,False,1144766464,0.0069254159998308,False,960,1,0.3,960,0.0071336250002786,0.9375,0.0635058060271973,2.109591519061062,2032,20.53560728449156,7.60388402526545e-05,cutoff_1e-10,complete,0.1300349169996479,0.1534069160002218,1024,0.0043460706809515,4.450376377294358,0.07701582725483,78.86420710894596,4096,32.259861645017615,132136.39329799215,32.19965236564428,131889.77608967898,32768,35.83751058365857,1174323.546805324,0.0547119170000769,35.73163845999607,1170854.3290571512,complete,complete,35.73163845999607,960,0.0,0
607.1374097159752,270067.3394841088,False,1144766464,0.0069254159998308,False,960,0,0.0,960,0.0071336250002786,0.9375,0.0027406830872142,0.0892689222162629,2032,20.53560728449156,7.60388402526545e-05,cutoff_1e-14,complete,0.1300349169996479,0.1534069160002218,1024,7.782168431301957e-06,0.0079689404736532,7.782168431301957e-06,0.0079689404736532,4096,0.0565857264761367,231.77513564625605,0.0565857264761367,231.77513564625605,32768,0.0626262182232594,2052.135918739767,0.0547119170000769,0.0626262182232594,2052.135918739767,complete,complete,0.0626262182232594,960,0.0,0
12065.824037258126,270067.3394841088,False,1144766464,0.0069254159998308,False,960,1,0.3,960,0.0071336250002786,0.9375,0.0635058060271973,2.109591519061062,2032,20.53560728449156,7.60388402526545e-05,cutoff_1e-14,complete,0.1300349169996479,0.1534069160002218,1024,0.0043460706809515,4.450376377294358,0.07701582725483,78.86420710894596,4096,32.259861645017615,132136.39329799215,32.19965236564428,131889.77608967898,32768,35.83751058365857,1174323.546805324,0.0547119170000769,35.73163845999607,1170854.3290571512,complete,complete,35.73163845999607,960,0.0,0
857.4144963176745,570447.2786177341,False,1144815616,0.0070638749998579,False,992,0,0.0,992,0.007431041000018,0.96875,0.0017701108433574,0.0576556581558112,2032,20.47949934860337,3.590077491162336e-05,cutoff_1e-10,complete,0.1384549999997943,0.1619185419999667,1024,3.2462645677536794e-06,0.0033241749173797,3.2462645677536794e-06,0.0033241749173797,4096,0.1137948001500899,466.1035014147684,0.1137948001500899,466.1035014147684,32768,0.1096043024652637,3591.5137831817615,0.0560146249999888,0.1096043024652637,3591.5137831817615,complete,complete,0.1096043024652637,992,0.0,0
19731.722637774383,570447.2786177341,False,1144815616,0.0070638749998579,False,992,1,0.3,992,0.007431041000018,0.96875,0.0460325078426281,1.5291481869284729,2032,20.47949934860337,3.590077491162336e-05,cutoff_1e-10,complete,0.1384549999997943,0.1619185419999667,1024,0.0022834904077994,2.3382941775866346,0.0790231091130397,80.91966373175265,4096,74.25296150333283,304140.13031765126,74.10026684568436,303514.69299992314,32768,79.32785658715272,2599415.2046478204,0.0560146249999888,79.21490561321335,2595714.027133775,complete,complete,79.21490561321335,992,0.0,0
857.4144963176745,570447.2786177341,False,1144815616,0.0070638749998579,False,992,0,0.0,992,0.007431041000018,0.96875,0.0017701108433574,0.0576556581558112,2032,20.47949934860337,3.590077491162336e-05,cutoff_1e-14,complete,0.1384549999997943,0.1619185419999667,1024,3.2462645677536794e-06,0.0033241749173797,3.2462645677536794e-06,0.0033241749173797,4096,0.1137948001500899,466.1035014147684,0.1137948001500899,466.1035014147684,32768,0.1096043024652637,3591.5137831817615,0.0560146249999888,0.1096043024652637,3591.5137831817615,complete,complete,0.1096043024652637,992,0.0,0
19731.722637774383,570447.2786177341,False,1144815616,0.0070638749998579,False,992,1,0.3,992,0.007431041000018,0.96875,0.0460325078426281,1.5291481869284729,2032,20.47949934860337,3.590077491162336e-05,cutoff_1e-14,complete,0.1384549999997943,0.1619185419999667,1024,0.0022834904077994,2.3382941775866346,0.0790231091130397,80.91966373175265,4096,74.25296150333283,304140.13031765126,74.10026684568436,303514.69299992314,32768,79.32785658715272,2599415.2046478204,0.0560146249999888,79.21490561321335,2595714.027133775,complete,complete,79.21490561321335,992,0.0,0
5169.047609832256,9826501.667065509,False,1144832000,0.0077439169999706,False,1023,0,0.0,1023,0.0088580420001562,0.9990234375,0.0002233448727007,0.0072747397032296,2032,20.426099857221853,2.0786746442716177e-06,cutoff_1e-10,complete,0.1653926249996402,0.1912828750000699,1024,5.1681482177485477e-08,5.292183774974512e-05,5.1681482177485477e-08,5.292183774974512e-05,4096,4.976306350144066,20382.950810190097,4.976306350144066,20382.950810190097,32768,5.055307500818588,165652.3161868235,0.0699680829998214,5.055307500818588,165652.3161868235,complete,complete,5.055307500818588,1023,0.0,0
254682.2931823219,9826501.667065509,False,1144832000,0.0077439169999706,False,1023,1,0.3,1023,0.0088580420001562,0.9990234375,0.0154563379992379,0.5134421810971022,2032,20.426099857221853,2.0786746442716177e-06,cutoff_1e-10,complete,0.1653926249996402,0.1912828750000699,1024,0.000257444212236,0.2636228733297497,0.0810286361957297,82.9733234644273,4096,10469.83592216131,42884447.937172726,10468.73414702079,42879935.06619716,32768,12323.745699604997,403824499.0846565,0.0699680829998214,12324.080460200736,403835468.51985776,complete,complete,12324.080460200736,1023,0.0,0
5169.047609832256,9826501.667065509,False,1144832000,0.0077439169999706,False,1023,0,0.0,1023,0.0088580420001562,0.9990234375,0.0002233448727007,0.0072747397032296,2032,20.426099857221853,2.0786746442716177e-06,cutoff_1e-14,complete,0.1653926249996402,0.1912828750000699,1024,5.1681482177485477e-08,5.292183774974512e-05,5.1681482177485477e-08,5.292183774974512e-05,4096,4.976306350144066,20382.950810190097,4.976306350144066,20382.950810190097,32768,5.055307500818588,165652.3161868235,0.0699680829998214,5.055307500818588,165652.3161868235,complete,complete,5.055307500818588,1023,0.0,0
254682.2931823219,9826501.667065509,False,1144832000,0.0077439169999706,False,1023,1,0.3,1023,0.0088580420001562,0.9990234375,0.0154563379992379,0.5134421810971022,2032,20.426099857221853,2.0786746442716177e-06,cutoff_1e-14,complete,0.1653926249996402,0.1912828750000699,1024,0.000257444212236,0.2636228733297497,0.0810286361957297,82.9733234644273,4096,10469.83592216131,42884447.937172726,10468.73414702079,42879935.06619716,32768,12323.745699604997,403824499.0846565,0.0699680829998214,12324.080460200736,403835468.51985776,complete,complete,12324.080460200736,1023,0.0,0
18123.068153947825,39034609.43755496,False,1144913920,0.0067783750000671,True,1024,0,0.0,1024,0.0079114999998637,1.0,8.702185179268649e-13,2.8344564736568987e-11,2032,20.42021731251781,5.231310779523682e-07,cutoff_1e-10,complete,0.1627698750003219,0.1871053339996251,1024,7.845843262749512e-25,8.0341435010555e-22,7.845843262749512e-25,8.0341435010555e-22,4096,58.05856223475525,237807.8709135575,58.05856223475525,237807.8709135575,32768,62.910742138974015,2061459.1984099003,0.0590510419997372,62.910742138974015,2061459.1984099003,complete,complete,62.910742138974015,1024,0.0,0
749447.8467894597,39034609.43755496,False,1144913920,0.0067783750000671,True,1024,1,0.3,1024,0.0079114999998637,1.0,3.793212282395671e-11,1.2600624984608692e-09,2032,20.42021731251781,5.231310779523682e-07,cutoff_1e-10,complete,0.1627698750003219,0.1871053339996251,1024,1.5505444336205557e-21,1.5877575000274488e-18,0.0812933756382324,83.24441665355005,4096,108693.1262685418,445207045.1959472,108694.44563721986,445212449.33005255,32768,110392.07101783564,3617327383.112438,0.0590510419997372,110390.73151497754,3617283490.282784,complete,complete,110390.73151497754,1024,0.0,0
18123.068153947825,39034609.43755496,False,1144913920,0.0067783750000671,True,1024,0,0.0,1024,0.0079114999998637,1.0,8.702185179268649e-13,2.8344564736568987e-11,2032,20.42021731251781,5.231310779523682e-07,cutoff_1e-14,complete,0.1627698750003219,0.1871053339996251,1024,7.845843262749512e-25,8.0341435010555e-22,7.845843262749512e-25,8.0341435010555e-22,4096,58.05856223475525,237807.8709135575,58.05856223475525,237807.8709135575,32768,62.910742138974015,2061459.1984099003,0.0590510419997372,62.910742138974015,2061459.1984099003,complete,complete,62.910742138974015,1024,0.0,0
749447.8467894597,39034609.43755496,False,1144913920,0.0067783750000671,True,1024,1,0.3,1024,0.0079114999998637,1.0,3.793212282395671e-11,1.2600624984608692e-09,2032,20.42021731251781,5.231310779523682e-07,cutoff_1e-14,complete,0.1627698750003219,0.1871053339996251,1024,1.5505444336205557e-21,1.5877575000274488e-18,0.0812933756382324,83.24441665355005,4096,108693.1262685418,445207045.1959472,108694.44563721986,445212449.33005255,32768,110392.07101783564,3617327383.112438,0.0590510419997372,110390.73151497754,3617283490.282784,complete,complete,110390.73151497754,1024,0.0,0
2388.0849810568457,4450801.310918207,False,1144963072,0.0074595830001271,True,1025,0,0.0,1024,0.0091004159999101,1.0009765625,1.6998151720842906e-13,5.536600312772766e-12,2032,20.428981303964992,4.589955802756439e-06,cutoff_1e-10,complete,0.178238875000261,0.204618875000051,1024,2.9935491233784664e-26,3.0653943023395496e-23,2.9935491233784664e-26,3.0653943023395496e-23,4096,1.1227447514055635,4598.762501757188,1.1227447514055635,4598.762501757188,32768,0.959767796842302,31449.67116692855,0.0698419169998487,0.959767796842302,31449.67116692855,complete,complete,0.959767796842302,1024,0.0,0
166952.72206982522,4450801.310918207,False,1144963072,0.0074595830001271,True,1025,1,0.3,1024,0.0091004159999101,1.0009765625,7.0059288266207376e-12,2.32729083533794e-10,2032,20.428981303964992,4.589955802756439e-06,cutoff_1e-10,complete,0.178238875000261,0.204618875000051,1024,5.2893385080546546e-23,5.4162826322479663e-20,0.0812933756388334,83.24441665416549,4096,7007.781575538918,28703873.33340741,7007.090008473204,28701040.674706243,32768,5841.1075512419975,191401412.23909777,0.0698419169998487,5841.0423764017905,191399276.58993387,complete,complete,5841.0423764017905,1024,0.0,0
2388.0849810568457,4450801.310918207,False,1144963072,0.0074595830001271,True,1025,0,0.0,1024,0.0091004159999101,1.0009765625,1.6998151720842906e-13,5.536600312772766e-12,2032,20.428981303964992,4.589955802756439e-06,cutoff_1e-14,complete,0.178238875000261,0.204618875000051,1024,2.9935491233784664e-26,3.0653943023395496e-23,2.9935491233784664e-26,3.0653943023395496e-23,4096,1.1227447514055635,4598.762501757188,1.1227447514055635,4598.762501757188,32768,0.959767796842302,31449.67116692855,0.0698419169998487,0.959767796842302,31449.67116692855,complete,complete,0.959767796842302,1024,0.0,0
166952.72206982522,4450801.310918207,False,1144963072,0.0074595830001271,True,1025,1,0.3,1024,0.0091004159999101,1.0009765625,7.0059288266207376e-12,2.32729083533794e-10,2032,20.428981303964992,4.589955802756439e-06,cutoff_1e-14,complete,0.178238875000261,0.204618875000051,1024,5.2893385080546546e-23,5.4162826322479663e-20,0.0812933756388334,83.24441665416549,4096,7007.781575538918,28703873.33340741,7007.090008473204,28701040.674706243,32768,5841.1075512419975,191401412.23909777,0.0698419169998487,5841.0423764017905,191399276.58993387,complete,complete,5841.0423764017905,1024,0.0,0
731.6815091969411,651055.0270957026,False,1145044992,0.0073047910000241,True,1056,0,0.0,1024,0.0078370420001192,1.03125,3.292540862680807e-14,1.072439113941013e-12,2032,20.376044870831254,3.129696265725332e-05,cutoff_1e-10,complete,0.1810822080001344,0.2051462919998812,1024,1.1231695831158054e-27,1.1501256531105848e-24,1.1231695831158054e-27,1.1501256531105848e-24,4096,0.1209228743558474,495.30009336155126,0.1209228743558474,495.30009336155126,32768,0.1088663566909671,3567.332776049612,0.0743512500002907,0.1088663566909671,3567.332776049612,complete,complete,0.1088663566909671,1024,0.0,0
22747.165633951,651055.0270957026,False,1145044992,0.0073047910000241,True,1056,1,0.3,1024,0.0078370420001192,1.03125,1.6519351350904089e-12,5.487542902035211e-11,2032,20.376044870831254,3.129696265725332e-05,cutoff_1e-10,complete,0.1810822080001344,0.2051462919998812,1024,2.9407350685231463e-24,3.0113127101677018e-21,0.0812933756389632,83.24441665429833,4096,135.22056350925052,553863.4281338901,135.14991533984073,553574.0532319876,32768,128.87292830832428,4222908.11480717,0.0743512500002907,128.7670879059632,4219439.936502602,complete,complete,128.7670879059632,1024,0.0,0
731.6815091969411,651055.0270957026,False,1145044992,0.0073047910000241,True,1056,0,0.0,1024,0.0078370420001192,1.03125,3.292540862680807e-14,1.072439113941013e-12,2032,20.376044870831254,3.129696265725332e-05,cutoff_1e-14,complete,0.1810822080001344,0.2051462919998812,1024,1.1231695831158054e-27,1.1501256531105848e-24,1.1231695831158054e-27,1.1501256531105848e-24,4096,0.1209228743558474,495.30009336155126,0.1209228743558474,495.30009336155126,32768,0.1088663566909671,3567.332776049612,0.0743512500002907,0.1088663566909671,3567.332776049612,complete,complete,0.1088663566909671,1024,0.0,0
22747.165633951,651055.0270957026,False,1145044992,0.0073047910000241,True,1056,1,0.3,1024,0.0078370420001192,1.03125,1.6519351350904089e-12,5.487542902035211e-11,2032,20.376044870831254,3.129696265725332e-05,cutoff_1e-14,complete,0.1810822080001344,0.2051462919998812,1024,2.9407350685231463e-24,3.0113127101677018e-21,0.0812933756389632,83.24441665429833,4096,135.22056350925052,553863.4281338901,135.14991533984073,553574.0532319876,32768,128.87292830832428,4222908.11480717,0.0743512500002907,128.7670879059632,4219439.936502602,complete,complete,128.7670879059632,1024,0.0,0
313.79850972078214,353646.18312348716,False,1145094144,0.0176766250001492,True,1088,0,0.0,1024,0.0082376670002304,1.0625,2.3771840219274828e-14,7.742911120850656e-13,2032,20.36641861225552,5.758981599171937e-05,cutoff_1e-10,complete,0.1899240000002464,0.2252827079996677,1024,5.854753186073511e-28,5.995267262539274e-25,5.854753186073511e-28,5.995267262539274e-25,4096,0.0431767146538668,176.85182322223858,0.0431767146538668,176.85182322223858,32768,0.0385745656721697,1264.0113679456597,0.0612855829999716,0.0385745656721697,1264.0113679456597,complete,complete,0.0385745656721697,1024,0.0,0
14228.441445203647,353646.18312348716,False,1145094144,0.0176766250001492,True,1088,1,0.3,1024,0.0082376670002304,1.0625,1.2277731887605097e-12,4.0785245765252984e-11,2032,20.36641861225552,5.758981599171937e-05,cutoff_1e-10,complete,0.1899240000002464,0.2252827079996677,1024,1.6244494845039904e-24,1.6634362721320865e-21,0.0812933756389254,83.24441665425968,4096,66.01491070450189,270397.0742456397,65.90843655935292,269960.95614710957,32768,68.88480678569044,2257217.3487535045,0.0612855829999716,68.76555080491693,2253309.568775518,complete,complete,68.76555080491693,1024,0.0,0
313.79850972078214,353646.18312348716,False,1145094144,0.0176766250001492,True,1088,0,0.0,1024,0.0082376670002304,1.0625,2.3771840219274828e-14,7.742911120850656e-13,2032,20.36641861225552,5.758981599171937e-05,cutoff_1e-14,complete,0.1899240000002464,0.2252827079996677,1024,5.854753186073511e-28,5.995267262539274e-25,5.854753186073511e-28,5.995267262539274e-25,4096,0.0431767146538668,176.85182322223858,0.0431767146538668,176.85182322223858,32768,0.0385745656721697,1264.0113679456597,0.0612855829999716,0.0385745656721697,1264.0113679456597,complete,complete,0.0385745656721697,1024,0.0,0
14228.441445203647,353646.18312348716,False,1145094144,0.0176766250001492,True,1088,1,0.3,1024,0.0082376670002304,1.0625,1.2277731887605097e-12,4.0785245765252984e-11,2032,20.36641861225552,5.758981599171937e-05,cutoff_1e-14,complete,0.1899240000002464,0.2252827079996677,1024,1.6244494845039904e-24,1.6634362721320865e-21,0.0812933756389254,83.24441665425968,4096,66.01491070450189,270397.0742456397,65.90843655935292,269960.95614710957,32768,68.88480678569044,2257217.3487535045,0.0612855829999716,68.76555080491693,2253309.568775518,complete,complete,68.76555080491693,1024,0.0,0
230.9441327432161,220857.6672264782,False,1145143296,0.0071199169997271,True,1152,0,0.0,1024,0.0086604160001115,1.125,1.1148322593936535e-14,3.63120693203343e-13,2032,20.453378771039976,9.260886899645684e-05,cutoff_1e-10,complete,0.1980224590001853,0.2240034160004143,1024,1.2876624788327762e-28,1.3185663783247629e-25,1.2876624788327762e-28,1.3185663783247629e-25,4096,0.0274209619874385,112.3162603005484,0.0274209619874385,112.3162603005484,32768,0.0283286539777831,928.2733335439972,0.0656352080000033,0.0283286539777831,928.2733335439972,complete,complete,0.0283286539777831,1024,0.0,0
9346.618682043918,220857.6672264782,False,1145143296,0.0071199169997271,True,1152,1,0.3,1024,0.0086604160001115,1.125,3.379897071113229e-13,1.1227638294152465e-11,2032,20.453378771039976,9.260886899645684e-05,cutoff_1e-10,complete,0.1980224590001853,0.2240034160004143,1024,1.2310533365656134e-25,1.2605986166431882e-22,0.0812933756389292,83.24441665426357,4096,48.99428204689464,200680.57926408044,48.8845297897534,200231.03401882993,32768,45.67104101886186,1496548.672106065,0.0656352080000033,45.58108119480654,1493600.8685914208,complete,complete,45.58108119480654,1024,0.0,0
230.9441327432161,220857.6672264782,False,1145143296,0.0071199169997271,True,1152,0,0.0,1024,0.0086604160001115,1.125,1.1148322593936535e-14,3.63120693203343e-13,2032,20.453378771039976,9.260886899645684e-05,cutoff_1e-14,complete,0.1980224590001853,0.2240034160004143,1024,1.2876624788327762e-28,1.3185663783247629e-25,1.2876624788327762e-28,1.3185663783247629e-25,4096,0.0274209619874385,112.3162603005484,0.0274209619874385,112.3162603005484,32768,0.0283286539777831,928.2733335439972,0.0656352080000033,0.0283286539777831,928.2733335439972,complete,complete,0.0283286539777831,1024,0.0,0
9346.618682043918,220857.6672264782,False,1145143296,0.0071199169997271,True,1152,1,0.3,1024,0.0086604160001115,1.125,3.379897071113229e-13,1.1227638294152465e-11,2032,20.453378771039976,9.260886899645684e-05,cutoff_1e-14,complete,0.1980224590001853,0.2240034160004143,1024,1.2310533365656134e-25,1.2605986166431882e-22,0.0812933756389292,83.24441665426357,4096,48.99428204689464,200680.57926408044,48.8845297897534,200231.03401882993,32768,45.67104101886186,1496548.672106065,0.0656352080000033,45.58108119480654,1493600.8685914208,complete,complete,45.58108119480654,1024,0.0,0
155.85443502487507,118958.23351173034,False,1145159680,0.0074234590001651,True,1280,0,0.0,1024,0.0099397500002851,1.25,1.2385583432581284e-14,4.034204790784294e-13,2032,20.323856383094892,0.0001708486733798,cutoff_1e-10,complete,0.2224240000000463,0.2507282910000867,1024,1.5893367474596631e-28,1.627480829398695e-25,1.5893367474596631e-28,1.627480829398695e-25,4096,0.0183817378587206,75.29159826931995,0.0183817378587206,75.29159826931995,32768,0.0180149916542606,590.3152465268124,0.0729804580000745,0.0180149916542606,590.3152465268124,complete,complete,0.0180149916542606,1024,0.0,0
5628.446790440627,118958.23351173034,False,1145159680,0.0074234590001651,True,1280,1,0.3,1024,0.0099397500002851,1.25,2.890779047236532e-13,9.602843177705496e-12,2032,20.323856383094892,0.0001708486733798,cutoff_1e-10,complete,0.2224240000000463,0.2507282910000867,1024,9.005331747617676e-26,9.221459709560499e-23,0.0812933756389249,83.24441665425915,4096,28.331896142025343,116047.4465977358,28.16675093557024,115371.01183209573,32768,26.32604567180873,862651.8645738284,0.0729804580000745,26.23488628848171,859664.7539009687,complete,complete,26.23488628848171,1024,0.0,0
155.85443502487507,118958.23351173034,False,1145159680,0.0074234590001651,True,1280,0,0.0,1024,0.0099397500002851,1.25,1.2385583432581284e-14,4.034204790784294e-13,2032,20.323856383094892,0.0001708486733798,cutoff_1e-14,complete,0.2224240000000463,0.2507282910000867,1024,1.5893367474596631e-28,1.627480829398695e-25,1.5893367474596631e-28,1.627480829398695e-25,4096,0.0183817378587206,75.29159826931995,0.0183817378587206,75.29159826931995,32768,0.0180149916542606,590.3152465268124,0.0729804580000745,0.0180149916542606,590.3152465268124,complete,complete,0.0180149916542606,1024,0.0,0
5628.446790440627,118958.23351173034,False,1145159680,0.0074234590001651,True,1280,1,0.3,1024,0.0099397500002851,1.25,2.890779047236532e-13,9.602843177705496e-12,2032,20.323856383094892,0.0001708486733798,cutoff_1e-14,complete,0.2224240000000463,0.2507282910000867,1024,9.005331747617676e-26,9.221459709560499e-23,0.0812933756389249,83.24441665425915,4096,28.331896142025343,116047.4465977358,28.16675093557024,115371.01183209573,32768,26.32604567180873,862651.8645738284,0.0729804580000745,26.23488628848171,859664.7539009687,complete,complete,26.23488628848171,1024,0.0,0
102.88891434568744,70199.98173023309,False,1145192448,0.0080356660000688,True,1536,0,0.0,1024,0.011963458000082,1.5,9.690693220792796e-15,3.1564311225341706e-13,2032,20.26892607964753,0.0002887312158789,cutoff_1e-10,complete,0.2792169170002125,0.3106823749999421,1024,9.729548272756176e-29,9.963057431302324e-26,9.729548272756176e-29,9.963057431302324e-26,4096,0.0095117056002554,38.95994613864641,0.0095117056002554,38.95994613864641,32768,0.009782381092811,320.5490636492339,0.0903796669999792,0.009782381092811,320.5490636492339,complete,complete,0.009782381092811,1024,0.0,0
3499.056788502925,70199.98173023309,False,1145192448,0.0080356660000688,True,1536,1,0.3,1024,0.011963458000082,1.5,1.3922051121409036e-13,4.624748949896165e-12,2032,20.26892607964753,0.0002887312158789,cutoff_1e-10,complete,0.2792169170002125,0.3106823749999421,1024,2.088701450152899e-26,2.1388302849565685e-23,0.0812933756389257,83.24441665425996,4096,20.16191676508905,82583.21106980475,20.05700673280475,82153.49957756826,32768,17.49859708875824,573394.02940443,0.0903796669999792,17.41276265131905,570581.4065584226,complete,complete,17.41276265131905,1024,0.0,0
102.88891434568744,70199.98173023309,False,1145192448,0.0080356660000688,True,1536,0,0.0,1024,0.011963458000082,1.5,9.690693220792796e-15,3.1564311225341706e-13,2032,20.26892607964753,0.0002887312158789,cutoff_1e-14,complete,0.2792169170002125,0.3106823749999421,1024,9.729548272756176e-29,9.963057431302324e-26,9.729548272756176e-29,9.963057431302324e-26,4096,0.0095117056002554,38.95994613864641,0.0095117056002554,38.95994613864641,32768,0.009782381092811,320.5490636492339,0.0903796669999792,0.009782381092811,320.5490636492339,complete,complete,0.009782381092811,1024,0.0,0
3499.056788502925,70199.98173023309,False,1145192448,0.0080356660000688,True,1536,1,0.3,1024,0.011963458000082,1.5,1.3922051121409036e-13,4.624748949896165e-12,2032,20.26892607964753,0.0002887312158789,cutoff_1e-14,complete,0.2792169170002125,0.3106823749999421,1024,2.088701450152899e-26,2.1388302849565685e-23,0.0812933756389257,83.24441665425996,4096,20.16191676508905,82583.21106980475,20.05700673280475,82153.49957756826,32768,17.49859708875824,573394.02940443,0.0903796669999792,17.41276265131905,570581.4065584226,complete,complete,17.41276265131905,1024,0.0,0
64.57523302049808,42803.51035502484,False,1145225216,0.0093395419999069,True,2048,0,0.0,1024,0.0168833749999066,2.0,1.0107418228960914e-14,3.292165868785126e-13,2032,20.285328938777702,0.000473917414028,cutoff_1e-10,complete,0.3451604169999882,0.3850377080002545,1024,1.058433213632199e-28,1.0838356107593718e-25,1.058433213632199e-28,1.0838356107593718e-25,4096,0.0081403676047577,33.34294570908769,0.0081403676047577,33.34294570908769,32768,0.0074261542637414,243.3402229142788,0.1269834999998238,0.0074261542637414,243.3402229142788,complete,complete,0.0074261542637414,1024,0.0,0
2311.6501949381545,42803.51035502484,False,1145225216,0.0093395419999069,True,2048,1,0.3,1024,0.0168833749999066,2.0,1.2088163581318526e-13,4.015552115227247e-12,2032,20.285328938777702,0.000473917414028,cutoff_1e-10,complete,0.3451604169999882,0.3850377080002545,1024,1.574673709971291e-26,1.612465879010602e-23,0.0812933756389259,83.24441665426016,4096,13.69498306341276,56094.650627738665,13.573555469184194,55597.28320177846,32768,11.360766886841729,372269.6093480297,0.1269834999998238,11.2763732382042,369504.19826947525,complete,complete,11.2763732382042,1024,0.0,0
64.57523302049808,42803.51035502484,False,1145225216,0.0093395419999069,True,2048,0,0.0,1024,0.0168833749999066,2.0,1.0107418228960914e-14,3.292165868785126e-13,2032,20.285328938777702,0.000473917414028,cutoff_1e-14,complete,0.3451604169999882,0.3850377080002545,1024,1.058433213632199e-28,1.0838356107593718e-25,1.058433213632199e-28,1.0838356107593718e-25,4096,0.0081403676047577,33.34294570908769,0.0081403676047577,33.34294570908769,32768,0.0074261542637414,243.3402229142788,0.1269834999998238,0.0074261542637414,243.3402229142788,complete,complete,0.0074261542637414,1024,0.0,0
2311.6501949381545,42803.51035502484,False,1145225216,0.0093395419999069,True,2048,1,0.3,1024,0.0168833749999066,2.0,1.2088163581318526e-13,4.015552115227247e-12,2032,20.285328938777702,0.000473917414028,cutoff_1e-14,complete,0.3451604169999882,0.3850377080002545,1024,1.574673709971291e-26,1.612465879010602e-23,0.0812933756389259,83.24441665426016,4096,13.69498306341276,56094.650627738665,13.573555469184194,55597.28320177846,32768,11.360766886841729,372269.6093480297,0.1269834999998238,11.2763732382042,369504.19826947525,complete,complete,11.2763732382042,1024,0.0,0
40.65273828822235,31038.9749324051,False,1145274368,0.0107387499997457,True,3072,0,0.0,1024,0.0203504590003831,3.0,5.102705437715381e-15,1.6620419082270276e-13,2032,20.436181989068984,0.0006584038948958,cutoff_1e-10,complete,0.514952166999592,0.5655590420001317,1024,2.697639945998964e-29,2.762383304702939e-26,2.697639945998964e-29,2.762383304702939e-26,4096,0.0045135509976318,18.48750488629993,0.0045135509976318,18.48750488629993,32768,0.0040446255996132,132.5342916481263,0.1625518750001902,0.0040446255996132,132.5342916481263,complete,complete,0.0040446255996132,1024,0.0,0
1560.0873423262356,31038.9749324051,False,1145274368,0.0107387499997457,True,3072,1,0.3,1024,0.0203504590003831,3.0,8.128091727087946e-14,2.700060741890539e-12,2032,20.436181989068984,0.0006584038948958,cutoff_1e-10,complete,0.514952166999592,0.5655590420001317,1024,7.119460947166491e-27,7.290328009898487e-24,0.0812933756389254,83.24441665425962,4096,8.710292229044047,35677.356970164416,8.604305315528965,35243.23457240664,32768,7.814276275662775,256058.2050009178,0.1625518750001902,7.729190161124425,253270.10319972516,complete,complete,7.729190161124425,1024,0.0,0
40.65273828822235,31038.9749324051,False,1145274368,0.0107387499997457,True,3072,0,0.0,1024,0.0203504590003831,3.0,5.102705437715381e-15,1.6620419082270276e-13,2032,20.436181989068984,0.0006584038948958,cutoff_1e-14,complete,0.514952166999592,0.5655590420001317,1024,2.697639945998964e-29,2.762383304702939e-26,2.697639945998964e-29,2.762383304702939e-26,4096,0.0045135509976318,18.48750488629993,0.0045135509976318,18.48750488629993,32768,0.0040446255996132,132.5342916481263,0.1625518750001902,0.0040446255996132,132.5342916481263,complete,complete,0.0040446255996132,1024,0.0,0
1560.0873423262356,31038.9749324051,False,1145274368,0.0107387499997457,True,3072,1,0.3,1024,0.0203504590003831,3.0,8.128091727087946e-14,2.700060741890539e-12,2032,20.436181989068984,0.0006584038948958,cutoff_1e-14,complete,0.514952166999592,0.5655590420001317,1024,7.119460947166491e-27,7.290328009898487e-24,0.0812933756389254,83.24441665425962,4096,8.710292229044047,35677.356970164416,8.604305315528965,35243.23457240664,32768,7.814276275662775,256058.2050009178,0.1625518750001902,7.729190161124425,253270.10319972516,complete,complete,7.729190161124425,1024,0.0,0
34.01072307035675,25077.502737606537,False,1145356288,0.0121194590001323,True,4096,0,0.0,1024,0.0285489580001012,4.0,6.430469355598452e-15,2.0945182294040966e-13,2032,20.56963000408551,0.0008202423590303,cutoff_1e-10,complete,0.6755393749999712,0.7409179999999651,1024,4.28418614580671e-29,4.387006613306071e-26,4.28418614580671e-29,4.387006613306071e-26,4096,0.003847428846458,15.759068555092249,0.003847428846458,15.759068555092249,32768,0.0032899455691078,107.80493640852664,0.2140960830001859,0.0032899455691078,107.80493640852664,complete,complete,0.0032899455691078,1024,0.0,0
1282.1792444333637,25077.502737606537,False,1145356288,0.0121194590001323,True,4096,1,0.3,1024,0.0285489580001012,4.0,6.723450100336664e-14,2.2334545764880258e-12,2032,20.56963000408551,0.0008202423590303,cutoff_1e-10,complete,0.6755393749999712,0.7409179999999651,1024,4.871405610581354e-27,4.988319345235306e-24,0.0812933756389272,83.2444166542615,4096,7.154685906884733,29305.593474599867,7.051945077177739,28884.767036120014,32768,6.709865810679215,219868.88288433652,0.2140960830001859,6.621877729239019,216985.68943170417,complete,complete,6.621877729239019,1024,0.0,0
34.01072307035675,25077.502737606537,False,1145356288,0.0121194590001323,True,4096,0,0.0,1024,0.0285489580001012,4.0,6.430469355598452e-15,2.0945182294040966e-13,2032,20.56963000408551,0.0008202423590303,cutoff_1e-14,complete,0.6755393749999712,0.7409179999999651,1024,4.28418614580671e-29,4.387006613306071e-26,4.28418614580671e-29,4.387006613306071e-26,4096,0.003847428846458,15.759068555092249,0.003847428846458,15.759068555092249,32768,0.0032899455691078,107.80493640852664,0.2140960830001859,0.0032899455691078,107.80493640852664,complete,complete,0.0032899455691078,1024,0.0,0
1282.1792444333637,25077.502737606537,False,1145356288,0.0121194590001323,True,4096,1,0.3,1024,0.0285489580001012,4.0,6.723450100336664e-14,2.2334545764880258e-12,2032,20.56963000408551,0.0008202423590303,cutoff_1e-14,complete,0.6755393749999712,0.7409179999999651,1024,4.871405610581354e-27,4.988319345235306e-24,0.0812933756389272,83.2444166542615,4096,7.154685906884733,29305.593474599867,7.051945077177739,28884.767036120014,32768,6.709865810679215,219868.88288433652,0.2140960830001859,6.621877729239019,216985.68943170417,complete,complete,6.621877729239019,1024,0.0,0
29.209585999305816,18259.156574410248,False,1145405440,0.0193456249999144,True,8192,0,0.0,1024,0.0564149580000048,8.0,1.2438230047283872e-14,4.0513527294670243e-13,2032,20.72538035173314,0.00113506778187,cutoff_1e-10,complete,1.333133791999899,1.4594283750002432,1024,1.602876849468741e-28,1.6413458938559909e-25,1.602876849468741e-28,1.6413458938559909e-25,4096,0.0037453176327655,15.340821023807496,0.0037453176327655,15.340821023807496,32768,0.0033383866214981,109.39225281325228,0.4344468750000487,0.0033383866214981,109.39225281325228,complete,complete,0.0033383866214981,1024,0.0,0
949.8147241269792,18259.156574410248,False,1145405440,0.0193456249999144,True,8192,1,0.3,1024,0.0564149580000048,8.0,6.75368444009954e-14,2.243498084434505e-12,2032,20.72538035173314,0.00113506778187,cutoff_1e-10,complete,1.333133791999899,1.4594283750002432,1024,4.9153160692004794e-27,5.033283654861291e-24,0.0812933756389256,83.24441665425991,4096,5.280121617910254,21627.3781469604,5.174357649286415,21194.168931477157,32768,4.881999941456224,159973.37408163754,0.4344468750000487,4.792021464552683,157024.9593504623,complete,complete,4.792021464552683,1024,0.0,0
29.209585999305816,18259.156574410248,False,1145405440,0.0193456249999144,True,8192,0,0.0,1024,0.0564149580000048,8.0,1.2438230047283872e-14,4.0513527294670243e-13,2032,20.72538035173314,0.00113506778187,cutoff_1e-14,complete,1.333133791999899,1.4594283750002432,1024,1.602876849468741e-28,1.6413458938559909e-25,1.602876849468741e-28,1.6413458938559909e-25,4096,0.0037453176327655,15.340821023807496,0.0037453176327655,15.340821023807496,32768,0.0033383866214981,109.39225281325228,0.4344468750000487,0.0033383866214981,109.39225281325228,complete,complete,0.0033383866214981,1024,0.0,0
949.8147241269792,18259.156574410248,False,1145405440,0.0193456249999144,True,8192,1,0.3,1024,0.0564149580000048,8.0,6.75368444009954e-14,2.243498084434505e-12,2032,20.72538035173314,0.00113506778187,cutoff_1e-14,complete,1.333133791999899,1.4594283750002432,1024,4.9153160692004794e-27,5.033283654861291e-24,0.0812933756389256,83.24441665425991,4096,5.280121617910254,21627.3781469604,5.174357649286415,21194.168931477157,32768,4.881999941456224,159973.37408163754,0.4344468750000487,4.792021464552683,157024.9593504623,complete,complete,4.792021464552683,1024,0.0,0
10.537520837204063,65.09389503000683,False,1145438208,0.0053298750003705,False,64,0,0.0,64,0.0007231670001601,0.0625,0.31348571169989,10.21078713704608,2033,21.23070492406332,0.3261550858844203,cutoff_1e-10,complete,0.0024404169998888,0.0140241249996506,1024,0.1018165761309235,104.2601739580657,0.1018165761309235,104.2601739580657,4096,0.1483154084527189,607.4999130223366,0.1483154084527189,607.4999130223366,32768,0.1420415943809656,4654.418964675482,0.0082356249999975,0.1420415943809656,4654.418964675482,complete,complete,0.1420415943809656,64,0.0,0
10.5648556585661,65.09389503000683,False,1145438208,0.0053298750003705,False,64,1,0.3,64,0.0007231670001601,0.0625,0.3941185853904237,13.092176562374606,2033,21.23070492406332,0.3261550858844203,cutoff_1e-10,complete,0.0024404169998888,0.0140241249996506,1024,0.1673877804105382,171.40508714039115,0.1092491114137886,111.87109008771952,4096,0.2488646825949435,1019.3497399088888,0.1558527216080322,638.3727477064999,32768,0.2424655890268073,7945.112421230424,0.0082356249999975,0.1507254229528621,4938.970659319388,complete,complete,0.1507254229528621,64,0.0,0
10.537520837204063,65.09389503000683,False,1145438208,0.0053298750003705,False,64,0,0.0,64,0.0007231670001601,0.0625,0.31348571169989,10.21078713704608,2033,21.23070492406332,0.3261550858844203,cutoff_1e-14,complete,0.0024404169998888,0.0140241249996506,1024,0.1018165761309235,104.2601739580657,0.1018165761309235,104.2601739580657,4096,0.1483154084527189,607.4999130223366,0.1483154084527189,607.4999130223366,32768,0.1420415943809656,4654.418964675482,0.0082356249999975,0.1420415943809656,4654.418964675482,complete,complete,0.1420415943809656,64,0.0,0
10.5648556585661,65.09389503000683,False,1145438208,0.0053298750003705,False,64,1,0.3,64,0.0007231670001601,0.0625,0.3941185853904237,13.092176562374606,2033,21.23070492406332,0.3261550858844203,cutoff_1e-14,complete,0.0024404169998888,0.0140241249996506,1024,0.1673877804105382,171.40508714039115,0.1092491114137886,111.87109008771952,4096,0.2488646825949435,1019.3497399088888,0.1558527216080322,638.3727477064999,32768,0.2424655890268073,7945.112421230424,0.0082356249999975,0.1507254229528621,4938.970659319388,complete,complete,0.1507254229528621,64,0.0,0
18.329436876401115,203.4895879598381,False,1145454592,0.0049416249999012,False,128,0,0.0,128,0.0012479580000217,0.125,0.2288300765042398,7.453402546064373,2033,20.696308719446872,0.1017069665674079,cutoff_1e-10,complete,0.0067430419999254,0.0182712920000085,1024,0.054251181165702,55.55320951367894,0.054251181165702,55.55320951367894,4096,0.1097389379915741,449.4906900134878,0.1097389379915741,449.4906900134878,32768,0.1042115933856109,3414.805492059699,0.0116297919998942,0.1042115933856109,3414.805492059699,complete,complete,0.1042115933856109,128,0.0,0
20.134642160267344,203.4895879598381,False,1145454592,0.0049416249999012,False,128,1,0.3,128,0.0012479580000217,0.125,0.337863225632253,11.223436721536412,2033,20.696308719446872,0.1017069665674079,cutoff_1e-10,complete,0.0067430419999254,0.0182712920000085,1024,0.1230132146897774,125.96553184233208,0.0687061427763586,70.35509020299125,4096,0.2213765316763935,906.758273746508,0.1299170670958772,532.140306824713,32768,0.2186995655405034,7166.347363631216,0.0116297919998942,0.1266900744307973,4151.380358948367,complete,complete,0.1266900744307973,128,0.0,0
18.329436876401115,203.4895879598381,False,1145454592,0.0049416249999012,False,128,0,0.0,128,0.0012479580000217,0.125,0.2288300765042398,7.453402546064373,2033,20.696308719446872,0.1017069665674079,cutoff_1e-14,complete,0.0067430419999254,0.0182712920000085,1024,0.054251181165702,55.55320951367894,0.054251181165702,55.55320951367894,4096,0.1097389379915741,449.4906900134878,0.1097389379915741,449.4906900134878,32768,0.1042115933856109,3414.805492059699,0.0116297919998942,0.1042115933856109,3414.805492059699,complete,complete,0.1042115933856109,128,0.0,0
20.134642160267344,203.4895879598381,False,1145454592,0.0049416249999012,False,128,1,0.3,128,0.0012479580000217,0.125,0.337863225632253,11.223436721536412,2033,20.696308719446872,0.1017069665674079,cutoff_1e-14,complete,0.0067430419999254,0.0182712920000085,1024,0.1230132146897774,125.96553184233208,0.0687061427763586,70.35509020299125,4096,0.2213765316763935,906.758273746508,0.1299170670958772,532.140306824713,32768,0.2186995655405034,7166.347363631216,0.0116297919998942,0.1266900744307973,4151.380358948367,complete,complete,0.1266900744307973,128,0.0,0
63.75890415557048,950.5293557144532,False,1145470976,0.0054535839999516,False,256,0,0.0,256,0.0021918340003139,0.25,0.106918614761406,3.4825294282046624,2033,20.92504127285078,0.0220140926180262,cutoff_1e-10,complete,0.0169768329997168,0.0304787499999292,1024,0.0118437609553823,12.128011218311489,0.0118437609553823,12.128011218311489,4096,0.0508468333909071,208.2686295691557,0.0508468333909071,208.2686295691557,32768,0.0427181046108949,1399.7868518898072,0.0175807499999791,0.0427181046108949,1399.7868518898072,complete,complete,0.0427181046108949,256,0.0,0
76.43127454897656,950.5293557144532,False,1145470976,0.0054535839999516,False,256,1,0.3,256,0.0021918340003139,0.25,0.2574531126681637,8.552303120253768,2033,20.92504127285078,0.0220140926180262,cutoff_1e-10,complete,0.0169768329997168,0.0304787499999292,1024,0.071427625645217,73.14188866070222,0.0354026080649756,36.25227065853507,4096,0.1912616534530347,783.4077325436303,0.1058189676124759,433.4344913407014,32768,0.1857504906811178,6086.672078638869,0.0175807499999791,0.092140934939615,3019.2741561013054,complete,complete,0.092140934939615,256,0.0,0
63.75890415557048,950.5293557144532,False,1145470976,0.0054535839999516,False,256,0,0.0,256,0.0021918340003139,0.25,0.106918614761406,3.4825294282046624,2033,20.92504127285078,0.0220140926180262,cutoff_1e-14,complete,0.0169768329997168,0.0304787499999292,1024,0.0118437609553823,12.128011218311489,0.0118437609553823,12.128011218311489,4096,0.0508468333909071,208.2686295691557,0.0508468333909071,208.2686295691557,32768,0.0427181046108949,1399.7868518898072,0.0175807499999791,0.0427181046108949,1399.7868518898072,complete,complete,0.0427181046108949,256,0.0,0
76.43127454897656,950.5293557144532,False,1145470976,0.0054535839999516,False,256,1,0.3,256,0.0021918340003139,0.25,0.2574531126681637,8.552303120253768,2033,20.92504127285078,0.0220140926180262,cutoff_1e-14,complete,0.0169768329997168,0.0304787499999292,1024,0.071427625645217,73.14188866070222,0.0354026080649756,36.25227065853507,4096,0.1912616534530347,783.4077325436303,0.1058189676124759,433.4344913407014,32768,0.1857504906811178,6086.672078638869,0.0175807499999791,0.092140934939615,3019.2741561013054,complete,complete,0.092140934939615,256,0.0,0
78.955601179518,2569.375878929623,False,1145487360,0.0063852080002106,False,384,0,0.0,384,0.0029263329997775,0.375,0.0483083353651758,1.5734883950024037,2033,20.65746170856901,0.0080398753167927,cutoff_1e-10,complete,0.0289970829999219,0.0440603329998339,1024,0.0024178376261789,2.4758657292072415,0.0024178376261789,2.4758657292072415,4096,0.0249605054513151,102.23823032858704,0.0249605054513151,102.23823032858704,32768,0.0215417894742731,705.8813574929836,0.0232862080001723,0.0215417894742731,705.8813574929836,complete,complete,0.0215417894742731,384,0.0,0
150.56031245594443,2569.375878929623,False,1145487360,0.0063852080002106,False,384,1,0.3,384,0.0029263329997775,0.375,0.2164716952045338,7.190946480148305,2033,20.65746170856901,0.0080398753167927,cutoff_1e-10,complete,0.0289970829999219,0.0440603329998339,1024,0.0504977649222239,51.709711280357304,0.0359067939747603,36.76855703015464,4096,0.2285838931481547,936.2796263348416,0.1391519166703086,569.9662506815841,32768,0.2214257228128672,7255.678085132034,0.0232862080001723,0.1290722582694038,4229.439758971824,complete,complete,0.1290722582694038,384,0.0,0
78.955601179518,2569.375878929623,False,1145487360,0.0063852080002106,False,384,0,0.0,384,0.0029263329997775,0.375,0.0483083353651758,1.5734883950024037,2033,20.65746170856901,0.0080398753167927,cutoff_1e-14,complete,0.0289970829999219,0.0440603329998339,1024,0.0024178376261789,2.4758657292072415,0.0024178376261789,2.4758657292072415,4096,0.0249605054513151,102.23823032858704,0.0249605054513151,102.23823032858704,32768,0.0215417894742731,705.8813574929836,0.0232862080001723,0.0215417894742731,705.8813574929836,complete,complete,0.0215417894742731,384,0.0,0
150.56031245594443,2569.375878929623,False,1145487360,0.0063852080002106,False,384,1,0.3,384,0.0029263329997775,0.375,0.2164716952045338,7.190946480148305,2033,20.65746170856901,0.0080398753167927,cutoff_1e-14,complete,0.0289970829999219,0.0440603329998339,1024,0.0504977649222239,51.709711280357304,0.0359067939747603,36.76855703015464,4096,0.2285838931481547,936.2796263348416,0.1391519166703086,569.9662506815841,32768,0.2214257228128672,7255.678085132034,0.0232862080001723,0.1290722582694038,4229.439758971824,complete,complete,0.1290722582694038,384,0.0,0
85.55855830306531,6514.185298746788,False,1145487360,0.0063003750001371,False,512,0,0.0,512,0.0038538750000043,0.5,0.0274939498007759,0.8955268406016219,2033,20.75188282931056,0.0031856451540153,cutoff_1e-10,complete,0.0493860419996963,0.0661167919997751,1024,0.0007831721896854,0.801968322237923,0.0007831721896854,0.801968322237923,4096,0.0151216367236142,61.93822401992381,0.0151216367236142,61.93822401992381,32768,0.0134606344433885,441.078069440956,0.0303253750003023,0.0134606344433885,441.078069440956,complete,complete,0.0134606344433885,512,0.0,0
379.6416042679079,6514.185298746788,False,1145487360,0.0063003750001371,False,512,1,0.3,512,0.0038538750000043,0.5,0.1913649600638371,6.3569289495079895,2033,20.75188282931056,0.0031856451540153,cutoff_1e-10,complete,0.0493860419996963,0.0661167919997751,1024,0.0394634235049734,40.41054566909279,0.0433076604391531,44.34704428969282,4096,0.3402513057620626,1393.6693484014086,0.2548900691778183,1044.0297233523438,32768,0.3307295447813273,10837.345723394534,0.0303253750003023,0.237477319237181,7781.6567967639485,complete,complete,0.237477319237181,512,0.0,0
85.55855830306531,6514.185298746788,False,1145487360,0.0063003750001371,False,512,0,0.0,512,0.0038538750000043,0.5,0.0274939498007759,0.8955268406016219,2033,20.75188282931056,0.0031856451540153,cutoff_1e-14,complete,0.0493860419996963,0.0661167919997751,1024,0.0007831721896854,0.801968322237923,0.0007831721896854,0.801968322237923,4096,0.0151216367236142,61.93822401992381,0.0151216367236142,61.93822401992381,32768,0.0134606344433885,441.078069440956,0.0303253750003023,0.0134606344433885,441.078069440956,complete,complete,0.0134606344433885,512,0.0,0
379.6416042679079,6514.185298746788,False,1145487360,0.0063003750001371,False,512,1,0.3,512,0.0038538750000043,0.5,0.1913649600638371,6.3569289495079895,2033,20.75188282931056,0.0031856451540153,cutoff_1e-14,complete,0.0493860419996963,0.0661167919997751,1024,0.0394634235049734,40.41054566909279,0.0433076604391531,44.34704428969282,4096,0.3402513057620626,1393.6693484014086,0.2548900691778183,1044.0297233523438,32768,0.3307295447813273,10837.345723394534,0.0303253750003023,0.237477319237181,7781.6567967639485,complete,complete,0.237477319237181,512,0.0,0
213.39753323795884,45492.576284411974,False,1145503744,0.0064120410002033,False,768,0,0.0,768,0.0056174169999394,0.75,0.008647404191821,0.2816613331813149,2033,21.048740087288913,0.0004626851633043,cutoff_1e-10,complete,0.0922658339995905,0.1119701249999707,1024,7.747373692331607e-05,0.0793331066094756,7.747373692331607e-05,0.0793331066094756,4096,0.0177405863087296,72.66544152055663,0.0177405863087296,72.66544152055663,32768,0.0170623838190465,559.100192982516,0.0432423749998633,0.0170623838190465,559.100192982516,complete,complete,0.0170623838190465,768,0.0,0
2275.251696002086,45492.576284411974,False,1145503744,0.0064120410002033,False,768,1,0.3,768,0.0056174169999394,0.75,0.1302747284429193,4.32758009800658,2033,21.048740087288913,0.0004626851633043,cutoff_1e-10,complete,0.0922658339995905,0.1119701249999707,1024,0.018289013188147,18.727949504662604,0.0630310997401739,64.54384613393815,4096,1.9922808019906424,8160.382164953671,1.901524122010973,7788.642803756946,32768,2.256282541549028,73933.86632147855,0.0432423749998633,2.1660002287546885,70975.49549583363,complete,complete,2.1660002287546885,768,0.0,0
213.39753323795884,45492.576284411974,False,1145503744,0.0064120410002033,False,768,0,0.0,768,0.0056174169999394,0.75,0.008647404191821,0.2816613331813149,2033,21.048740087288913,0.0004626851633043,cutoff_1e-14,complete,0.0922658339995905,0.1119701249999707,1024,7.747373692331607e-05,0.0793331066094756,7.747373692331607e-05,0.0793331066094756,4096,0.0177405863087296,72.66544152055663,0.0177405863087296,72.66544152055663,32768,0.0170623838190465,559.100192982516,0.0432423749998633,0.0170623838190465,559.100192982516,complete,complete,0.0170623838190465,768,0.0,0
2275.251696002086,45492.576284411974,False,1145503744,0.0064120410002033,False,768,1,0.3,768,0.0056174169999394,0.75,0.1302747284429193,4.32758009800658,2033,21.048740087288913,0.0004626851633043,cutoff_1e-14,complete,0.0922658339995905,0.1119701249999707,1024,0.018289013188147,18.727949504662604,0.0630310997401739,64.54384613393815,4096,1.9922808019906424,8160.382164953671,1.901524122010973,7788.642803756946,32768,2.256282541549028,73933.86632147855,0.0432423749998633,2.1660002287546885,70975.49549583363,complete,complete,2.1660002287546885,768,0.0,0
436.207547957422,128105.30911702444,False,1145569280,0.0064116670000657,False,896,0,0.0,896,0.0067777080002997,0.875,0.0041798541088598,0.1361452818313247,2033,21.01961804454575,0.0001640807722133,cutoff_1e-10,complete,0.1204447919999438,0.1437348750000637,1024,1.810111109856529e-05,0.0185355377649308,1.810111109856529e-05,0.0185355377649308,4096,0.0280073252247106,114.71800412041486,0.0280073252247106,114.71800412041486,32768,0.0304041728913423,996.2839373035044,0.0490715830001136,0.0304041728913423,996.2839373035044,complete,complete,0.0304041728913423,896,0.0,0
5354.829845933331,128105.30911702444,False,1145569280,0.0064116670000657,False,896,1,0.3,896,0.0067777080002997,0.875,0.091263796567836,3.0316807750517687,2033,21.01961804454575,0.0001640807722133,cutoff_1e-10,complete,0.1204447919999438,0.1437348750000637,1024,0.0089756721892758,9.191088321818494,0.0722534172524865,73.98749926654618,4096,7.975830716190529,32669.002613516408,7.8769074737810865,32263.81301260733,32768,7.843568004051003,257018.03635674325,0.0490715830001136,7.757517725045188,254198.34081428073,complete,complete,7.757517725045188,896,0.0,0
436.207547957422,128105.30911702444,False,1145569280,0.0064116670000657,False,896,0,0.0,896,0.0067777080002997,0.875,0.0041798541088598,0.1361452818313247,2033,21.01961804454575,0.0001640807722133,cutoff_1e-14,complete,0.1204447919999438,0.1437348750000637,1024,1.810111109856529e-05,0.0185355377649308,1.810111109856529e-05,0.0185355377649308,4096,0.0280073252247106,114.71800412041486,0.0280073252247106,114.71800412041486,32768,0.0304041728913423,996.2839373035044,0.0490715830001136,0.0304041728913423,996.2839373035044,complete,complete,0.0304041728913423,896,0.0,0
5354.829845933331,128105.30911702444,False,1145569280,0.0064116670000657,False,896,1,0.3,896,0.0067777080002997,0.875,0.091263796567836,3.0316807750517687,2033,21.01961804454575,0.0001640807722133,cutoff_1e-14,complete,0.1204447919999438,0.1437348750000637,1024,0.0089756721892758,9.191088321818494,0.0722534172524865,73.98749926654618,4096,7.975830716190529,32669.002613516408,7.8769074737810865,32263.81301260733,32768,7.843568004051003,257018.03635674325,0.0490715830001136,7.757517725045188,254198.34081428073,complete,complete,7.757517725045188,896,0.0,0
734.9441717598879,298987.01289835555,False,1145602048,0.0067254999999022,False,960,0,0.0,960,0.0075169159999859,0.9375,0.0024446838928879,0.0796277020483195,2033,20.983017058425656,7.018036286933673e-05,cutoff_1e-10,complete,0.1334289579999676,0.1573489580000568,1024,6.191963802242151e-06,0.0063405709334959,6.191963802242151e-06,0.0063405709334959,4096,0.0610571476530426,250.09007678686257,0.0610571476530426,250.09007678686257,32768,0.0655835515394522,2149.0418168447704,0.0531796669997675,0.0655835515394522,2149.0418168447704,complete,complete,0.0655835515394522,960,0.0,0
13826.061967479753,298987.01289835555,False,1145602048,0.0067254999999022,False,960,1,0.3,960,0.0075169159999859,0.9375,0.0577490784332711,1.918359496834773,2033,20.983017058425656,7.018036286933673e-05,cutoff_1e-10,complete,0.1334289579999676,0.1573489580000568,1024,0.0035938507413048,3.6801031590961655,0.0776351028791105,79.49834534820917,4096,37.75908712312099,154661.22085630358,37.6431752677056,154186.44589652214,32768,33.17053960188913,1086932.241674703,0.0531796669997675,33.07702083434532,1083867.8186998274,complete,complete,33.07702083434532,960,0.0,0
734.9441717598879,298987.01289835555,False,1145602048,0.0067254999999022,False,960,0,0.0,960,0.0075169159999859,0.9375,0.0024446838928879,0.0796277020483195,2033,20.983017058425656,7.018036286933673e-05,cutoff_1e-14,complete,0.1334289579999676,0.1573489580000568,1024,6.191963802242151e-06,0.0063405709334959,6.191963802242151e-06,0.0063405709334959,4096,0.0610571476530426,250.09007678686257,0.0610571476530426,250.09007678686257,32768,0.0655835515394522,2149.0418168447704,0.0531796669997675,0.0655835515394522,2149.0418168447704,complete,complete,0.0655835515394522,960,0.0,0
13826.061967479753,298987.01289835555,False,1145602048,0.0067254999999022,False,960,1,0.3,960,0.0075169159999859,0.9375,0.0577490784332711,1.918359496834773,2033,20.983017058425656,7.018036286933673e-05,cutoff_1e-14,complete,0.1334289579999676,0.1573489580000568,1024,0.0035938507413048,3.6801031590961655,0.0776351028791105,79.49834534820917,4096,37.75908712312099,154661.22085630358,37.6431752677056,154186.44589652214,32768,33.17053960188913,1086932.241674703,0.0531796669997675,33.07702083434532,1083867.8186998274,complete,complete,33.07702083434532,960,0.0,0
866.3378797609471,710725.916238862,False,1145651200,0.0069247080000423,False,992,0,0.0,992,0.0074591249999684,0.96875,0.0015598551109631,0.0508072550302589,2033,20.957346689627805,2.948724143975696e-05,cutoff_1e-10,complete,0.1398184999998193,0.1631340419999105,1024,2.5208761364353268e-06,0.0025813771637097,2.5208761364353268e-06,0.0025813771637097,4096,0.1011600660523633,414.3516305504804,0.1011600660523633,414.3516305504804,32768,0.1006064953035483,3296.6736381066717,0.0556686249997255,0.1006064953035483,3296.6736381066717,complete,complete,0.1006064953035483,992,0.0,0
17993.49768887521,710725.916238862,False,1145651200,0.0069247080000423,False,992,1,0.3,992,0.0074591249999684,0.96875,0.0472243421836975,1.5687395845554708,2033,20.957346689627805,2.948724143975696e-05,cutoff_1e-10,complete,0.1398184999998193,0.1631340419999105,1024,0.0024032655118664,2.460943884151269,0.0788867339693016,80.78001558456488,4096,55.9998495191553,229375.3836304601,55.83272243775846,228690.83110505863,32768,59.684442340479606,1955739.8066128355,0.0556686249997255,59.59525480572893,1952817.3094741255,complete,complete,59.59525480572893,992,0.0,0
866.3378797609471,710725.916238862,False,1145651200,0.0069247080000423,False,992,0,0.0,992,0.0074591249999684,0.96875,0.0015598551109631,0.0508072550302589,2033,20.957346689627805,2.948724143975696e-05,cutoff_1e-14,complete,0.1398184999998193,0.1631340419999105,1024,2.5208761364353268e-06,0.0025813771637097,2.5208761364353268e-06,0.0025813771637097,4096,0.1011600660523633,414.3516305504804,0.1011600660523633,414.3516305504804,32768,0.1006064953035483,3296.6736381066717,0.0556686249997255,0.1006064953035483,3296.6736381066717,complete,complete,0.1006064953035483,992,0.0,0
17993.49768887521,710725.916238862,False,1145651200,0.0069247080000423,False,992,1,0.3,992,0.0074591249999684,0.96875,0.0472243421836975,1.5687395845554708,2033,20.957346689627805,2.948724143975696e-05,cutoff_1e-14,complete,0.1398184999998193,0.1631340419999105,1024,0.0024032655118664,2.460943884151269,0.0788867339693016,80.78001558456488,4096,55.9998495191553,229375.3836304601,55.83272243775846,228690.83110505863,32768,59.684442340479606,1955739.8066128355,0.0556686249997255,59.59525480572893,1952817.3094741255,complete,complete,59.59525480572893,992,0.0,0
8914.132020840127,50886743.63280832,False,1145667584,0.0074656669999058,False,1023,0,0.0,1023,0.009170124999855,0.9990234375,0.0001285891607354,0.0041883776497555,2033,20.89620779763561,4.106414815697335e-07,cutoff_1e-10,complete,0.1677197499998328,0.1946352909999404,1024,1.7131354821261755e-08,1.7542507336972037e-05,1.7131354821261755e-08,1.7542507336972037e-05,4096,9.597015082428545,39309.37377762732,9.597015082428545,39309.37377762732,32768,9.924300466930472,325199.4777003777,0.0677323750001051,9.924300466930472,325199.4777003777,complete,complete,9.924300466930472,1023,0.0,0
122073.42507565042,50886743.63280832,False,1145667584,0.0074656669999058,False,1023,1,0.3,1023,0.009170124999855,0.9990234375,8.336739584861286e-06,0.0002769371215808,2033,20.89620779763561,4.106414815697335e-07,cutoff_1e-10,complete,0.1677197499998328,0.1946352909999404,1024,7.489664971629694e-11,7.669416930948808e-08,0.0812933778296009,83.24441889751138,4096,2167.954666250817,8879942.312963346,2168.44450600602,8881948.696600657,32768,2173.463508632417,71220052.25086704,0.0677323750001051,2173.2973753252804,71214608.39465879,complete,complete,2173.2973753252804,1023,0.0,0
8914.132020840127,50886743.63280832,False,1145667584,0.0074656669999058,False,1023,0,0.0,1023,0.009170124999855,0.9990234375,0.0001285891607354,0.0041883776497555,2033,20.89620779763561,4.106414815697335e-07,cutoff_1e-14,complete,0.1677197499998328,0.1946352909999404,1024,1.7131354821261755e-08,1.7542507336972037e-05,1.7131354821261755e-08,1.7542507336972037e-05,4096,9.597015082428545,39309.37377762732,9.597015082428545,39309.37377762732,32768,9.924300466930472,325199.4777003777,0.0677323750001051,9.924300466930472,325199.4777003777,complete,complete,9.924300466930472,1023,0.0,0
122073.42507565042,50886743.63280832,False,1145667584,0.0074656669999058,False,1023,1,0.3,1023,0.009170124999855,0.9990234375,8.336739584861286e-06,0.0002769371215808,2033,20.89620779763561,4.106414815697335e-07,cutoff_1e-14,complete,0.1677197499998328,0.1946352909999404,1024,7.489664971629694e-11,7.669416930948808e-08,0.0812933778296009,83.24441889751138,4096,2167.954666250817,8879942.312963346,2168.44450600602,8881948.696600657,32768,2173.463508632417,71220052.25086704,0.0677323750001051,2173.2973753252804,71214608.39465879,complete,complete,2173.2973753252804,1023,0.0,0
31579.419193382382,207285982.91777804,False,1145683968,0.0070216670001173,True,1024,0,0.0,1024,0.0077740419997098,1.0,1.4344638275213825e-12,4.6723037931104395e-11,2033,20.891860637429936,1.00787618841149e-07,cutoff_1e-10,complete,0.16494104100002,0.1897915409999768,1024,2.1318772202259972e-24,2.1830422735114208e-21,2.1318772202259972e-24,2.1830422735114208e-21,4096,127.7462498070401,523248.63920963625,127.7462498070401,523248.63920963625,32768,130.96283168250466,4291390.068572313,0.0603034170003411,130.96283168250466,4291390.068572313,complete,complete,130.96283168250466,1024,0.0,0
121559.9144371344,207285982.91777804,False,1145683968,0.0070216670001173,True,1024,1,0.3,1024,0.0077740419997098,1.0,5.9972909982719506e-12,1.9922326821389237e-10,2033,20.891860637429936,1.00787618841149e-07,cutoff_1e-10,complete,0.16494104100002,0.1897915409999768,1024,3.8759678318188e-23,3.968991059782451e-20,0.0812933756389644,83.24441665429956,4096,2163.2444256705494,8860649.16754657,2163.725028400552,8862617.716328662,32768,2163.3079142753586,70887273.73497495,0.0603034170003411,2163.1411531280146,70881809.30569878,complete,complete,2163.1411531280146,1024,0.0,0
31579.419193382382,207285982.91777804,False,1145683968,0.0070216670001173,True,1024,0,0.0,1024,0.0077740419997098,1.0,1.4344638275213825e-12,4.6723037931104395e-11,2033,20.891860637429936,1.00787618841149e-07,cutoff_1e-14,complete,0.16494104100002,0.1897915409999768,1024,2.1318772202259972e-24,2.1830422735114208e-21,2.1318772202259972e-24,2.1830422735114208e-21,4096,127.7462498070401,523248.63920963625,127.7462498070401,523248.63920963625,32768,130.96283168250466,4291390.068572313,0.0603034170003411,130.96283168250466,4291390.068572313,complete,complete,130.96283168250466,1024,0.0,0
121559.9144371344,207285982.91777804,False,1145683968,0.0070216670001173,True,1024,1,0.3,1024,0.0077740419997098,1.0,5.9972909982719506e-12,1.9922326821389237e-10,2033,20.891860637429936,1.00787618841149e-07,cutoff_1e-14,complete,0.16494104100002,0.1897915409999768,1024,3.8759678318188e-23,3.968991059782451e-20,0.0812933756389644,83.24441665429956,4096,2163.2444256705494,8860649.16754657,2163.725028400552,8862617.716328662,32768,2163.3079142753586,70887273.73497495,0.0603034170003411,2163.1411531280146,70881809.30569878,complete,complete,2163.1411531280146,1024,0.0,0
2319.9200119240704,11955986.66917872,False,1145700352,0.0072693330002948,True,1025,0,0.0,1024,0.0091049580000799,1.0009765625,1.0716186304829531e-13,3.490452457504497e-12,2033,20.88457255990557,1.746787876047387e-06,cutoff_1e-10,complete,0.1760155000001759,0.2020073329999832,1024,1.1897713240331232e-26,1.2183258358099183e-23,1.1897713240331232e-26,1.2183258358099183e-23,4096,0.92409592029015,3785.0968895084543,0.92409592029015,3785.0968895084543,32768,0.883897048603499,28963.538488639457,0.0695184170003813,0.883897048603499,28963.538488639457,complete,complete,0.883897048603499,1024,0.0,0
118325.58575752996,11955986.66917872,False,1145700352,0.0072693330002948,True,1025,1,0.3,1024,0.0091049580000799,1.0009765625,5.087363005401066e-12,1.6899648271502656e-10,2033,20.88457255990557,1.746787876047387e-06,cutoff_1e-10,complete,0.1760155000001759,0.2020073329999832,1024,2.789044059575222e-23,2.855981117005027e-20,0.0812933756389547,83.24441665428964,4096,2186.7964805791576,8957118.38445223,2187.1773171947434,8958678.291229669,32768,2135.3553639136817,69971324.56472352,0.0695184170003813,2135.183055545551,69965678.36411661,complete,complete,2135.183055545551,1024,0.0,0
2319.9200119240704,11955986.66917872,False,1145700352,0.0072693330002948,True,1025,0,0.0,1024,0.0091049580000799,1.0009765625,1.0716186304829531e-13,3.490452457504497e-12,2033,20.88457255990557,1.746787876047387e-06,cutoff_1e-14,complete,0.1760155000001759,0.2020073329999832,1024,1.1897713240331232e-26,1.2183258358099183e-23,1.1897713240331232e-26,1.2183258358099183e-23,4096,0.92409592029015,3785.0968895084543,0.92409592029015,3785.0968895084543,32768,0.883897048603499,28963.538488639457,0.0695184170003813,0.883897048603499,28963.538488639457,complete,complete,0.883897048603499,1024,0.0,0
118325.58575752996,11955986.66917872,False,1145700352,0.0072693330002948,True,1025,1,0.3,1024,0.0091049580000799,1.0009765625,5.087363005401066e-12,1.6899648271502656e-10,2033,20.88457255990557,1.746787876047387e-06,cutoff_1e-14,complete,0.1760155000001759,0.2020073329999832,1024,2.789044059575222e-23,2.855981117005027e-20,0.0812933756389547,83.24441665428964,4096,2186.7964805791576,8957118.38445223,2187.1773171947434,8958678.291229669,32768,2135.3553639136817,69971324.56472352,0.0695184170003813,2135.183055545551,69965678.36411661,complete,complete,2135.183055545551,1024,0.0,0
688.3331719115305,769652.6346573863,False,1145733120,0.0074850419996437,True,1056,0,0.0,1024,0.0079658750000817,1.03125,3.3276713793399995e-14,1.0838817479824926e-12,2033,20.917418740343088,2.7177739409226542e-05,cutoff_1e-10,complete,0.1824953330001335,0.2079503750001095,1024,1.1472652769624838e-27,1.1747996436095834e-24,1.1472652769624838e-27,1.1747996436095834e-24,4096,0.0958136152248182,392.45256796085545,0.0958136152248182,392.45256796085545,32768,0.0966306395632671,3166.392797209138,0.0598811669997303,0.0966306395632671,3166.392797209138,complete,complete,0.0966306395632671,1024,0.0,0
24053.370671769455,769652.6346573863,False,1145733120,0.0074850419996437,True,1056,1,0.3,1024,0.0079658750000817,1.03125,1.1168566162792652e-12,3.710072185684774e-11,2033,20.917418740343088,2.7177739409226542e-05,cutoff_1e-10,complete,0.1824953330001335,0.2079503750001095,1024,1.3442026975577924e-24,1.3764635622991796e-21,0.0812933756388873,83.24441665422061,4096,128.55781187668475,526572.7974469007,128.4964381075497,526321.4104885235,32768,108.09708227998593,3542125.192150579,0.0598811669997303,107.98893862360588,3538581.5408183173,complete,complete,107.98893862360588,1024,0.0,0
688.3331719115305,769652.6346573863,False,1145733120,0.0074850419996437,True,1056,0,0.0,1024,0.0079658750000817,1.03125,3.3276713793399995e-14,1.0838817479824926e-12,2033,20.917418740343088,2.7177739409226542e-05,cutoff_1e-14,complete,0.1824953330001335,0.2079503750001095,1024,1.1472652769624838e-27,1.1747996436095834e-24,1.1472652769624838e-27,1.1747996436095834e-24,4096,0.0958136152248182,392.45256796085545,0.0958136152248182,392.45256796085545,32768,0.0966306395632671,3166.392797209138,0.0598811669997303,0.0966306395632671,3166.392797209138,complete,complete,0.0966306395632671,1024,0.0,0
24053.370671769455,769652.6346573863,False,1145733120,0.0074850419996437,True,1056,1,0.3,1024,0.0079658750000817,1.03125,1.1168566162792652e-12,3.710072185684774e-11,2033,20.917418740343088,2.7177739409226542e-05,cutoff_1e-14,complete,0.1824953330001335,0.2079503750001095,1024,1.3442026975577924e-24,1.3764635622991796e-21,0.0812933756388873,83.24441665422061,4096,128.55781187668475,526572.7974469007,128.4964381075497,526321.4104885235,32768,108.09708227998593,3542125.192150579,0.0598811669997303,107.98893862360588,3538581.5408183173,complete,complete,107.98893862360588,1024,0.0,0
533.4061551990292,429139.0077750796,False,1145782272,0.0074117080002906,True,1088,0,0.0,1024,0.0084151250002832,1.0625,2.116360121223947e-14,6.893361291004685e-13,2033,20.958821265575068,4.883923597213518e-05,cutoff_1e-10,complete,0.1868487910001022,0.2121946659999594,1024,4.640471668781424e-28,4.751842988832178e-25,4.640471668781424e-28,4.751842988832178e-25,4096,0.0660021691445211,270.3448848159586,0.0660021691445211,270.3448848159586,32768,0.0661657339824523,2168.118771137,0.0620041249999303,0.0661657339824523,2168.118771137,complete,complete,0.0661657339824523,1024,0.0,0
14815.874038892744,429139.0077750796,False,1145782272,0.0074117080002906,True,1088,1,0.3,1024,0.0084151250002832,1.0625,7.963461167579128e-13,2.6453723198635294e-11,2033,20.958821265575068,4.883923597213518e-05,cutoff_1e-10,complete,0.1868487910001022,0.2121946659999594,1024,6.833979209668117e-25,6.997994710700153e-22,0.0812933756389067,83.24441665424054,4096,64.15857826139575,262793.536558677,63.999911942928776,262143.63931823627,32768,66.25917449522024,2171180.6298593767,0.0620041249999303,66.17595449997813,2168453.677055283,complete,complete,66.17595449997813,1024,0.0,0
533.4061551990292,429139.0077750796,False,1145782272,0.0074117080002906,True,1088,0,0.0,1024,0.0084151250002832,1.0625,2.116360121223947e-14,6.893361291004685e-13,2033,20.958821265575068,4.883923597213518e-05,cutoff_1e-14,complete,0.1868487910001022,0.2121946659999594,1024,4.640471668781424e-28,4.751842988832178e-25,4.640471668781424e-28,4.751842988832178e-25,4096,0.0660021691445211,270.3448848159586,0.0660021691445211,270.3448848159586,32768,0.0661657339824523,2168.118771137,0.0620041249999303,0.0661657339824523,2168.118771137,complete,complete,0.0661657339824523,1024,0.0,0
14815.874038892744,429139.0077750796,False,1145782272,0.0074117080002906,True,1088,1,0.3,1024,0.0084151250002832,1.0625,7.963461167579128e-13,2.6453723198635294e-11,2033,20.958821265575068,4.883923597213518e-05,cutoff_1e-14,complete,0.1868487910001022,0.2121946659999594,1024,6.833979209668117e-25,6.997994710700153e-22,0.0812933756389067,83.24441665424054,4096,64.15857826139575,262793.536558677,63.999911942928776,262143.63931823627,32768,66.25917449522024,2171180.6298593767,0.0620041249999303,66.17595449997813,2168453.677055283,complete,complete,66.17595449997813,1024,0.0,0
294.7176785255206,201166.56122595828,False,1145798656,0.00721783400013,True,1152,0,0.0,1024,0.0086858330000723,1.125,1.4418631480594398e-14,4.696404696007478e-13,2033,20.988760878635937,0.0001043352371821,cutoff_1e-10,complete,0.2006626249999499,0.2261969999999564,1024,2.1539274481133864e-28,2.2056217068681077e-25,2.1539274481133864e-28,2.2056217068681077e-25,4096,0.0292235368092291,119.69960677060244,0.0292235368092291,119.69960677060244,32768,0.0294546441029278,965.1697779647402,0.0659130419999201,0.0294546441029278,965.1697779647402,complete,complete,0.0294546441029278,1024,0.0,0
9746.667645878968,201166.56122595828,False,1145798656,0.00721783400013,True,1152,1,0.3,1024,0.0086858330000723,1.125,4.828626362350593e-13,1.6040154215768843e-11,2033,20.988760878635937,0.0001043352371821,cutoff_1e-10,complete,0.2006626249999499,0.2261969999999564,1024,2.512563938141084e-25,2.57286547265647e-22,0.0812933756389299,83.24441665426423,4096,37.53636214565371,153748.9393485976,37.3988498077843,153185.6888126845,32768,42.53520531744945,1393793.6078421837,0.0659130419999201,42.45510437805707,1391168.860260174,complete,complete,42.45510437805707,1024,0.0,0
294.7176785255206,201166.56122595828,False,1145798656,0.00721783400013,True,1152,0,0.0,1024,0.0086858330000723,1.125,1.4418631480594398e-14,4.696404696007478e-13,2033,20.988760878635937,0.0001043352371821,cutoff_1e-14,complete,0.2006626249999499,0.2261969999999564,1024,2.1539274481133864e-28,2.2056217068681077e-25,2.1539274481133864e-28,2.2056217068681077e-25,4096,0.0292235368092291,119.69960677060244,0.0292235368092291,119.69960677060244,32768,0.0294546441029278,965.1697779647402,0.0659130419999201,0.0294546441029278,965.1697779647402,complete,complete,0.0294546441029278,1024,0.0,0
9746.667645878968,201166.56122595828,False,1145798656,0.00721783400013,True,1152,1,0.3,1024,0.0086858330000723,1.125,4.828626362350593e-13,1.6040154215768843e-11,2033,20.988760878635937,0.0001043352371821,cutoff_1e-14,complete,0.2006626249999499,0.2261969999999564,1024,2.512563938141084e-25,2.57286547265647e-22,0.0812933756389299,83.24441665426423,4096,37.53636214565371,153748.9393485976,37.3988498077843,153185.6888126845,32768,42.53520531744945,1393793.6078421837,0.0659130419999201,42.45510437805707,1391168.860260174,complete,complete,42.45510437805707,1024,0.0,0
164.52641403242288,120402.75335573696,False,1145831424,0.0074949170002582,True,1280,0,0.0,1024,0.0100354999999581,1.25,1.0338485767564814e-14,3.367428675442939e-13,2033,20.954799655237885,0.0001740392065065,cutoff_1e-10,complete,0.222940875000404,0.2517421669999748,1024,1.1073804574409558e-28,1.1339575884195387e-25,1.1073804574409558e-28,1.1339575884195387e-25,4096,0.0147936648287828,60.59485113869449,0.0147936648287828,60.59485113869449,32768,0.0147650357436362,483.82069124747375,0.0746775000002344,0.0147650357436362,483.82069124747375,complete,complete,0.0147650357436362,1024,0.0,0
6282.993139215635,120402.75335573696,False,1145831424,0.0074949170002582,True,1280,1,0.3,1024,0.0100354999999581,1.25,3.411904374069918e-13,1.1333962958131267e-11,2033,20.954799655237885,0.0001740392065065,cutoff_1e-10,complete,0.222940875000404,0.2517421669999748,1024,1.2544796517215983e-25,1.2845871633629166e-22,0.0812933756389251,83.24441665425937,4096,28.046188809467846,114877.1893635803,27.97903073840867,114602.10990452192,32768,29.091043037562827,953255.2982548588,0.0746775000002344,29.004733932646985,950427.1215049764,complete,complete,29.004733932646985,1024,0.0,0
164.52641403242288,120402.75335573696,False,1145831424,0.0074949170002582,True,1280,0,0.0,1024,0.0100354999999581,1.25,1.0338485767564814e-14,3.367428675442939e-13,2033,20.954799655237885,0.0001740392065065,cutoff_1e-14,complete,0.222940875000404,0.2517421669999748,1024,1.1073804574409558e-28,1.1339575884195387e-25,1.1073804574409558e-28,1.1339575884195387e-25,4096,0.0147936648287828,60.59485113869449,0.0147936648287828,60.59485113869449,32768,0.0147650357436362,483.82069124747375,0.0746775000002344,0.0147650357436362,483.82069124747375,complete,complete,0.0147650357436362,1024,0.0,0
6282.993139215635,120402.75335573696,False,1145831424,0.0074949170002582,True,1280,1,0.3,1024,0.0100354999999581,1.25,3.411904374069918e-13,1.1333962958131267e-11,2033,20.954799655237885,0.0001740392065065,cutoff_1e-14,complete,0.222940875000404,0.2517421669999748,1024,1.2544796517215983e-25,1.2845871633629166e-22,0.0812933756389251,83.24441665425937,4096,28.046188809467846,114877.1893635803,27.97903073840867,114602.10990452192,32768,29.091043037562827,953255.2982548588,0.0746775000002344,29.004733932646985,950427.1215049764,complete,complete,29.004733932646985,1024,0.0,0
100.68109121749204,74404.24179697302,False,1145864192,0.0080348750002485,True,1536,0,0.0,1024,0.0122889170002054,1.5,1.208614348943406e-14,3.936671876023172e-13,2033,20.873081248896487,0.0002805361730027,cutoff_1e-10,complete,0.2774763749998783,0.3093587500002286,1024,1.5134165487765429e-28,1.54973854594718e-25,1.5134165487765429e-28,1.54973854594718e-25,4096,0.0096073435920134,39.351679352887274,0.0096073435920134,39.351679352887274,32768,0.0090024928624512,294.9936861168014,0.0889096669998252,0.0090024928624512,294.9936861168014,complete,complete,0.0090024928624512,1024,0.0,0
4038.314553388861,74404.24179697302,False,1145864192,0.0080348750002485,True,1536,1,0.3,1024,0.0122889170002054,1.5,1.5105061957166366e-13,5.017731856845209e-12,2033,20.873081248896487,0.0002805361730027,cutoff_1e-10,complete,0.2774763749998783,0.3093587500002286,1024,2.4587532214061782e-26,2.5177632987199264e-23,0.0812933756389246,83.2444166542588,4096,18.581733105798143,76110.7788013492,18.49267767790456,75746.00776869708,32768,18.187650604225496,595972.934999261,0.0889096669998252,18.10831489264703,593373.2624022579,complete,complete,18.10831489264703,1024,0.0,0
100.68109121749204,74404.24179697302,False,1145864192,0.0080348750002485,True,1536,0,0.0,1024,0.0122889170002054,1.5,1.208614348943406e-14,3.936671876023172e-13,2033,20.873081248896487,0.0002805361730027,cutoff_1e-14,complete,0.2774763749998783,0.3093587500002286,1024,1.5134165487765429e-28,1.54973854594718e-25,1.5134165487765429e-28,1.54973854594718e-25,4096,0.0096073435920134,39.351679352887274,0.0096073435920134,39.351679352887274,32768,0.0090024928624512,294.9936861168014,0.0889096669998252,0.0090024928624512,294.9936861168014,complete,complete,0.0090024928624512,1024,0.0,0
4038.314553388861,74404.24179697302,False,1145864192,0.0080348750002485,True,1536,1,0.3,1024,0.0122889170002054,1.5,1.5105061957166366e-13,5.017731856845209e-12,2033,20.873081248896487,0.0002805361730027,cutoff_1e-14,complete,0.2774763749998783,0.3093587500002286,1024,2.4587532214061782e-26,2.5177632987199264e-23,0.0812933756389246,83.2444166542588,4096,18.581733105798143,76110.7788013492,18.49267767790456,75746.00776869708,32768,18.187650604225496,595972.934999261,0.0889096669998252,18.10831489264703,593373.2624022579,complete,complete,18.10831489264703,1024,0.0,0
62.1120289978756,47474.55694657977,False,1145880576,0.009250042000076,True,2048,0,0.0,1024,0.0173429999999825,2.0,6.729701302687137e-15,2.1919833961499234e-13,2033,21.055975719283637,0.0004435212685181,cutoff_1e-10,complete,0.3473826670001472,0.3879032089998873,1024,4.6921789150360844e-29,4.804791208996951e-26,4.6921789150360844e-29,4.804791208996951e-26,4096,0.0063782571824636,26.125341419371168,0.0063782571824636,26.125341419371168,32768,0.0065722679980806,215.3600777611051,0.1270592920000126,0.0065722679980806,215.3600777611051,complete,complete,0.0065722679980806,1024,0.0,0
2477.462552190041,47474.55694657977,False,1145880576,0.009250042000076,True,2048,1,0.3,1024,0.0173429999999825,2.0,1.2531948978358614e-13,4.162972637608772e-12,2033,21.055975719283637,0.0004435212685181,cutoff_1e-10,complete,0.3473826670001472,0.3879032089998873,1024,1.692416131003841e-26,1.733034118147933e-23,0.0812933756389278,83.24441665426214,4096,12.43373619501903,50928.58345479795,12.326297294615546,50488.51371874528,32768,12.032698045878632,394287.449567351,0.1270592920000126,11.943780224915097,391373.7904100178,complete,complete,11.943780224915097,1024,0.0,0
62.1120289978756,47474.55694657977,False,1145880576,0.009250042000076,True,2048,0,0.0,1024,0.0173429999999825,2.0,6.729701302687137e-15,2.1919833961499234e-13,2033,21.055975719283637,0.0004435212685181,cutoff_1e-14,complete,0.3473826670001472,0.3879032089998873,1024,4.6921789150360844e-29,4.804791208996951e-26,4.6921789150360844e-29,4.804791208996951e-26,4096,0.0063782571824636,26.125341419371168,0.0063782571824636,26.125341419371168,32768,0.0065722679980806,215.3600777611051,0.1270592920000126,0.0065722679980806,215.3600777611051,complete,complete,0.0065722679980806,1024,0.0,0
2477.462552190041,47474.55694657977,False,1145880576,0.009250042000076,True,2048,1,0.3,1024,0.0173429999999825,2.0,1.2531948978358614e-13,4.162972637608772e-12,2033,21.055975719283637,0.0004435212685181,cutoff_1e-14,complete,0.3473826670001472,0.3879032089998873,1024,1.692416131003841e-26,1.733034118147933e-23,0.0812933756389278,83.24441665426214,4096,12.43373619501903,50928.58345479795,12.326297294615546,50488.51371874528,32768,12.032698045878632,394287.449567351,0.1270592920000126,11.943780224915097,391373.7904100178,complete,complete,11.943780224915097,1024,0.0,0
44.100542278192215,31683.330219691845,False,1145880576,0.0105579580003905,True,3072,0,0.0,1024,0.0208768330003294,3.0,7.708306037331112e-15,2.510732361854653e-13,2033,20.976163335501003,0.0006620567721275,cutoff_1e-10,complete,0.5162263340002937,0.5656234580001183,1024,6.156032219593985e-29,6.303776992864242e-26,6.156032219593985e-29,6.303776992864242e-26,4096,0.0051013076663392,20.894956201325748,0.0051013076663392,20.894956201325748,32768,0.0046712732719935,153.0682825766861,0.1579398330000003,0.0046712732719935,153.0682825766861,complete,complete,0.0046712732719935,1024,0.0,0
1589.194500425824,31683.330219691845,False,1145880576,0.0105579580003905,True,3072,1,0.3,1024,0.0208768330003294,3.0,6.765002632746192e-14,2.2472578608568762e-12,2033,20.976163335501003,0.0006620567721275,cutoff_1e-10,complete,0.5162263340002937,0.5656234580001183,1024,4.9318045831865446e-27,5.0501678931830224e-24,0.0812933756389239,83.24441665425813,4096,8.5493888595769,35018.296768826985,8.42200090114266,34496.515691080334,32768,7.777927266861733,254867.1206805253,0.1579398330000003,7.680567918178164,251676.84954286207,complete,complete,7.680567918178164,1024,0.0,0
44.100542278192215,31683.330219691845,False,1145880576,0.0105579580003905,True,3072,0,0.0,1024,0.0208768330003294,3.0,7.708306037331112e-15,2.510732361854653e-13,2033,20.976163335501003,0.0006620567721275,cutoff_1e-14,complete,0.5162263340002937,0.5656234580001183,1024,6.156032219593985e-29,6.303776992864242e-26,6.156032219593985e-29,6.303776992864242e-26,4096,0.0051013076663392,20.894956201325748,0.0051013076663392,20.894956201325748,32768,0.0046712732719935,153.0682825766861,0.1579398330000003,0.0046712732719935,153.0682825766861,complete,complete,0.0046712732719935,1024,0.0,0
1589.194500425824,31683.330219691845,False,1145880576,0.0105579580003905,True,3072,1,0.3,1024,0.0208768330003294,3.0,6.765002632746192e-14,2.2472578608568762e-12,2033,20.976163335501003,0.0006620567721275,cutoff_1e-14,complete,0.5162263340002937,0.5656234580001183,1024,4.9318045831865446e-27,5.0501678931830224e-24,0.0812933756389239,83.24441665425813,4096,8.5493888595769,35018.296768826985,8.42200090114266,34496.515691080334,32768,7.777927266861733,254867.1206805253,0.1579398330000003,7.680567918178164,251676.84954286207,complete,complete,7.680567918178164,1024,0.0,0
38.8268659921278,26314.09741542922,False,1145896960,0.0121985420000783,True,4096,0,0.0,1024,0.028378832999806,4.0,1.017398932787446e-14,3.313849259610165e-13,2033,20.85882716625417,0.0007926864006372,cutoff_1e-10,complete,0.6743456250001145,0.7392295409999861,1024,1.0724215737713712e-28,1.098159691541884e-25,1.0724215737713712e-28,1.098159691541884e-25,4096,0.0044679364022867,18.300667503766345,0.0044679364022867,18.300667503766345,32768,0.0042667502301967,139.81287154308558,0.2134930830002304,0.0042667502301967,139.81287154308558,complete,complete,0.0042667502301967,1024,0.0,0
1275.9850246780932,26314.09741542922,False,1145896960,0.0121985420000783,True,4096,1,0.3,1024,0.028378832999806,4.0,7.17159047381122e-14,2.3823217731071665e-12,2033,20.85882716625417,0.0007926864006372,cutoff_1e-10,complete,0.6743456250001145,0.7392295409999861,1024,5.5424385064653066e-27,5.675457030620475e-24,0.0812933756389278,83.2444166542621,4096,7.1124610066072975,29132.64028306349,7.002882941091013,28683.808526708788,32768,6.407792259421962,209970.53675673885,0.2134930830002304,6.314055113350905,206898.9579542825,complete,complete,6.314055113350905,1024,0.0,0
38.8268659921278,26314.09741542922,False,1145896960,0.0121985420000783,True,4096,0,0.0,1024,0.028378832999806,4.0,1.017398932787446e-14,3.313849259610165e-13,2033,20.85882716625417,0.0007926864006372,cutoff_1e-14,complete,0.6743456250001145,0.7392295409999861,1024,1.0724215737713712e-28,1.098159691541884e-25,1.0724215737713712e-28,1.098159691541884e-25,4096,0.0044679364022867,18.300667503766345,0.0044679364022867,18.300667503766345,32768,0.0042667502301967,139.81287154308558,0.2134930830002304,0.0042667502301967,139.81287154308558,complete,complete,0.0042667502301967,1024,0.0,0
1275.9850246780932,26314.09741542922,False,1145896960,0.0121985420000783,True,4096,1,0.3,1024,0.028378832999806,4.0,7.17159047381122e-14,2.3823217731071665e-12,2033,20.85882716625417,0.0007926864006372,cutoff_1e-14,complete,0.6743456250001145,0.7392295409999861,1024,5.5424385064653066e-27,5.675457030620475e-24,0.0812933756389278,83.2444166542621,4096,7.1124610066072975,29132.64028306349,7.002882941091013,28683.808526708788,32768,6.407792259421962,209970.53675673885,0.2134930830002304,6.314055113350905,206898.9579542825,complete,complete,6.314055113350905,1024,0.0,0
29.593473837197124,17869.70297260654,False,1145913344,0.0187297500001477,True,8192,0,0.0,1024,0.0569935829998939,8.0,8.929610101166535e-15,2.908532815272805e-13,2033,20.873117863495217,0.0011680730169657,cutoff_1e-10,complete,1.3575065410000209,1.4846102080000492,1024,8.261292126483151e-29,8.459563137518748e-26,8.261292126483151e-29,8.459563137518748e-26,4096,0.0031777213614377,13.01594669644915,0.0031777213614377,13.01594669644915,32768,0.0034042694409373,111.55110104063486,0.4400131249999504,0.0034042694409373,111.55110104063486,complete,complete,0.0034042694409373,1024,0.0,0
946.8508682302556,17869.70297260654,False,1145913344,0.0187297500001477,True,8192,1,0.3,1024,0.0569935829998939,8.0,5.0628757485717516e-14,1.6818304355782465e-12,2033,20.873117863495217,0.0011680730169657,cutoff_1e-10,complete,1.3575065410000209,1.4846102080000492,1024,2.762259388708315e-27,2.8285536140373145e-24,0.0812933756389256,83.24441665425985,4096,5.502385393451559,22537.770571577585,5.412787566408674,22170.77787200993,32768,5.11827483502053,167715.6297939527,0.4400131249999504,5.025182556852354,164665.18202293792,complete,complete,5.025182556852354,1024,0.0,0
29.593473837197124,17869.70297260654,False,1145913344,0.0187297500001477,True,8192,0,0.0,1024,0.0569935829998939,8.0,8.929610101166535e-15,2.908532815272805e-13,2033,20.873117863495217,0.0011680730169657,cutoff_1e-14,complete,1.3575065410000209,1.4846102080000492,1024,8.261292126483151e-29,8.459563137518748e-26,8.261292126483151e-29,8.459563137518748e-26,4096,0.0031777213614377,13.01594669644915,0.0031777213614377,13.01594669644915,32768,0.0034042694409373,111.55110104063486,0.4400131249999504,0.0034042694409373,111.55110104063486,complete,complete,0.0034042694409373,1024,0.0,0
946.8508682302556,17869.70297260654,False,1145913344,0.0187297500001477,True,8192,1,0.3,1024,0.0569935829998939,8.0,5.0628757485717516e-14,1.6818304355782465e-12,2033,20.873117863495217,0.0011680730169657,cutoff_1e-14,complete,1.3575065410000209,1.4846102080000492,1024,2.762259388708315e-27,2.8285536140373145e-24,0.0812933756389256,83.24441665425985,4096,5.502385393451559,22537.770571577585,5.412787566408674,22170.77787200993,32768,5.11827483502053,167715.6297939527,0.4400131249999504,5.025182556852354,164665.18202293792,complete,complete,5.025182556852354,1024,0.0,0
10.181921146252934,84.95272686399178,False,1145962496,0.0055999999999585,False,64,0,0.0,64,0.0007887090000622,0.0625,0.2439658122274358,7.946400376153969,2034,22.432586417712315,0.2640596393524436,cutoff_1e-10,complete,0.0024399579997407,0.0140387910000754,1024,0.0616653114630273,63.14527893813998,0.0616653114630273,63.14527893813998,4096,0.0891033699461606,364.96740329947386,0.0891033699461606,364.96740329947386,32768,0.0851035692811435,2788.6737582045116,0.0079293750000033,0.0851035692811435,2788.6737582045116,complete,complete,0.0851035692811435,64,0.0,0
10.461140141938223,84.95272686399178,False,1145962496,0.0055999999999585,False,64,1,0.3,64,0.0007887090000622,0.0625,0.3516879180616043,11.682677470171225,2034,22.432586417712315,0.2640596393524436,cutoff_1e-10,complete,0.0024399579997407,0.0140387910000754,1024,0.1332860867891077,136.4849528720463,0.0677316612763988,69.35722114703245,4096,0.1827914887863168,748.7139380687538,0.0954599538146411,391.00397082477014,32768,0.1825731368242634,5982.556547457465,0.0079293750000033,0.0916082599353391,3001.819461561193,complete,complete,0.0916082599353391,64,0.0,0
10.181921146252934,84.95272686399178,False,1145962496,0.0055999999999585,False,64,0,0.0,64,0.0007887090000622,0.0625,0.2439658122274358,7.946400376153969,2034,22.432586417712315,0.2640596393524436,cutoff_1e-14,complete,0.0024399579997407,0.0140387910000754,1024,0.0616653114630273,63.14527893813998,0.0616653114630273,63.14527893813998,4096,0.0891033699461606,364.96740329947386,0.0891033699461606,364.96740329947386,32768,0.0851035692811435,2788.6737582045116,0.0079293750000033,0.0851035692811435,2788.6737582045116,complete,complete,0.0851035692811435,64,0.0,0
10.461140141938223,84.95272686399178,False,1145962496,0.0055999999999585,False,64,1,0.3,64,0.0007887090000622,0.0625,0.3516879180616043,11.682677470171225,2034,22.432586417712315,0.2640596393524436,cutoff_1e-14,complete,0.0024399579997407,0.0140387910000754,1024,0.1332860867891077,136.4849528720463,0.0677316612763988,69.35722114703245,4096,0.1827914887863168,748.7139380687538,0.0954599538146411,391.00397082477014,32768,0.1825731368242634,5982.556547457465,0.0079293750000033,0.0916082599353391,3001.819461561193,complete,complete,0.0916082599353391,64,0.0,0
21.08409566402651,239.39559773855825,False,1146011648,0.005329999999958,False,128,0,0.0,128,0.0012861659997724,0.125,0.1833135237818373,5.970847476678895,2034,21.450596429901424,0.0896031365343962,cutoff_1e-10,complete,0.007249541999954,0.0193228749999434,1024,0.0348154488181276,35.651019589762726,0.0348154488181276,35.651019589762726,4096,0.0589331528407712,241.39019403579903,0.0589331528407712,241.39019403579903,32768,0.0592893556758953,1942.7936067877383,0.0109339589998853,0.0592893556758953,1942.7936067877383,complete,complete,0.0592893556758953,128,0.0,0
23.51032390666496,239.39559773855825,False,1146011648,0.005329999999958,False,128,1,0.3,128,0.0012861659997724,0.125,0.3060822713424544,10.167709130129834,2034,21.450596429901424,0.0896031365343962,cutoff_1e-10,complete,0.007249541999954,0.0193228749999434,1024,0.1009592860887944,103.38230895492548,0.0462874127213704,47.39831062668332,4096,0.1586894016918821,649.9917893299494,0.0687386708165646,281.5535956646488,32768,0.1622820142504004,5317.657042957123,0.0109339589998853,0.0700078825126672,2294.018294175079,complete,complete,0.0700078825126672,128,0.0,0
21.08409566402651,239.39559773855825,False,1146011648,0.005329999999958,False,128,0,0.0,128,0.0012861659997724,0.125,0.1833135237818373,5.970847476678895,2034,21.450596429901424,0.0896031365343962,cutoff_1e-14,complete,0.007249541999954,0.0193228749999434,1024,0.0348154488181276,35.651019589762726,0.0348154488181276,35.651019589762726,4096,0.0589331528407712,241.39019403579903,0.0589331528407712,241.39019403579903,32768,0.0592893556758953,1942.7936067877383,0.0109339589998853,0.0592893556758953,1942.7936067877383,complete,complete,0.0592893556758953,128,0.0,0
23.51032390666496,239.39559773855825,False,1146011648,0.005329999999958,False,128,1,0.3,128,0.0012861659997724,0.125,0.3060822713424544,10.167709130129834,2034,21.450596429901424,0.0896031365343962,cutoff_1e-14,complete,0.007249541999954,0.0193228749999434,1024,0.1009592860887944,103.38230895492548,0.0462874127213704,47.39831062668332,4096,0.1586894016918821,649.9917893299494,0.0687386708165646,281.5535956646488,32768,0.1622820142504004,5317.657042957123,0.0109339589998853,0.0700078825126672,2294.018294175079,complete,complete,0.0700078825126672,128,0.0,0
52.03956360400736,1101.1102393817555,False,1146011648,0.0053353749999587,False,256,0,0.0,256,0.002317750000202,0.25,0.077004368601538,2.5081692309015553,2034,21.41822912844072,0.0194514848399434,cutoff_1e-10,complete,0.017037708999851,0.0304591660001278,1024,0.0061434696199622,6.290912890841315,0.0061434696199622,6.290912890841315,4096,0.0283083560357615,115.95102632247922,0.0283083560357615,115.95102632247922,32768,0.0279233083432413,914.9909677913324,0.0173308329999599,0.0279233083432413,914.9909677913324,complete,complete,0.0279233083432413,256,0.0,0
68.66914685485273,1101.1102393817555,False,1146011648,0.0053353749999587,False,256,1,0.3,256,0.002317750000202,0.25,0.2430745134914853,8.074662211860156,2034,21.41822912844072,0.0194514848399434,cutoff_1e-10,complete,0.017037708999851,0.0304591660001278,1024,0.0636720408551194,65.20016983564236,0.0287826261330642,29.47340916025778,4096,0.1573495454101973,644.5037380001681,0.0683173062169425,279.82768626459654,32768,0.1639643591594805,5372.784120937857,0.0173308329999599,0.0717897100258524,2352.4052181271327,complete,complete,0.0717897100258524,256,0.0,0
52.03956360400736,1101.1102393817555,False,1146011648,0.0053353749999587,False,256,0,0.0,256,0.002317750000202,0.25,0.077004368601538,2.5081692309015553,2034,21.41822912844072,0.0194514848399434,cutoff_1e-14,complete,0.017037708999851,0.0304591660001278,1024,0.0061434696199622,6.290912890841315,0.0061434696199622,6.290912890841315,4096,0.0283083560357615,115.95102632247922,0.0283083560357615,115.95102632247922,32768,0.0279233083432413,914.9909677913324,0.0173308329999599,0.0279233083432413,914.9909677913324,complete,complete,0.0279233083432413,256,0.0,0
68.66914685485273,1101.1102393817555,False,1146011648,0.0053353749999587,False,256,1,0.3,256,0.002317750000202,0.25,0.2430745134914853,8.074662211860156,2034,21.41822912844072,0.0194514848399434,cutoff_1e-14,complete,0.017037708999851,0.0304591660001278,1024,0.0636720408551194,65.20016983564236,0.0287826261330642,29.47340916025778,4096,0.1573495454101973,644.5037380001681,0.0683173062169425,279.82768626459654,32768,0.1639643591594805,5372.784120937857,0.0173308329999599,0.0717897100258524,2352.4052181271327,complete,complete,0.0717897100258524,256,0.0,0
72.52190344025072,3020.653882582377,False,1146077184,0.0055199999997057,False,384,0,0.0,384,0.0028915829998368,0.375,0.0343094591781492,1.1175201018113168,2034,21.13543308778469,0.0069969728109715,cutoff_1e-10,complete,0.0298268750002534,0.044855957999971,1024,0.0012195812284691,1.248851177952378,0.0012195812284691,1.248851177952378,4096,0.0106455916792769,43.604343518318345,0.0106455916792769,43.604343518318345,32768,0.010687985462906,350.2239076485064,0.0229430409999622,0.010687985462906,350.2239076485064,complete,complete,0.010687985462906,384,0.0,0
166.7499042213127,3020.653882582377,False,1146077184,0.0055199999997057,False,384,1,0.3,384,0.0028915829998368,0.375,0.2143416502173146,7.120188779059815,2034,21.13543308778469,0.0069969728109715,cutoff_1e-10,complete,0.0298268750002534,0.044855957999971,1024,0.0495088752436027,50.69708824944922,0.0340640571536035,34.88159452529004,4096,0.1902992592595788,779.4657659272348,0.1037007332222897,424.75820327849885,32768,0.1950341116997372,6390.877772176989,0.0229430409999622,0.1040985467050284,3411.101178430372,complete,complete,0.1040985467050284,384,0.0,0
72.52190344025072,3020.653882582377,False,1146077184,0.0055199999997057,False,384,0,0.0,384,0.0028915829998368,0.375,0.0343094591781492,1.1175201018113168,2034,21.13543308778469,0.0069969728109715,cutoff_1e-14,complete,0.0298268750002534,0.044855957999971,1024,0.0012195812284691,1.248851177952378,0.0012195812284691,1.248851177952378,4096,0.0106455916792769,43.604343518318345,0.0106455916792769,43.604343518318345,32768,0.010687985462906,350.2239076485064,0.0229430409999622,0.010687985462906,350.2239076485064,complete,complete,0.010687985462906,384,0.0,0
166.7499042213127,3020.653882582377,False,1146077184,0.0055199999997057,False,384,1,0.3,384,0.0028915829998368,0.375,0.2143416502173146,7.120188779059815,2034,21.13543308778469,0.0069969728109715,cutoff_1e-14,complete,0.0298268750002534,0.044855957999971,1024,0.0495088752436027,50.69708824944922,0.0340640571536035,34.88159452529004,4096,0.1902992592595788,779.4657659272348,0.1037007332222897,424.75820327849885,32768,0.1950341116997372,6390.877772176989,0.0229430409999622,0.1040985467050284,3411.101178430372,complete,complete,0.1040985467050284,384,0.0,0
87.53702589859256,7097.274093786657,False,1146159104,0.006304708999778,False,512,0,0.0,512,0.0041066250000767,0.5,0.0213586566979338,0.6956894331586941,2034,20.984407872704452,0.0029566855662338,cutoff_1e-10,complete,0.0519342499997037,0.0694799580001017,1024,0.0004726404173912,0.4839837874086645,0.0004726404173912,0.4839837874086645,4096,0.0106613307358595,43.66881069408069,0.0106613307358595,43.66881069408069,32768,0.0101630119693152,333.02157621052197,0.0306423339998218,0.0101630119693152,333.02157621052197,complete,complete,0.0101630119693152,512,0.0,0
334.42553033867324,7097.274093786657,False,1146159104,0.006304708999778,False,512,1,0.3,512,0.0041066250000767,0.5,0.1890683096401623,6.2806368030236595,2034,20.984407872704452,0.0029566855662338,cutoff_1e-10,complete,0.0519342499997037,0.0694799580001017,1024,0.0385218736831008,39.44639865149528,0.0435818198184887,44.62778349413243,4096,0.3361918128425809,1377.0416654032117,0.2495530868432387,1022.169443709906,32768,0.3339818511298377,10943.917297822522,0.0306423339998218,0.2438301225278422,7989.825454992335,complete,complete,0.2438301225278422,512,0.0,0
87.53702589859256,7097.274093786657,False,1146159104,0.006304708999778,False,512,0,0.0,512,0.0041066250000767,0.5,0.0213586566979338,0.6956894331586941,2034,20.984407872704452,0.0029566855662338,cutoff_1e-14,complete,0.0519342499997037,0.0694799580001017,1024,0.0004726404173912,0.4839837874086645,0.0004726404173912,0.4839837874086645,4096,0.0106613307358595,43.66881069408069,0.0106613307358595,43.66881069408069,32768,0.0101630119693152,333.02157621052197,0.0306423339998218,0.0101630119693152,333.02157621052197,complete,complete,0.0101630119693152,512,0.0,0
334.42553033867324,7097.274093786657,False,1146159104,0.006304708999778,False,512,1,0.3,512,0.0041066250000767,0.5,0.1890683096401623,6.2806368030236595,2034,20.984407872704452,0.0029566855662338,cutoff_1e-14,complete,0.0519342499997037,0.0694799580001017,1024,0.0385218736831008,39.44639865149528,0.0435818198184887,44.62778349413243,4096,0.3361918128425809,1377.0416654032117,0.2495530868432387,1022.169443709906,32768,0.3339818511298377,10943.917297822522,0.0306423339998218,0.2438301225278422,7989.825454992335,complete,complete,0.2438301225278422,512,0.0,0
236.0502489481931,47688.72469023769,False,1146191872,0.0066114999999626,False,768,0,0.0,768,0.0057294580001325,0.75,0.0079563599474347,0.2591527931797738,2034,21.03578330267845,0.000441106014877,cutoff_1e-10,complete,0.0999677920003705,0.1212713750001057,1024,6.55861037235143e-05,0.0671601702128786,6.55861037235143e-05,0.0671601702128786,4096,0.0142059044831008,58.18738476278108,0.0142059044831008,58.18738476278108,32768,0.0150837767494242,494.26519652513264,0.0429515830001037,0.0150837767494242,494.26519652513264,complete,complete,0.0150837767494242,768,0.0,0
2377.4955748791317,47688.72469023769,False,1146191872,0.0066114999999626,False,768,1,0.3,768,0.0057294580001325,0.75,0.1314735380912935,4.367403207504565,2034,21.03578330267845,0.000441106014877,cutoff_1e-10,complete,0.0999677920003705,0.1212713750001057,1024,0.018627158961837,19.07421077692114,0.0629195361021157,64.42960496856657,4096,1.9799106998843063,8109.71422672612,1.8872005219465091,7729.973337892901,32768,1.843370416189248,60403.561797689275,0.0429515830001037,1.755152890111401,57512.84990317039,complete,complete,1.755152890111401,768,0.0,0
236.0502489481931,47688.72469023769,False,1146191872,0.0066114999999626,False,768,0,0.0,768,0.0057294580001325,0.75,0.0079563599474347,0.2591527931797738,2034,21.03578330267845,0.000441106014877,cutoff_1e-14,complete,0.0999677920003705,0.1212713750001057,1024,6.55861037235143e-05,0.0671601702128786,6.55861037235143e-05,0.0671601702128786,4096,0.0142059044831008,58.18738476278108,0.0142059044831008,58.18738476278108,32768,0.0150837767494242,494.26519652513264,0.0429515830001037,0.0150837767494242,494.26519652513264,complete,complete,0.0150837767494242,768,0.0,0
2377.4955748791317,47688.72469023769,False,1146191872,0.0066114999999626,False,768,1,0.3,768,0.0057294580001325,0.75,0.1314735380912935,4.367403207504565,2034,21.03578330267845,0.000441106014877,cutoff_1e-14,complete,0.0999677920003705,0.1212713750001057,1024,0.018627158961837,19.07421077692114,0.0629195361021157,64.42960496856657,4096,1.9799106998843063,8109.71422672612,1.8872005219465091,7729.973337892901,32768,1.843370416189248,60403.561797689275,0.0429515830001037,1.755152890111401,57512.84990317039,complete,complete,1.755152890111401,768,0.0,0
330.65023840833464,158194.16696659973,False,1146224640,0.0067319170002519,False,896,0,0.0,896,0.0067686249999496,0.875,0.0041102910560342,0.1338794894889766,2034,21.108749450227187,0.0001334357002852,cutoff_1e-10,complete,0.1211737920002633,0.1435659999997369,1024,1.750363057209866e-05,0.017923717705829,1.750363057209866e-05,0.017923717705829,4096,0.0255554319697008,104.67504934789456,0.0255554319697008,104.67504934789456,32768,0.0248848414674378,815.4264852050028,0.0500394169998799,0.0248848414674378,815.4264852050028,complete,complete,0.0248848414674378,896,0.0,0
7594.973859761441,158194.16696659973,False,1146224640,0.0067319170002519,False,896,1,0.3,896,0.0067686249999496,0.875,0.0925499870604075,3.0744065780100645,2034,21.108749450227187,0.0001334357002852,cutoff_1e-10,complete,0.1211737920002633,0.1435659999997369,1024,0.009230445123937,9.451975806911555,0.0721942019378407,73.92686278434891,4096,10.628576011358328,43534.647342523705,10.493991314797643,42983.388425411154,32768,9.476286284418777,310518.94896783447,0.0500394169998799,9.379480347320062,307346.8120209838,complete,complete,9.379480347320062,896,0.0,0
330.65023840833464,158194.16696659973,False,1146224640,0.0067319170002519,False,896,0,0.0,896,0.0067686249999496,0.875,0.0041102910560342,0.1338794894889766,2034,21.108749450227187,0.0001334357002852,cutoff_1e-14,complete,0.1211737920002633,0.1435659999997369,1024,1.750363057209866e-05,0.017923717705829,1.750363057209866e-05,0.017923717705829,4096,0.0255554319697008,104.67504934789456,0.0255554319697008,104.67504934789456,32768,0.0248848414674378,815.4264852050028,0.0500394169998799,0.0248848414674378,815.4264852050028,complete,complete,0.0248848414674378,896,0.0,0
7594.973859761441,158194.16696659973,False,1146224640,0.0067319170002519,False,896,1,0.3,896,0.0067686249999496,0.875,0.0925499870604075,3.0744065780100645,2034,21.108749450227187,0.0001334357002852,cutoff_1e-14,complete,0.1211737920002633,0.1435659999997369,1024,0.009230445123937,9.451975806911555,0.0721942019378407,73.92686278434891,4096,10.628576011358328,43534.647342523705,10.493991314797643,42983.388425411154,32768,9.476286284418777,310518.94896783447,0.0500394169998799,9.379480347320062,307346.8120209838,complete,complete,9.379480347320062,896,0.0,0
463.8201216504168,347933.86835413927,False,1146290176,0.006984624999859,False,960,0,0.0,960,0.0075271249997967,0.9375,0.0025271581570595,0.0823140355056689,2034,21.116588676155832,6.06913859120568e-05,cutoff_1e-10,complete,0.1332333330001347,0.157402916999672,1024,6.616797305887233e-06,0.0067756004412285,6.616797305887233e-06,0.0067756004412285,4096,0.0471387383552781,193.0802723032193,0.0471387383552781,193.0802723032193,32768,0.0443370841558675,1452.837573619469,0.0565817920000881,0.0443370841558675,1452.837573619469,complete,complete,0.0443370841558675,960,0.0,0
14675.874753087988,347933.86835413927,False,1146290176,0.006984624999859,False,960,1,0.3,960,0.0075271249997967,0.9375,0.0640783145046137,2.1286096073919296,2034,21.116588676155832,6.06913859120568e-05,cutoff_1e-10,complete,0.1332333330001347,0.157402916999672,1024,0.004424784043634,4.530978860681221,0.0769468631012621,78.79358781569245,4096,20.288561578122927,83101.94822399151,20.163545494534375,82589.8823456128,32768,23.91952370095417,783794.9526328661,0.0565817920000881,23.822635821514456,780620.1305993857,complete,complete,23.822635821514456,960,0.0,0
463.8201216504168,347933.86835413927,False,1146290176,0.006984624999859,False,960,0,0.0,960,0.0075271249997967,0.9375,0.0025271581570595,0.0823140355056689,2034,21.116588676155832,6.06913859120568e-05,cutoff_1e-14,complete,0.1332333330001347,0.157402916999672,1024,6.616797305887233e-06,0.0067756004412285,6.616797305887233e-06,0.0067756004412285,4096,0.0471387383552781,193.0802723032193,0.0471387383552781,193.0802723032193,32768,0.0443370841558675,1452.837573619469,0.0565817920000881,0.0443370841558675,1452.837573619469,complete,complete,0.0443370841558675,960,0.0,0
14675.874753087988,347933.86835413927,False,1146290176,0.006984624999859,False,960,1,0.3,960,0.0075271249997967,0.9375,0.0640783145046137,2.1286096073919296,2034,21.116588676155832,6.06913859120568e-05,cutoff_1e-14,complete,0.1332333330001347,0.157402916999672,1024,0.004424784043634,4.530978860681221,0.0769468631012621,78.79358781569245,4096,20.288561578122927,83101.94822399151,20.163545494534375,82589.8823456128,32768,23.91952370095417,783794.9526328661,0.0565817920000881,23.822635821514456,780620.1305993857,complete,complete,23.822635821514456,960,0.0,0
845.7860875807806,707509.4630961838,False,1146306560,0.0071685419998175,False,992,0,0.0,992,0.0074639999997998,0.96875,0.0015966757262202,0.0520065679514331,2034,21.14573091318337,2.9887559129804417e-05,cutoff_1e-10,complete,0.1409180840000772,0.1648304169998482,1024,2.641292099694372e-06,0.002704683110087,2.641292099694372e-06,0.002704683110087,4096,0.1129714416051119,462.7310248145386,0.1129714416051119,462.7310248145386,32768,0.1071753824199304,3511.9229311362824,0.055953916999897,0.1071753824199304,3511.9229311362824,complete,complete,0.1071753824199304,992,0.0,0
23420.364425470056,707509.4630961838,False,1146306560,0.0071685419998175,False,992,1,0.3,992,0.0074639999997998,0.96875,0.0444310913733841,1.4759509312231456,2034,21.14573091318337,2.9887559129804417e-05,cutoff_1e-10,complete,0.1409180840000772,0.1648304169998482,1024,0.002127374171268,2.178431151378469,0.0792014360225358,81.10227048707671,4096,60.7815032467287,248961.0372986007,60.652720939052415,248433.5449663587,32768,61.07959908567011,2001456.3028392384,0.055953916999897,60.98136711041877,1998237.4374742024,complete,complete,60.98136711041877,992,0.0,0
845.7860875807806,707509.4630961838,False,1146306560,0.0071685419998175,False,992,0,0.0,992,0.0074639999997998,0.96875,0.0015966757262202,0.0520065679514331,2034,21.14573091318337,2.9887559129804417e-05,cutoff_1e-14,complete,0.1409180840000772,0.1648304169998482,1024,2.641292099694372e-06,0.002704683110087,2.641292099694372e-06,0.002704683110087,4096,0.1129714416051119,462.7310248145386,0.1129714416051119,462.7310248145386,32768,0.1071753824199304,3511.9229311362824,0.055953916999897,0.1071753824199304,3511.9229311362824,complete,complete,0.1071753824199304,992,0.0,0
23420.364425470056,707509.4630961838,False,1146306560,0.0071685419998175,False,992,1,0.3,992,0.0074639999997998,0.96875,0.0444310913733841,1.4759509312231456,2034,21.14573091318337,2.9887559129804417e-05,cutoff_1e-14,complete,0.1409180840000772,0.1648304169998482,1024,0.002127374171268,2.178431151378469,0.0792014360225358,81.10227048707671,4096,60.7815032467287,248961.0372986007,60.652720939052415,248433.5449663587,32768,61.07959908567011,2001456.3028392384,0.055953916999897,60.98136711041877,1998237.4374742024,complete,complete,60.98136711041877,992,0.0,0
11454.194401439829,21895782.167563464,False,1146404864,0.0072414579999531,False,1023,0,0.0,1023,0.008896249999907,0.9990234375,8.09664318265158e-05,0.0026372206763227,2034,21.120979657224247,9.646140747834524e-07,cutoff_1e-10,complete,0.1650610000001506,0.1910901659998671,1024,6.791926655883077e-09,6.954932895624271e-06,6.791926655883077e-09,6.954932895624271e-06,4096,15.238420163301887,62416.56898888454,15.238420163301887,62416.56898888454,32768,15.428411037395868,505558.1728733878,0.0676509999998415,15.428411037395868,505558.1728733878,complete,complete,15.428411037395868,1023,0.0,0
129770.19550735144,21895782.167563464,False,1146404864,0.0072414579999531,False,1023,1,0.3,1023,0.008896249999907,0.9990234375,0.0080704824852881,0.2680923599080576,2034,21.120979657224247,9.646140747834524e-07,cutoff_1e-10,complete,0.1650610000001506,0.1910901659998671,1024,7.018897796979637e-05,0.0718735134410714,0.0812218057650658,83.17112910342743,4096,1644.338536678451,6735210.646234935,1644.2339485728005,6734782.253354191,32768,1726.0661751718328,56559736.42803062,0.0676509999998415,1726.006840976674,56557792.16512366,complete,complete,1726.006840976674,1023,0.0,0
11454.194401439829,21895782.167563464,False,1146404864,0.0072414579999531,False,1023,0,0.0,1023,0.008896249999907,0.9990234375,8.09664318265158e-05,0.0026372206763227,2034,21.120979657224247,9.646140747834524e-07,cutoff_1e-14,complete,0.1650610000001506,0.1910901659998671,1024,6.791926655883077e-09,6.954932895624271e-06,6.791926655883077e-09,6.954932895624271e-06,4096,15.238420163301887,62416.56898888454,15.238420163301887,62416.56898888454,32768,15.428411037395868,505558.1728733878,0.0676509999998415,15.428411037395868,505558.1728733878,complete,complete,15.428411037395868,1023,0.0,0
129770.19550735144,21895782.167563464,False,1146404864,0.0072414579999531,False,1023,1,0.3,1023,0.008896249999907,0.9990234375,0.0080704824852881,0.2680923599080576,2034,21.120979657224247,9.646140747834524e-07,cutoff_1e-14,complete,0.1650610000001506,0.1910901659998671,1024,7.018897796979637e-05,0.0718735134410714,0.0812218057650658,83.17112910342743,4096,1644.338536678451,6735210.646234935,1644.2339485728005,6734782.253354191,32768,1726.0661751718328,56559736.42803062,0.0676509999998415,1726.006840976674,56557792.16512366,complete,complete,1726.006840976674,1023,0.0,0
40250.9840719122,234754592.1336214,False,1146437632,0.0069226659998093,True,1024,0,0.0,1024,0.0079662920002192,1.0,2.2248322891415872e-12,7.246674432740877e-11,2034,21.114582121794164,8.994321231329025e-08,cutoff_1e-10,complete,0.1621044579997033,0.1862852919998658,1024,5.1283486654433886e-24,5.25142903341403e-21,5.1283486654433886e-24,5.25142903341403e-21,4096,177.37184886053262,726515.0929327416,177.37184886053262,726515.0929327416,32768,192.15180023267237,6296430.190024208,0.0597070000003441,192.15180023267237,6296430.190024208,complete,complete,192.15180023267237,1024,0.0,0
3042590.0854111635,234754592.1336214,False,1146437632,0.0069226659998093,True,1024,1,0.3,1024,0.0079662920002192,1.0,1.7551540430769688e-10,5.830424516358689e-09,2034,21.114582121794164,8.994321231329025e-08,cutoff_1e-10,complete,0.1621044579997033,0.1862852919998658,1024,3.319711918062159e-20,3.399385004095651e-17,0.0812933756339601,83.24441664917524,4096,995373.7167040282,4077050743.619699,995361.1902388314,4076999435.2182536,32768,1103112.2461971317,36146782083.3876,0.0597070000003441,1103114.2877476416,36146848980.91472,complete,complete,1103114.2877476416,1024,0.0,0
40250.9840719122,234754592.1336214,False,1146437632,0.0069226659998093,True,1024,0,0.0,1024,0.0079662920002192,1.0,2.2248322891415872e-12,7.246674432740877e-11,2034,21.114582121794164,8.994321231329025e-08,cutoff_1e-14,complete,0.1621044579997033,0.1862852919998658,1024,5.1283486654433886e-24,5.25142903341403e-21,5.1283486654433886e-24,5.25142903341403e-21,4096,177.37184886053262,726515.0929327416,177.37184886053262,726515.0929327416,32768,192.15180023267237,6296430.190024208,0.0597070000003441,192.15180023267237,6296430.190024208,complete,complete,192.15180023267237,1024,0.0,0
3042590.0854111635,234754592.1336214,False,1146437632,0.0069226659998093,True,1024,1,0.3,1024,0.0079662920002192,1.0,1.7551540430769688e-10,5.830424516358689e-09,2034,21.114582121794164,8.994321231329025e-08,cutoff_1e-14,complete,0.1621044579997033,0.1862852919998658,1024,3.319711918062159e-20,3.399385004095651e-17,0.0812933756339601,83.24441664917524,4096,995373.7167040282,4077050743.619699,995361.1902388314,4076999435.2182536,32768,1103112.2461971317,36146782083.3876,0.0597070000003441,1103114.2877476416,36146848980.91472,complete,complete,1103114.2877476416,1024,0.0,0
21292.57798925272,136439842.13558745,False,1146454016,0.007166374999997,True,1025,0,0.0,1024,0.0090705839998008,1.0009765625,2.331823690248505e-12,7.595164453633089e-11,2034,21.110885924664224,1.5472669562080864e-07,cutoff_1e-10,complete,0.1810858329999973,0.2072344170001088,1024,5.6334495193097316e-24,5.768652307773165e-21,5.6334495193097316e-24,5.768652307773165e-21,4096,43.58175567639699,178510.87125052206,43.58175567639699,178510.87125052206,32768,48.13531778471142,1577298.0931694238,0.0692936669997834,48.13531778471142,1577298.0931694238,complete,complete,48.13531778471142,1024,0.0,0
1832810.6951470172,136439842.13558745,False,1146454016,0.007166374999997,True,1025,1,0.3,1024,0.0090705839998008,1.0009765625,1.9190076079690327e-10,6.374727647817541e-09,2034,21.110885924664224,1.5472669562080864e-07,cutoff_1e-10,complete,0.1810858329999973,0.2072344170001088,1024,3.968471932016544e-20,4.0637152583849407e-17,0.0812933756414758,83.24441665687122,4096,322673.7037396983,1321671490.517804,322674.7852040825,1321675920.195922,32768,355154.68698217423,11637708783.031883,0.0692936669997834,355154.94687304087,11637717299.135803,complete,complete,355154.94687304087,1024,0.0,0
21292.57798925272,136439842.13558745,False,1146454016,0.007166374999997,True,1025,0,0.0,1024,0.0090705839998008,1.0009765625,2.331823690248505e-12,7.595164453633089e-11,2034,21.110885924664224,1.5472669562080864e-07,cutoff_1e-14,complete,0.1810858329999973,0.2072344170001088,1024,5.6334495193097316e-24,5.768652307773165e-21,5.6334495193097316e-24,5.768652307773165e-21,4096,43.58175567639699,178510.87125052206,43.58175567639699,178510.87125052206,32768,48.13531778471142,1577298.0931694238,0.0692936669997834,48.13531778471142,1577298.0931694238,complete,complete,48.13531778471142,1024,0.0,0
1832810.6951470172,136439842.13558745,False,1146454016,0.007166374999997,True,1025,1,0.3,1024,0.0090705839998008,1.0009765625,1.9190076079690327e-10,6.374727647817541e-09,2034,21.110885924664224,1.5472669562080864e-07,cutoff_1e-14,complete,0.1810858329999973,0.2072344170001088,1024,3.968471932016544e-20,4.0637152583849407e-17,0.0812933756414758,83.24441665687122,4096,322673.7037396983,1321671490.517804,322674.7852040825,1321675920.195922,32768,355154.68698217423,11637708783.031883,0.0692936669997834,355154.94687304087,11637717299.135803,complete,complete,355154.94687304087,1024,0.0,0
576.5609506005874,892664.7338341924,False,1146470400,0.0072687080000832,True,1056,0,0.0,1024,0.0080000420002761,1.03125,2.9362677844010024e-14,9.563946363394997e-13,2034,21.068554108643344,2.3601866759258256e-05,cutoff_1e-10,complete,0.182006416999684,0.2076809589998447,1024,8.932526371278942e-28,9.146907004189635e-25,8.932526371278942e-28,9.146907004189635e-25,4096,0.0641638095724193,262.81496400862943,0.0641638095724193,262.81496400862943,32768,0.0612839012719769,2008.1508768801405,0.0589279999999234,0.0612839012719769,2008.1508768801405,complete,complete,0.0612839012719769,1024,0.0,0
26447.669226863723,892664.7338341924,False,1146470400,0.0072687080000832,True,1056,1,0.3,1024,0.0080000420002761,1.03125,1.299188056604439e-12,4.315756743099011e-11,2034,21.068554108643344,2.3601866759258256e-05,cutoff_1e-10,complete,0.182006416999684,0.2076809589998447,1024,1.8189215103129476e-24,1.8625756265604584e-21,0.0812933756389299,83.24441665426428,4096,119.802092479282,490709.3707951391,119.70267628363828,490302.1620577824,32768,137.73964792019177,4513452.783048844,0.0589279999999234,137.6513714921631,4510560.141055199,complete,complete,137.6513714921631,1024,0.0,0
576.5609506005874,892664.7338341924,False,1146470400,0.0072687080000832,True,1056,0,0.0,1024,0.0080000420002761,1.03125,2.9362677844010024e-14,9.563946363394997e-13,2034,21.068554108643344,2.3601866759258256e-05,cutoff_1e-14,complete,0.182006416999684,0.2076809589998447,1024,8.932526371278942e-28,9.146907004189635e-25,8.932526371278942e-28,9.146907004189635e-25,4096,0.0641638095724193,262.81496400862943,0.0641638095724193,262.81496400862943,32768,0.0612839012719769,2008.1508768801405,0.0589279999999234,0.0612839012719769,2008.1508768801405,complete,complete,0.0612839012719769,1024,0.0,0
26447.669226863723,892664.7338341924,False,1146470400,0.0072687080000832,True,1056,1,0.3,1024,0.0080000420002761,1.03125,1.299188056604439e-12,4.315756743099011e-11,2034,21.068554108643344,2.3601866759258256e-05,cutoff_1e-14,complete,0.182006416999684,0.2076809589998447,1024,1.8189215103129476e-24,1.8625756265604584e-21,0.0812933756389299,83.24441665426428,4096,119.802092479282,490709.3707951391,119.70267628363828,490302.1620577824,32768,137.73964792019177,4513452.783048844,0.0589279999999234,137.6513714921631,4510560.141055199,complete,complete,137.6513714921631,1024,0.0,0
364.1358210760889,481331.3671513728,False,1146470400,0.0071222910000869,True,1088,0,0.0,1024,0.0081132499999512,1.0625,1.3683852886188494e-14,4.4570742404134074e-13,2034,21.112969111037472,4.386368841072787e-05,cutoff_1e-10,complete,0.1889357919999383,0.2140679580002142,1024,1.9399912875543699e-28,1.986551078455675e-25,1.9399912875543699e-28,1.986551078455675e-25,4096,0.0331752970278249,135.8860166259709,0.0331752970278249,135.8860166259709,32768,0.0293498463087831,961.7357638462048,0.0613712910003414,0.0293498463087831,961.7357638462048,complete,complete,0.0293498463087831,1024,0.0,0
16087.771924035267,481331.3671513728,False,1146470400,0.0071222910000869,True,1088,1,0.3,1024,0.0081132499999512,1.0625,7.538300556343241e-13,2.5041387420520885e-11,2034,21.112969111037472,4.386368841072787e-05,cutoff_1e-10,complete,0.1889357919999383,0.2140679580002142,1024,6.123741054146695e-25,6.270710839446217e-22,0.0812933756389241,83.24441665425837,4096,75.38041986901874,308758.19978350075,75.35902020123844,308670.54674427264,32768,80.27247551250514,2630368.4775937684,0.0613712910003414,80.20623842700357,2628198.020776053,complete,complete,80.20623842700357,1024,0.0,0
364.1358210760889,481331.3671513728,False,1146470400,0.0071222910000869,True,1088,0,0.0,1024,0.0081132499999512,1.0625,1.3683852886188494e-14,4.4570742404134074e-13,2034,21.112969111037472,4.386368841072787e-05,cutoff_1e-14,complete,0.1889357919999383,0.2140679580002142,1024,1.9399912875543699e-28,1.986551078455675e-25,1.9399912875543699e-28,1.986551078455675e-25,4096,0.0331752970278249,135.8860166259709,0.0331752970278249,135.8860166259709,32768,0.0293498463087831,961.7357638462048,0.0613712910003414,0.0293498463087831,961.7357638462048,complete,complete,0.0293498463087831,1024,0.0,0
16087.771924035267,481331.3671513728,False,1146470400,0.0071222910000869,True,1088,1,0.3,1024,0.0081132499999512,1.0625,7.538300556343241e-13,2.5041387420520885e-11,2034,21.112969111037472,4.386368841072787e-05,cutoff_1e-14,complete,0.1889357919999383,0.2140679580002142,1024,6.123741054146695e-25,6.270710839446217e-22,0.0812933756389241,83.24441665425837,4096,75.38041986901874,308758.19978350075,75.35902020123844,308670.54674427264,32768,80.27247551250514,2630368.4775937684,0.0613712910003414,80.20623842700357,2628198.020776053,complete,complete,80.20623842700357,1024,0.0,0
237.4020414445508,270386.55525115714,False,1146519552,0.0070182499998736,True,1152,0,0.0,1024,0.00856183399992,1.125,1.9057625102361583e-14,6.207407419070208e-13,2034,21.078845086963753,7.795818496738493e-05,cutoff_1e-10,complete,0.196410042000025,0.2221390000004248,1024,3.7628815299148286e-28,3.853190686632785e-25,3.7628815299148286e-28,3.853190686632785e-25,4096,0.019237785477228,78.79796931472617,0.019237785477228,78.79796931472617,32768,0.0184950758248707,606.046644629366,0.0647578749999411,0.0184950758248707,606.046644629366,complete,complete,0.0184950758248707,1024,0.0,0
11120.609525617412,270386.55525115714,False,1146519552,0.0070182499998736,True,1152,1,0.3,1024,0.00856183399992,1.125,6.359863793008305e-13,2.1126752905660192e-11,2034,21.078845086963753,7.795818496738493e-05,cutoff_1e-10,complete,0.196410042000025,0.2221390000004248,1024,4.358786018914271e-25,4.463396883368213e-22,0.0812933756389193,83.24441665425343,4096,48.552709410733385,198871.89774636395,48.49180207205785,198622.42128714896,32768,52.9844935364316,1736195.884201791,0.0647578749999411,52.91725217259386,1733992.5191915557,complete,complete,52.91725217259386,1024,0.0,0
237.4020414445508,270386.55525115714,False,1146519552,0.0070182499998736,True,1152,0,0.0,1024,0.00856183399992,1.125,1.9057625102361583e-14,6.207407419070208e-13,2034,21.078845086963753,7.795818496738493e-05,cutoff_1e-14,complete,0.196410042000025,0.2221390000004248,1024,3.7628815299148286e-28,3.853190686632785e-25,3.7628815299148286e-28,3.853190686632785e-25,4096,0.019237785477228,78.79796931472617,0.019237785477228,78.79796931472617,32768,0.0184950758248707,606.046644629366,0.0647578749999411,0.0184950758248707,606.046644629366,complete,complete,0.0184950758248707,1024,0.0,0
11120.609525617412,270386.55525115714,False,1146519552,0.0070182499998736,True,1152,1,0.3,1024,0.00856183399992,1.125,6.359863793008305e-13,2.1126752905660192e-11,2034,21.078845086963753,7.795818496738493e-05,cutoff_1e-14,complete,0.196410042000025,0.2221390000004248,1024,4.358786018914271e-25,4.463396883368213e-22,0.0812933756389193,83.24441665425343,4096,48.552709410733385,198871.89774636395,48.49180207205785,198622.42128714896,32768,52.9844935364316,1736195.884201791,0.0647578749999411,52.91725217259386,1733992.5191915557,complete,complete,52.91725217259386,1024,0.0,0
150.3015470527599,142594.03597141514,False,1146552320,0.0075104169995938,True,1280,0,0.0,1024,0.0099849170001107,1.25,1.3877949089761251e-14,4.520294825748649e-13,2034,21.1342408326761,0.0001482126562215,cutoff_1e-10,complete,0.2261533750001945,0.2547188329999699,1024,1.9954165343447274e-28,2.043306531169001e-25,1.9954165343447274e-28,2.043306531169001e-25,4096,0.0121176539657701,49.63391064379449,0.0121176539657701,49.63391064379449,32768,0.0124195128720406,406.9625977910264,0.0727895830000306,0.0124195128720406,406.9625977910264,complete,complete,0.0124195128720406,1024,0.0,0
7206.634351824733,142594.03597141514,False,1146552320,0.0075104169995938,True,1280,1,0.3,1024,0.0099849170001107,1.25,3.69851735719282e-13,1.2286059083310628e-11,2034,21.1342408326761,0.0001482126562215,cutoff_1e-10,complete,0.2261533750001945,0.2547188329999699,1024,1.474094216783199e-25,1.5094724779859957e-22,0.0812933756389201,83.24441665425422,4096,27.111905567791982,111050.36520567596,26.994905397035176,110571.13250625608,32768,27.58566484854577,903927.0657571476,0.0727895830000306,27.50709739889723,901352.5675670644,complete,complete,27.50709739889723,1024,0.0,0
150.3015470527599,142594.03597141514,False,1146552320,0.0075104169995938,True,1280,0,0.0,1024,0.0099849170001107,1.25,1.3877949089761251e-14,4.520294825748649e-13,2034,21.1342408326761,0.0001482126562215,cutoff_1e-14,complete,0.2261533750001945,0.2547188329999699,1024,1.9954165343447274e-28,2.043306531169001e-25,1.9954165343447274e-28,2.043306531169001e-25,4096,0.0121176539657701,49.63391064379449,0.0121176539657701,49.63391064379449,32768,0.0124195128720406,406.9625977910264,0.0727895830000306,0.0124195128720406,406.9625977910264,complete,complete,0.0124195128720406,1024,0.0,0
7206.634351824733,142594.03597141514,False,1146552320,0.0075104169995938,True,1280,1,0.3,1024,0.0099849170001107,1.25,3.69851735719282e-13,1.2286059083310628e-11,2034,21.1342408326761,0.0001482126562215,cutoff_1e-14,complete,0.2261533750001945,0.2547188329999699,1024,1.474094216783199e-25,1.5094724779859957e-22,0.0812933756389201,83.24441665425422,4096,27.111905567791982,111050.36520567596,26.994905397035176,110571.13250625608,32768,27.58566484854577,903927.0657571476,0.0727895830000306,27.50709739889723,901352.5675670644,complete,complete,27.50709739889723,1024,0.0,0
91.51847031169844,83939.74983045847,False,1146601472,0.0078198749997682,True,1536,0,0.0,1024,0.012199917000089,1.5,6.7246951262352756e-15,2.1903527954490732e-13,2034,21.221473181337423,0.0002528179226671,cutoff_1e-10,complete,0.2813982079997004,0.3130973749998702,1024,4.6852005552066086e-29,4.797645368531568e-26,4.6852005552066086e-29,4.797645368531568e-26,4096,0.0083627843461635,34.25396468188572,0.0083627843461635,34.25396468188572,32768,0.0076463801590647,250.55658505223445,0.0888821250000546,0.0076463801590647,250.55658505223445,complete,complete,0.0076463801590647,1024,0.0,0
4232.437831836003,83939.74983045847,False,1146601472,0.0078198749997682,True,1536,1,0.3,1024,0.012199917000089,1.5,2.289356095819229e-13,7.604983710910836e-12,2034,21.221473181337423,0.0002528179226671,cutoff_1e-10,complete,0.2813982079997004,0.3130973749998702,1024,5.648025121408122e-26,5.783577724321917e-23,0.081293375638921,83.24441665425519,4096,20.795693910215647,85179.16225624329,20.694446784951943,84764.45403116316,32768,19.945230039444706,653565.297932524,0.0888821250000546,19.86085992507188,650800.6580247553,complete,complete,19.86085992507188,1024,0.0,0
91.51847031169844,83939.74983045847,False,1146601472,0.0078198749997682,True,1536,0,0.0,1024,0.012199917000089,1.5,6.7246951262352756e-15,2.1903527954490732e-13,2034,21.221473181337423,0.0002528179226671,cutoff_1e-14,complete,0.2813982079997004,0.3130973749998702,1024,4.6852005552066086e-29,4.797645368531568e-26,4.6852005552066086e-29,4.797645368531568e-26,4096,0.0083627843461635,34.25396468188572,0.0083627843461635,34.25396468188572,32768,0.0076463801590647,250.55658505223445,0.0888821250000546,0.0076463801590647,250.55658505223445,complete,complete,0.0076463801590647,1024,0.0,0
4232.437831836003,83939.74983045847,False,1146601472,0.0078198749997682,True,1536,1,0.3,1024,0.012199917000089,1.5,2.289356095819229e-13,7.604983710910836e-12,2034,21.221473181337423,0.0002528179226671,cutoff_1e-14,complete,0.2813982079997004,0.3130973749998702,1024,5.648025121408122e-26,5.783577724321917e-23,0.081293375638921,83.24441665425519,4096,20.795693910215647,85179.16225624329,20.694446784951943,84764.45403116316,32768,19.945230039444706,653565.297932524,0.0888821250000546,19.86085992507188,650800.6580247553,complete,complete,19.86085992507188,1024,0.0,0
58.96490195324382,49139.18116821144,False,1146617856,0.0092905000001337,True,2048,0,0.0,1024,0.0168370829997002,2.0,6.8599588844668915e-15,2.234410607053007e-13,2034,21.232218302671846,0.0004320832744442,cutoff_1e-10,complete,0.3397021250002581,0.3790384579997408,1024,4.8755769149521357e-29,4.992590760910987e-26,4.8755769149521357e-29,4.992590760910987e-26,4096,0.0052552528225506,21.52551556116729,0.0052552528225506,21.52551556116729,32768,0.0050814259441356,166.50816533743543,0.1285133750002387,0.0050814259441356,166.50816533743543,complete,complete,0.0050814259441356,1024,0.0,0
2480.755750090089,49139.18116821144,False,1146617856,0.0092905000001337,True,2048,1,0.3,1024,0.0168370829997002,2.0,1.011612714495546e-13,3.3604637695019362e-12,2034,21.232218302671846,0.0004320832744442,cutoff_1e-10,complete,0.3397021250002581,0.3790384579997408,1024,1.102804369739762e-26,1.1292716746135165e-23,0.0812933756389276,83.2444166542619,4096,12.993632256655085,53221.91772325923,12.881211352788622,52761.441701022195,32768,12.795808047131125,419293.0380883927,0.1285133750002387,12.713313578702843,416589.8593469348,complete,complete,12.713313578702843,1024,0.0,0
58.96490195324382,49139.18116821144,False,1146617856,0.0092905000001337,True,2048,0,0.0,1024,0.0168370829997002,2.0,6.8599588844668915e-15,2.234410607053007e-13,2034,21.232218302671846,0.0004320832744442,cutoff_1e-14,complete,0.3397021250002581,0.3790384579997408,1024,4.8755769149521357e-29,4.992590760910987e-26,4.8755769149521357e-29,4.992590760910987e-26,4096,0.0052552528225506,21.52551556116729,0.0052552528225506,21.52551556116729,32768,0.0050814259441356,166.50816533743543,0.1285133750002387,0.0050814259441356,166.50816533743543,complete,complete,0.0050814259441356,1024,0.0,0
2480.755750090089,49139.18116821144,False,1146617856,0.0092905000001337,True,2048,1,0.3,1024,0.0168370829997002,2.0,1.011612714495546e-13,3.3604637695019362e-12,2034,21.232218302671846,0.0004320832744442,cutoff_1e-14,complete,0.3397021250002581,0.3790384579997408,1024,1.102804369739762e-26,1.1292716746135165e-23,0.0812933756389276,83.2444166542619,4096,12.993632256655085,53221.91772325923,12.881211352788622,52761.441701022195,32768,12.795808047131125,419293.0380883927,0.1285133750002387,12.713313578702843,416589.8593469348,complete,complete,12.713313578702843,1024,0.0,0
41.34300299849602,32085.701238446425,False,1146650624,0.0109234999999898,True,3072,0,0.0,1024,0.0213494579998041,3.0,1.0026549007285226e-14,3.26582532509682e-13,2034,21.009062830788057,0.0006547796064875,cutoff_1e-10,complete,0.5409515409996857,0.5926963749998322,1024,1.0415639701214599e-28,1.066561505404375e-25,1.0415639701214599e-28,1.066561505404375e-25,4096,0.0034661014142413,14.197151392732586,0.0034661014142413,14.197151392732586,32768,0.0035909992731796,117.66986418355134,0.1596999999997024,0.0035909992731796,117.66986418355134,complete,complete,0.0035909992731796,1024,0.0,0
1698.885375763812,32085.701238446425,False,1146650624,0.0109234999999898,True,3072,1,0.3,1024,0.0213494579998041,3.0,1.0864613791108868e-13,3.609102623117849e-12,2034,21.009062830788057,0.0006547796064875,cutoff_1e-10,complete,0.5409515409996857,0.5926963749998322,1024,1.2720333734566539e-26,1.3025621744196137e-23,0.0812933756389271,83.24441665426137,4096,9.5081434016528,38945.35537316986,9.385133538077962,38441.506971967334,32768,8.784956626318323,287865.4587311988,0.1596999999997024,8.702901568821229,285176.67860713403,complete,complete,8.702901568821229,1024,0.0,0
41.34300299849602,32085.701238446425,False,1146650624,0.0109234999999898,True,3072,0,0.0,1024,0.0213494579998041,3.0,1.0026549007285226e-14,3.26582532509682e-13,2034,21.009062830788057,0.0006547796064875,cutoff_1e-14,complete,0.5409515409996857,0.5926963749998322,1024,1.0415639701214599e-28,1.066561505404375e-25,1.0415639701214599e-28,1.066561505404375e-25,4096,0.0034661014142413,14.197151392732586,0.0034661014142413,14.197151392732586,32768,0.0035909992731796,117.66986418355134,0.1596999999997024,0.0035909992731796,117.66986418355134,complete,complete,0.0035909992731796,1024,0.0,0
1698.885375763812,32085.701238446425,False,1146650624,0.0109234999999898,True,3072,1,0.3,1024,0.0213494579998041,3.0,1.0864613791108868e-13,3.609102623117849e-12,2034,21.009062830788057,0.0006547796064875,cutoff_1e-14,complete,0.5409515409996857,0.5926963749998322,1024,1.2720333734566539e-26,1.3025621744196137e-23,0.0812933756389271,83.24441665426137,4096,9.5081434016528,38945.35537316986,9.385133538077962,38441.506971967334,32768,8.784956626318323,287865.4587311988,0.1596999999997024,8.702901568821229,285176.67860713403,complete,complete,8.702901568821229,1024,0.0,0
37.11458303385542,26724.672281617084,False,1146683392,0.0122085829998468,True,4096,0,0.0,1024,0.0278762920002009,4.0,8.584798877215498e-15,2.796221667465248e-13,2034,21.05835569291795,0.0007879743284037,cutoff_1e-10,complete,0.6750567500002944,0.7405952920003074,1024,7.635601185158332e-29,7.818855613602132e-26,7.635601185158332e-29,7.818855613602132e-26,4096,0.0031877384302675,13.05697661037578,0.0031877384302675,13.05697661037578,32768,0.0031378544119365,102.82121337033556,0.2134756670002389,0.0031378544119365,102.82121337033556,complete,complete,0.0031378544119365,1024,0.0,0
1435.5471680459182,26724.672281617084,False,1146683392,0.0122085829998468,True,4096,1,0.3,1024,0.0278762920002009,4.0,7.977789302461605e-14,2.650131965275965e-12,2034,21.05835569291795,0.0007879743284037,cutoff_1e-10,complete,0.6750567500002944,0.7405952920003074,1024,6.858593196657663e-27,7.023199433377448e-24,0.0812933756389258,83.24441665426008,4096,8.149914016481446,33382.047811508004,8.034657386651572,32909.95665572484,32768,7.4222894712244605,243213.58139308312,0.2134756670002389,7.341228218653854,240557.3662688495,complete,complete,7.341228218653854,1024,0.0,0
37.11458303385542,26724.672281617084,False,1146683392,0.0122085829998468,True,4096,0,0.0,1024,0.0278762920002009,4.0,8.584798877215498e-15,2.796221667465248e-13,2034,21.05835569291795,0.0007879743284037,cutoff_1e-14,complete,0.6750567500002944,0.7405952920003074,1024,7.635601185158332e-29,7.818855613602132e-26,7.635601185158332e-29,7.818855613602132e-26,4096,0.0031877384302675,13.05697661037578,0.0031877384302675,13.05697661037578,32768,0.0031378544119365,102.82121337033556,0.2134756670002389,0.0031378544119365,102.82121337033556,complete,complete,0.0031378544119365,1024,0.0,0
1435.5471680459182,26724.672281617084,False,1146683392,0.0122085829998468,True,4096,1,0.3,1024,0.0278762920002009,4.0,7.977789302461605e-14,2.650131965275965e-12,2034,21.05835569291795,0.0007879743284037,cutoff_1e-14,complete,0.6750567500002944,0.7405952920003074,1024,6.858593196657663e-27,7.023199433377448e-24,0.0812933756389258,83.24441665426008,4096,8.149914016481446,33382.047811508004,8.034657386651572,32909.95665572484,32768,7.4222894712244605,243213.58139308312,0.2134756670002389,7.341228218653854,240557.3662688495,complete,complete,7.341228218653854,1024,0.0,0
28.91662999267505,18893.702171743505,False,1146683392,0.0190050839996729,True,8192,0,0.0,1024,0.056939125000099,8.0,9.16016525054108e-15,2.9836287276462224e-13,2034,20.9157611316662,0.0011070229085619,cutoff_1e-10,complete,1.3257005410000602,1.4514762499998142,1024,8.693398812925599e-29,8.902040384435815e-26,8.693398812925599e-29,8.902040384435815e-26,4096,0.0030330856216151,12.423518706135546,0.0030330856216151,12.423518706135546,32768,0.0026830296668153,87.91751612220462,0.4351927920001799,0.0026830296668153,87.91751612220462,complete,complete,0.0026830296668153,1024,0.0,0
978.5276842833216,18893.702171743505,False,1146683392,0.0190050839996729,True,8192,1,0.3,1024,0.056939125000099,8.0,3.8551250101924703e-14,1.2806292109636804e-12,2034,20.9157611316662,0.0011070229085619,cutoff_1e-10,complete,1.3257005410000602,1.4514762499998142,1024,1.60157341403658e-27,1.6400111759734581e-24,0.0812933756389258,83.24441665426009,4096,5.652459671244943,23152.474813419285,5.540909166366006,22695.56394543516,32768,4.986803879642242,163407.58952811698,0.4351927920001799,4.9036729019350185,160683.5536506067,complete,complete,4.9036729019350185,1024,0.0,0
28.91662999267505,18893.702171743505,False,1146683392,0.0190050839996729,True,8192,0,0.0,1024,0.056939125000099,8.0,9.16016525054108e-15,2.9836287276462224e-13,2034,20.9157611316662,0.0011070229085619,cutoff_1e-14,complete,1.3257005410000602,1.4514762499998142,1024,8.693398812925599e-29,8.902040384435815e-26,8.693398812925599e-29,8.902040384435815e-26,4096,0.0030330856216151,12.423518706135546,0.0030330856216151,12.423518706135546,32768,0.0026830296668153,87.91751612220462,0.4351927920001799,0.0026830296668153,87.91751612220462,complete,complete,0.0026830296668153,1024,0.0,0
978.5276842833216,18893.702171743505,False,1146683392,0.0190050839996729,True,8192,1,0.3,1024,0.056939125000099,8.0,3.8551250101924703e-14,1.2806292109636804e-12,2034,20.9157611316662,0.0011070229085619,cutoff_1e-14,complete,1.3257005410000602,1.4514762499998142,1024,1.60157341403658e-27,1.6400111759734581e-24,0.0812933756389258,83.24441665426009,4096,5.652459671244943,23152.474813419285,5.540909166366006,22695.56394543516,32768,4.986803879642242,163407.58952811698,0.4351927920001799,4.9036729019350185,160683.5536506067,complete,complete,4.9036729019350185,1024,0.0,0
12.560421974191692,49.89943565742791,False,1146732544,0.0057944999998653,False,64,0,0.0,64,0.0007674579997001,0.0625,0.3205073003366781,10.439492766228891,2035,20.033447765493563,0.4014764395939903,cutoff_1e-10,complete,0.0024280000002363,0.0147673330002362,1024,0.1064287199376419,108.98300921614536,0.1064287199376419,108.98300921614536,4096,0.1501542118446757,615.0316517157917,0.1501542118446757,615.0316517157917,32768,0.1525861245860572,4999.942130435924,0.0082097080003222,0.1525861245860572,4999.942130435924,complete,complete,0.1525861245860572,64,0.0,0
12.07672788985718,49.89943565742791,False,1146732544,0.0057944999998653,False,64,1,0.3,64,0.0007674579997001,0.0625,0.408579498355009,13.57255184231207,2035,20.033447765493563,0.4014764395939903,cutoff_1e-10,complete,0.0024280000002363,0.0147673330002362,1024,0.1798966440549303,184.21416351224863,0.1119794364504412,114.66694292525185,4096,0.24405947426571,999.6676065923482,0.1517241049886557,621.4619340335339,32768,0.248875326006789,8155.146682590463,0.0082097080003222,0.1565322935819431,5129.250196093111,complete,complete,0.1565322935819431,64,0.0,0
12.560421974191692,49.89943565742791,False,1146732544,0.0057944999998653,False,64,0,0.0,64,0.0007674579997001,0.0625,0.3205073003366781,10.439492766228891,2035,20.033447765493563,0.4014764395939903,cutoff_1e-14,complete,0.0024280000002363,0.0147673330002362,1024,0.1064287199376419,108.98300921614536,0.1064287199376419,108.98300921614536,4096,0.1501542118446757,615.0316517157917,0.1501542118446757,615.0316517157917,32768,0.1525861245860572,4999.942130435924,0.0082097080003222,0.1525861245860572,4999.942130435924,complete,complete,0.1525861245860572,64,0.0,0
12.07672788985718,49.89943565742791,False,1146732544,0.0057944999998653,False,64,1,0.3,64,0.0007674579997001,0.0625,0.408579498355009,13.57255184231207,2035,20.033447765493563,0.4014764395939903,cutoff_1e-14,complete,0.0024280000002363,0.0147673330002362,1024,0.1798966440549303,184.21416351224863,0.1119794364504412,114.66694292525185,4096,0.24405947426571,999.6676065923482,0.1517241049886557,621.4619340335339,32768,0.248875326006789,8155.146682590463,0.0082097080003222,0.1565322935819431,5129.250196093111,complete,complete,0.1565322935819431,64,0.0,0
23.52966733625646,146.75479198857235,False,1146765312,0.0053886669998064,False,128,0,0.0,128,0.0012529169998742,0.125,0.2240190505567556,7.29669887496502,2035,19.854273788111524,0.1352887596996325,cutoff_1e-10,complete,0.0070287919998008,0.0191301250001743,1024,0.0519939594452302,53.241814471915816,0.0519939594452302,53.241814471915816,4096,0.1034176096094288,423.5985289602204,0.1034176096094288,423.5985289602204,32768,0.1018433721235388,3337.203617744122,0.0107342080000307,0.1018433721235388,3337.203617744122,complete,complete,0.1018433721235388,128,0.0,0
26.49166346798037,146.75479198857235,False,1146765312,0.0053886669998064,False,128,1,0.3,128,0.0012529169998742,0.125,0.3360360414721404,11.162739716820251,2035,19.854273788111524,0.1352887596996325,cutoff_1e-10,complete,0.0070287919998008,0.0191301250001743,1024,0.1216862870951917,124.60675798547632,0.0638930967875863,65.42653111048844,4096,0.2132308216152493,873.3934453360614,0.1173844135342796,480.8065578364093,32768,0.2105981225429876,6900.879279488619,0.0107342080000307,0.1176656528093424,3855.6681112565343,complete,complete,0.1176656528093424,128,0.0,0
23.52966733625646,146.75479198857235,False,1146765312,0.0053886669998064,False,128,0,0.0,128,0.0012529169998742,0.125,0.2240190505567556,7.29669887496502,2035,19.854273788111524,0.1352887596996325,cutoff_1e-14,complete,0.0070287919998008,0.0191301250001743,1024,0.0519939594452302,53.241814471915816,0.0519939594452302,53.241814471915816,4096,0.1034176096094288,423.5985289602204,0.1034176096094288,423.5985289602204,32768,0.1018433721235388,3337.203617744122,0.0107342080000307,0.1018433721235388,3337.203617744122,complete,complete,0.1018433721235388,128,0.0,0
26.49166346798037,146.75479198857235,False,1146765312,0.0053886669998064,False,128,1,0.3,128,0.0012529169998742,0.125,0.3360360414721404,11.162739716820251,2035,19.854273788111524,0.1352887596996325,cutoff_1e-14,complete,0.0070287919998008,0.0191301250001743,1024,0.1216862870951917,124.60675798547632,0.0638930967875863,65.42653111048844,4096,0.2132308216152493,873.3934453360614,0.1173844135342796,480.8065578364093,32768,0.2105981225429876,6900.879279488619,0.0107342080000307,0.1176656528093424,3855.6681112565343,complete,complete,0.1176656528093424,128,0.0,0
61.23421053212451,943.3397589845758,False,1146830848,0.0054136659996402,False,256,0,0.0,256,0.0021482080001078,0.25,0.1214002046259746,3.9542205643374433,2035,21.02942962454552,0.0222925297320044,cutoff_1e-10,complete,0.0173050000003058,0.031004208000013,1024,0.0152693947963175,15.635860271429122,0.0152693947963175,15.635860271429122,4096,0.0543086990922732,222.44843148195108,0.0543086990922732,222.44843148195108,32768,0.0557393892711757,1826.468307637888,0.0177100830001109,0.0557393892711757,1826.468307637888,complete,complete,0.0557393892711757,256,0.0,0
79.24043280718266,943.3397589845758,False,1146830848,0.0054136659996402,False,256,1,0.3,256,0.0021482080001078,0.25,0.2562092604217377,8.51098374625981,2035,21.02942962454552,0.0222925297320044,cutoff_1e-10,complete,0.0173050000003058,0.031004208000013,1024,0.0707391057901355,72.43684432909882,0.0397852271437399,40.74007259518974,4096,0.1962993436108751,804.0421114301444,0.1056341846139848,432.67762017888174,32768,0.202855917016993,6647.182688812829,0.0177100830001109,0.1102283349222562,3611.962078732491,complete,complete,0.1102283349222562,256,0.0,0
61.23421053212451,943.3397589845758,False,1146830848,0.0054136659996402,False,256,0,0.0,256,0.0021482080001078,0.25,0.1214002046259746,3.9542205643374433,2035,21.02942962454552,0.0222925297320044,cutoff_1e-14,complete,0.0173050000003058,0.031004208000013,1024,0.0152693947963175,15.635860271429122,0.0152693947963175,15.635860271429122,4096,0.0543086990922732,222.44843148195108,0.0543086990922732,222.44843148195108,32768,0.0557393892711757,1826.468307637888,0.0177100830001109,0.0557393892711757,1826.468307637888,complete,complete,0.0557393892711757,256,0.0,0
79.24043280718266,943.3397589845758,False,1146830848,0.0054136659996402,False,256,1,0.3,256,0.0021482080001078,0.25,0.2562092604217377,8.51098374625981,2035,21.02942962454552,0.0222925297320044,cutoff_1e-14,complete,0.0173050000003058,0.031004208000013,1024,0.0707391057901355,72.43684432909882,0.0397852271437399,40.74007259518974,4096,0.1962993436108751,804.0421114301444,0.1056341846139848,432.67762017888174,32768,0.202855917016993,6647.182688812829,0.0177100830001109,0.1102283349222562,3611.962078732491,complete,complete,0.1102283349222562,256,0.0,0
62.16553225187259,2992.4820723964967,False,1146830848,0.0055883339996398,False,384,0,0.0,384,0.0030256249997364,0.375,0.0448722718529516,1.4615696956701645,2035,20.958441473816553,0.0070036982567558,cutoff_1e-10,complete,0.0299010419998921,0.044816874999924,1024,0.0020861191165052,2.1361859753013785,0.0020861191165052,2.1361859753013785,4096,0.018845353521177,77.19056802274122,0.018845353521177,77.19056802274122,32768,0.0199112230703448,652.4509575690602,0.023359000000255,0.0199112230703448,652.4509575690602,complete,complete,0.0199112230703448,384,0.0,0
131.7152276856935,2992.4820723964967,False,1146830848,0.0055883339996398,False,384,1,0.3,384,0.0030256249997364,0.375,0.2130876416165354,7.078532022386254,2035,20.958441473816553,0.0070036982567558,cutoff_1e-10,complete,0.0299010419998921,0.044816874999924,1024,0.0489312652265113,50.10561559194761,0.0365494528076772,37.426639675061466,4096,0.2196353342082138,899.626328916844,0.131744515731173,539.6255364348849,32768,0.219804468842333,7202.55283502557,0.023359000000255,0.1270047251757116,4161.690834557718,complete,complete,0.1270047251757116,384,0.0,0
62.16553225187259,2992.4820723964967,False,1146830848,0.0055883339996398,False,384,0,0.0,384,0.0030256249997364,0.375,0.0448722718529516,1.4615696956701645,2035,20.958441473816553,0.0070036982567558,cutoff_1e-14,complete,0.0299010419998921,0.044816874999924,1024,0.0020861191165052,2.1361859753013785,0.0020861191165052,2.1361859753013785,4096,0.018845353521177,77.19056802274122,0.018845353521177,77.19056802274122,32768,0.0199112230703448,652.4509575690602,0.023359000000255,0.0199112230703448,652.4509575690602,complete,complete,0.0199112230703448,384,0.0,0
131.7152276856935,2992.4820723964967,False,1146830848,0.0055883339996398,False,384,1,0.3,384,0.0030256249997364,0.375,0.2130876416165354,7.078532022386254,2035,20.958441473816553,0.0070036982567558,cutoff_1e-14,complete,0.0299010419998921,0.044816874999924,1024,0.0489312652265113,50.10561559194761,0.0365494528076772,37.426639675061466,4096,0.2196353342082138,899.626328916844,0.131744515731173,539.6255364348849,32768,0.219804468842333,7202.55283502557,0.023359000000255,0.1270047251757116,4161.690834557718,complete,complete,0.1270047251757116,384,0.0,0
84.57842867915944,6913.957790098369,False,1146847232,0.0058206250000694,False,512,0,0.0,512,0.0038242499999796,0.5,0.0242551720610817,0.7900340897362164,2035,20.772605959313044,0.0030044450067459,cutoff_1e-10,complete,0.0517639169997892,0.0683179580000796,1024,0.0006095252567825,0.6241538629453327,0.0006095252567825,0.6241538629453327,4096,0.0139558017158836,57.16296382825949,0.0139558017158836,57.16296382825949,32768,0.0130929064305596,429.0283579165792,0.0303854590001719,0.0130929064305596,429.0283579165792,complete,complete,0.0130929064305596,512,0.0,0
343.7270062987465,6913.957790098369,False,1146847232,0.0058206250000694,False,512,1,0.3,512,0.0038242499999796,0.5,0.1907293353921917,6.335814212124214,2035,20.772605959313044,0.0030044450067459,cutoff_1e-10,complete,0.0517639169997892,0.0683179580000796,1024,0.0392017009087452,40.14254173055518,0.0435045587784486,44.54866818913146,4096,0.3393302628808005,1389.8967567597588,0.2548465291293346,1043.8513833137547,32768,0.3470466598884533,11372.02495122484,0.0303854590001719,0.2529343556797234,8288.152966913178,complete,complete,0.2529343556797234,512,0.0,0
84.57842867915944,6913.957790098369,False,1146847232,0.0058206250000694,False,512,0,0.0,512,0.0038242499999796,0.5,0.0242551720610817,0.7900340897362164,2035,20.772605959313044,0.0030044450067459,cutoff_1e-14,complete,0.0517639169997892,0.0683179580000796,1024,0.0006095252567825,0.6241538629453327,0.0006095252567825,0.6241538629453327,4096,0.0139558017158836,57.16296382825949,0.0139558017158836,57.16296382825949,32768,0.0130929064305596,429.0283579165792,0.0303854590001719,0.0130929064305596,429.0283579165792,complete,complete,0.0130929064305596,512,0.0,0
343.7270062987465,6913.957790098369,False,1146847232,0.0058206250000694,False,512,1,0.3,512,0.0038242499999796,0.5,0.1907293353921917,6.335814212124214,2035,20.772605959313044,0.0030044450067459,cutoff_1e-14,complete,0.0517639169997892,0.0683179580000796,1024,0.0392017009087452,40.14254173055518,0.0435045587784486,44.54866818913146,4096,0.3393302628808005,1389.8967567597588,0.2548465291293346,1043.8513833137547,32768,0.3470466598884533,11372.02495122484,0.0303854590001719,0.2529343556797234,8288.152966913178,complete,complete,0.2529343556797234,512,0.0,0
176.84785780984674,36598.583595344215,False,1146896384,0.006398832999821,False,768,0,0.0,768,0.0056850000000849,0.75,0.0077511688270042,0.2524693534728495,2035,20.73642546345414,0.0005665909285651,cutoff_1e-10,complete,0.0959899999998015,0.1160828749998472,1024,6.224685004199084e-05,0.0637407744429986,6.224685004199084e-05,0.0637407744429986,4096,0.0138373947798614,56.67796901831249,0.0138373947798614,56.67796901831249,32768,0.0149446570475481,489.7065221340582,0.0429723749998629,0.0149446570475481,489.7065221340582,complete,complete,0.0149446570475481,768,0.0,0
1819.1286140739055,36598.583595344215,False,1146896384,0.006398832999821,False,768,1,0.3,768,0.0056850000000849,0.75,0.131479979743839,4.3676171919640785,2035,20.73642546345414,0.0005665909285651,cutoff_1e-10,complete,0.0959899999998015,0.1160828749998472,1024,0.0186289843120509,19.076079935540175,0.063050254941163,64.56346105975094,4096,1.997993335145391,8183.78070075552,1.91126260703668,7828.531638422241,32768,1.8639992927110836,61079.528823556786,0.0429723749998629,1.7700722710528147,58001.72817785863,complete,complete,1.7700722710528147,768,0.0,0
176.84785780984674,36598.583595344215,False,1146896384,0.006398832999821,False,768,0,0.0,768,0.0056850000000849,0.75,0.0077511688270042,0.2524693534728495,2035,20.73642546345414,0.0005665909285651,cutoff_1e-14,complete,0.0959899999998015,0.1160828749998472,1024,6.224685004199084e-05,0.0637407744429986,6.224685004199084e-05,0.0637407744429986,4096,0.0138373947798614,56.67796901831249,0.0138373947798614,56.67796901831249,32768,0.0149446570475481,489.7065221340582,0.0429723749998629,0.0149446570475481,489.7065221340582,complete,complete,0.0149446570475481,768,0.0,0
1819.1286140739055,36598.583595344215,False,1146896384,0.006398832999821,False,768,1,0.3,768,0.0056850000000849,0.75,0.131479979743839,4.3676171919640785,2035,20.73642546345414,0.0005665909285651,cutoff_1e-14,complete,0.0959899999998015,0.1160828749998472,1024,0.0186289843120509,19.076079935540175,0.063050254941163,64.56346105975094,4096,1.997993335145391,8183.78070075552,1.91126260703668,7828.531638422241,32768,1.8639992927110836,61079.528823556786,0.0429723749998629,1.7700722710528147,58001.72817785863,complete,complete,1.7700722710528147,768,0.0,0
282.0858713126525,112916.10224435262,False,1146961920,0.0068894590003765,False,896,0,0.0,896,0.0067038339998362,0.875,0.0033281089889864,0.108402428522686,2035,20.686024367094397,0.0001831981794972,cutoff_1e-10,complete,0.1194863340001575,0.1430729589997099,1024,1.147567041954693e-05,0.011751086509616,1.147567041954693e-05,0.011751086509616,4096,0.0198830157414301,81.44083247689795,0.0198830157414301,81.44083247689795,32768,0.0217529594724494,712.8009759932224,0.0491990410000653,0.0217529594724494,712.8009759932224,complete,complete,0.0217529594724494,896,0.0,0
4891.428547928608,112916.10224435262,False,1146961920,0.0068894590003765,False,896,1,0.3,896,0.0067038339998362,0.875,0.0950526115530084,3.157540951625045,2035,20.686024367094397,0.0001831981794972,cutoff_1e-10,complete,0.1194863340001575,0.1430729589997099,1024,0.009736391466005,9.9700648611892,0.0716658376225312,73.385817725472,4096,7.352659444182983,30116.493083373494,7.264247134204162,29754.356261700246,32768,8.584562468785524,281298.94297716406,0.0491990410000653,8.493813370692717,278325.27653085894,complete,complete,8.493813370692717,896,0.0,0
282.0858713126525,112916.10224435262,False,1146961920,0.0068894590003765,False,896,0,0.0,896,0.0067038339998362,0.875,0.0033281089889864,0.108402428522686,2035,20.686024367094397,0.0001831981794972,cutoff_1e-14,complete,0.1194863340001575,0.1430729589997099,1024,1.147567041954693e-05,0.011751086509616,1.147567041954693e-05,0.011751086509616,4096,0.0198830157414301,81.44083247689795,0.0198830157414301,81.44083247689795,32768,0.0217529594724494,712.8009759932224,0.0491990410000653,0.0217529594724494,712.8009759932224,complete,complete,0.0217529594724494,896,0.0,0
4891.428547928608,112916.10224435262,False,1146961920,0.0068894590003765,False,896,1,0.3,896,0.0067038339998362,0.875,0.0950526115530084,3.157540951625045,2035,20.686024367094397,0.0001831981794972,cutoff_1e-14,complete,0.1194863340001575,0.1430729589997099,1024,0.009736391466005,9.9700648611892,0.0716658376225312,73.385817725472,4096,7.352659444182983,30116.493083373494,7.264247134204162,29754.356261700246,32768,8.584562468785524,281298.94297716406,0.0491990410000653,8.493813370692717,278325.27653085894,complete,complete,8.493813370692717,896,0.0,0
369.6137806051054,261919.44148272445,False,1146978304,0.0069480419997489,False,960,0,0.0,960,0.0073172079996766,0.9375,0.0019502660273675,0.0635236328892929,2035,20.588148808294346,7.860488970098955e-05,cutoff_1e-10,complete,0.1326577499999075,0.1562179580000702,1024,3.940675718216472e-06,0.0040352519354536,3.940675718216472e-06,0.0040352519354536,4096,0.031116720484035,127.4540871026076,0.031116720484035,127.4540871026076,32768,0.02862112526606,937.8570327182572,0.0536099169999033,0.02862112526606,937.8570327182572,complete,complete,0.02862112526606,960,0.0,0
10508.24825421837,261919.44148272445,False,1146978304,0.0069480419997489,False,960,1,0.3,960,0.0073172079996766,0.9375,0.0639809320162556,2.1253746705507637,2035,20.588148808294346,7.860488970098955e-05,cutoff_1e-10,complete,0.1326577499999075,0.1562179580000702,1024,0.0044113452052917,4.517217490218769,0.0769597942418361,78.80682930364021,4096,26.73168359263035,109492.97599541392,26.58983862284664,108911.97899917985,32768,24.665108058335857,808226.2608555492,0.0536099169999033,24.587916380654526,805696.8439612875,complete,complete,24.587916380654526,960,0.0,0
369.6137806051054,261919.44148272445,False,1146978304,0.0069480419997489,False,960,0,0.0,960,0.0073172079996766,0.9375,0.0019502660273675,0.0635236328892929,2035,20.588148808294346,7.860488970098955e-05,cutoff_1e-14,complete,0.1326577499999075,0.1562179580000702,1024,3.940675718216472e-06,0.0040352519354536,3.940675718216472e-06,0.0040352519354536,4096,0.031116720484035,127.4540871026076,0.031116720484035,127.4540871026076,32768,0.02862112526606,937.8570327182572,0.0536099169999033,0.02862112526606,937.8570327182572,complete,complete,0.02862112526606,960,0.0,0
10508.24825421837,261919.44148272445,False,1146978304,0.0069480419997489,False,960,1,0.3,960,0.0073172079996766,0.9375,0.0639809320162556,2.1253746705507637,2035,20.588148808294346,7.860488970098955e-05,cutoff_1e-14,complete,0.1326577499999075,0.1562179580000702,1024,0.0044113452052917,4.517217490218769,0.0769597942418361,78.80682930364021,4096,26.73168359263035,109492.97599541392,26.58983862284664,108911.97899917985,32768,24.665108058335857,808226.2608555492,0.0536099169999033,24.587916380654526,805696.8439612875,complete,complete,24.587916380654526,960,0.0,0
492.9516415051385,506744.03155989846,False,1146978304,0.0070565830001214,False,992,0,0.0,992,0.007331540999985,0.96875,0.0010135424458873,0.0330128799593404,2035,20.56756228868699,4.058767544903161e-05,cutoff_1e-10,complete,0.1405644590004158,0.164060832999894,1024,1.0643068781345926e-06,0.0010898502432098,1.0643068781345926e-06,0.0010898502432098,4096,0.0563132718795229,230.65916161852613,0.0563132718795229,230.65916161852613,32768,0.0514360185506387,1685.4554558673294,0.0552036659996701,0.0514360185506387,1685.4554558673294,complete,complete,0.0514360185506387,992,0.0,0
18574.87419849902,506744.03155989846,False,1146978304,0.0070565830001214,False,992,1,0.3,992,0.007331540999985,0.96875,0.0443991473633965,1.474889787104672,2035,20.56756228868699,4.058767544903161e-05,cutoff_1e-10,complete,0.1405644590004158,0.164060832999894,1024,0.0021243162930719,2.175299884105666,0.0792087614001228,81.10977167372582,4096,63.85871449098373,261565.29455506935,63.70783862250458,260947.30699777877,32768,54.038901477346315,1770746.723609684,0.0552036659996701,53.97399512204534,1768619.8721591816,complete,complete,53.97399512204534,992,0.0,0
492.9516415051385,506744.03155989846,False,1146978304,0.0070565830001214,False,992,0,0.0,992,0.007331540999985,0.96875,0.0010135424458873,0.0330128799593404,2035,20.56756228868699,4.058767544903161e-05,cutoff_1e-14,complete,0.1405644590004158,0.164060832999894,1024,1.0643068781345926e-06,0.0010898502432098,1.0643068781345926e-06,0.0010898502432098,4096,0.0563132718795229,230.65916161852613,0.0563132718795229,230.65916161852613,32768,0.0514360185506387,1685.4554558673294,0.0552036659996701,0.0514360185506387,1685.4554558673294,complete,complete,0.0514360185506387,992,0.0,0
18574.87419849902,506744.03155989846,False,1146978304,0.0070565830001214,False,992,1,0.3,992,0.007331540999985,0.96875,0.0443991473633965,1.474889787104672,2035,20.56756228868699,4.058767544903161e-05,cutoff_1e-14,complete,0.1405644590004158,0.164060832999894,1024,0.0021243162930719,2.175299884105666,0.0792087614001228,81.10977167372582,4096,63.85871449098373,261565.29455506935,63.70783862250458,260947.30699777877,32768,54.038901477346315,1770746.723609684,0.0552036659996701,53.97399512204534,1768619.8721591816,complete,complete,53.97399512204534,992,0.0,0
1202.4329228449772,6335374.783668623,False,1147027456,0.0074208330001965,False,1023,0,0.0,1023,0.0088874579996627,0.9990234375,0.0002266642542057,0.0073828578620775,2035,20.592642151603513,3.2504220910004223e-06,cutoff_1e-10,complete,0.166333833000408,0.1923520830000598,1024,5.3229092003554973e-08,5.4506590211640286e-05,5.3229092003554973e-08,5.4506590211640286e-05,4096,0.289608073927708,1186.234670807892,0.289608073927708,1186.234670807892,32768,0.272235291940792,8920.606046315874,0.0675727090001601,0.272235291940792,8920.606046315874,complete,complete,0.272235291940792,1023,0.0,0
67140.73591191323,6335374.783668623,False,1147027456,0.0074208330001965,False,1023,1,0.3,1023,0.0088874579996627,0.9990234375,0.0081813968110115,0.2717768091816919,2035,20.592642151603513,3.2504220910004223e-06,cutoff_1e-10,complete,0.166333833000408,0.1923520830000598,1024,7.213147852439626e-05,0.0738626340089817,0.0812251630853026,83.1745669993499,4096,1037.3097743102282,4248820.835574695,1037.1718410971205,4248255.8611338055,32768,948.6193388197994,31084358.494447187,0.0675727090001601,948.5067101118892,31080667.876946382,complete,complete,948.5067101118892,1023,0.0,0
1202.4329228449772,6335374.783668623,False,1147027456,0.0074208330001965,False,1023,0,0.0,1023,0.0088874579996627,0.9990234375,0.0002266642542057,0.0073828578620775,2035,20.592642151603513,3.2504220910004223e-06,cutoff_1e-14,complete,0.166333833000408,0.1923520830000598,1024,5.3229092003554973e-08,5.4506590211640286e-05,5.3229092003554973e-08,5.4506590211640286e-05,4096,0.289608073927708,1186.234670807892,0.289608073927708,1186.234670807892,32768,0.272235291940792,8920.606046315874,0.0675727090001601,0.272235291940792,8920.606046315874,complete,complete,0.272235291940792,1023,0.0,0
67140.73591191323,6335374.783668623,False,1147027456,0.0074208330001965,False,1023,1,0.3,1023,0.0088874579996627,0.9990234375,0.0081813968110115,0.2717768091816919,2035,20.592642151603513,3.2504220910004223e-06,cutoff_1e-14,complete,0.166333833000408,0.1923520830000598,1024,7.213147852439626e-05,0.0738626340089817,0.0812251630853026,83.1745669993499,4096,1037.3097743102282,4248820.835574695,1037.1718410971205,4248255.8611338055,32768,948.6193388197994,31084358.494447187,0.0675727090001601,948.5067101118892,31080667.876946382,complete,complete,948.5067101118892,1023,0.0,0
35255.447710495035,98420537.46514793,False,1147043840,0.007089249999808,True,1024,0,0.0,1024,0.0078750839998065,1.0,1.5266997543277074e-12,4.9727326100732885e-11,2035,20.582743454656324,2.0913057360558473e-07,cutoff_1e-10,complete,0.1634777499998563,0.1884343330002593,1024,2.4148505479771776e-24,2.4728069611286302e-21,2.4148505479771776e-24,2.4728069611286302e-21,4096,265.93481197556906,1089268.9898519309,265.93481197556906,1089268.9898519309,32768,295.032658038098,9667630.138592396,0.0582152500001029,295.032658038098,9667630.138592396,complete,complete,295.032658038098,1024,0.0,0
1315499.112137737,98420537.46514793,False,1147043840,0.007089249999808,True,1024,1,0.3,1024,0.0078750839998065,1.0,5.57773579090092e-11,1.8528611565072701e-09,2035,20.582743454656324,2.0913057360558473e-07,cutoff_1e-10,complete,0.1634777499998563,0.1884343330002593,1024,3.3526313137631464e-21,3.4330944652934623e-18,0.0812933756374868,83.24441665278653,4096,373818.10706687515,1531158966.5459206,373815.4342724791,1531148018.7800744,32768,412974.8583625889,13532360158.825314,0.0582152500001029,412976.8374502482,13532425009.569733,complete,complete,412976.8374502482,1024,0.0,0
35255.447710495035,98420537.46514793,False,1147043840,0.007089249999808,True,1024,0,0.0,1024,0.0078750839998065,1.0,1.5266997543277074e-12,4.9727326100732885e-11,2035,20.582743454656324,2.0913057360558473e-07,cutoff_1e-14,complete,0.1634777499998563,0.1884343330002593,1024,2.4148505479771776e-24,2.4728069611286302e-21,2.4148505479771776e-24,2.4728069611286302e-21,4096,265.93481197556906,1089268.9898519309,265.93481197556906,1089268.9898519309,32768,295.032658038098,9667630.138592396,0.0582152500001029,295.032658038098,9667630.138592396,complete,complete,295.032658038098,1024,0.0,0
1315499.112137737,98420537.46514793,False,1147043840,0.007089249999808,True,1024,1,0.3,1024,0.0078750839998065,1.0,5.57773579090092e-11,1.8528611565072701e-09,2035,20.582743454656324,2.0913057360558473e-07,cutoff_1e-14,complete,0.1634777499998563,0.1884343330002593,1024,3.3526313137631464e-21,3.4330944652934623e-18,0.0812933756374868,83.24441665278653,4096,373818.10706687515,1531158966.5459206,373815.4342724791,1531148018.7800744,32768,412974.8583625889,13532360158.825314,0.0582152500001029,412976.8374502482,13532425009.569733,complete,complete,412976.8374502482,1024,0.0,0
3523.7084340389315,9501418.421278352,False,1147060224,0.0072775829999045,True,1025,0,0.0,1024,0.0092379590000746,1.0009765625,1.2905009341424166e-13,4.20339104683091e-12,2035,20.60306390781288,2.168419807896522e-06,cutoff_1e-10,complete,0.1761697080000885,0.2023003330000392,1024,1.7254390910720944e-26,1.766849629257825e-23,1.7254390910720944e-26,1.766849629257825e-23,4096,2.980492708635028,12208.098134569074,2.980492708635028,12208.098134569074,32768,2.882953927392526,94468.63429279828,0.0696150829999169,2.882953927392526,94468.63429279828,complete,complete,2.882953927392526,1024,0.0,0
149205.92956735296,9501418.421278352,False,1147060224,0.0072775829999045,True,1025,1,0.3,1024,0.0092379590000746,1.0009765625,6.179954119969127e-12,2.0529113187052486e-10,2035,20.60306390781288,2.168419807896522e-06,cutoff_1e-10,complete,0.1761697080000885,0.2023003330000392,1024,4.1156688305352763e-23,4.214444882468123e-20,0.0812933756388794,83.24441665421259,4096,5881.883579796649,24092195.142847076,5881.44581068672,24090402.040572803,32768,5524.386663630992,181023102.19386035,0.0696150829999169,5524.19023618664,181016665.6593638,complete,complete,5524.19023618664,1024,0.0,0
3523.7084340389315,9501418.421278352,False,1147060224,0.0072775829999045,True,1025,0,0.0,1024,0.0092379590000746,1.0009765625,1.2905009341424166e-13,4.20339104683091e-12,2035,20.60306390781288,2.168419807896522e-06,cutoff_1e-14,complete,0.1761697080000885,0.2023003330000392,1024,1.7254390910720944e-26,1.766849629257825e-23,1.7254390910720944e-26,1.766849629257825e-23,4096,2.980492708635028,12208.098134569074,2.980492708635028,12208.098134569074,32768,2.882953927392526,94468.63429279828,0.0696150829999169,2.882953927392526,94468.63429279828,complete,complete,2.882953927392526,1024,0.0,0
149205.92956735296,9501418.421278352,False,1147060224,0.0072775829999045,True,1025,1,0.3,1024,0.0092379590000746,1.0009765625,6.179954119969127e-12,2.0529113187052486e-10,2035,20.60306390781288,2.168419807896522e-06,cutoff_1e-14,complete,0.1761697080000885,0.2023003330000392,1024,4.1156688305352763e-23,4.214444882468123e-20,0.0812933756388794,83.24441665421259,4096,5881.883579796649,24092195.142847076,5881.44581068672,24090402.040572803,32768,5524.386663630992,181023102.19386035,0.0696150829999169,5524.19023618664,181016665.6593638,complete,complete,5524.19023618664,1024,0.0,0
410.5452529389047,637817.3911108552,False,1147092992,0.00719004199982,True,1056,0,0.0,1024,0.008041540999784,1.03125,1.9330733332563855e-14,6.296363626638623e-13,2035,20.577717548038017,3.2262710040249636e-05,cutoff_1e-10,complete,0.1826890419997653,0.2081614999997327,1024,3.871503410044714e-28,3.964419491885787e-25,3.871503410044714e-28,3.964419491885787e-25,4096,0.0441908423101207,181.00569010225476,0.0441908423101207,181.00569010225476,32768,0.0472984001631315,1549.8739765454957,0.0586032500000328,0.0472984001631315,1549.8739765454957,complete,complete,0.0472984001631315,1024,0.0,0
23135.722495659196,637817.3911108552,False,1147092992,0.00719004199982,True,1056,1,0.3,1024,0.008041540999784,1.03125,1.0500754799283042e-12,3.488232754469755e-11,2035,20.577717548038017,3.2262710040249636e-05,cutoff_1e-10,complete,0.1826890419997653,0.2081614999997327,1024,1.1882585692730127e-24,1.2167767749355652e-21,0.0812933756389144,83.2444166542484,4096,106.83169156912598,437582.60866714,106.81578985109266,437517.47523007554,32768,105.1584474843384,3445832.007166801,0.0586032500000328,105.13550567040178,3445080.2498077257,complete,complete,105.13550567040178,1024,0.0,0
410.5452529389047,637817.3911108552,False,1147092992,0.00719004199982,True,1056,0,0.0,1024,0.008041540999784,1.03125,1.9330733332563855e-14,6.296363626638623e-13,2035,20.577717548038017,3.2262710040249636e-05,cutoff_1e-14,complete,0.1826890419997653,0.2081614999997327,1024,3.871503410044714e-28,3.964419491885787e-25,3.871503410044714e-28,3.964419491885787e-25,4096,0.0441908423101207,181.00569010225476,0.0441908423101207,181.00569010225476,32768,0.0472984001631315,1549.8739765454957,0.0586032500000328,0.0472984001631315,1549.8739765454957,complete,complete,0.0472984001631315,1024,0.0,0
23135.722495659196,637817.3911108552,False,1147092992,0.00719004199982,True,1056,1,0.3,1024,0.008041540999784,1.03125,1.0500754799283042e-12,3.488232754469755e-11,2035,20.577717548038017,3.2262710040249636e-05,cutoff_1e-14,complete,0.1826890419997653,0.2081614999997327,1024,1.1882585692730127e-24,1.2167767749355652e-21,0.0812933756389144,83.2444166542484,4096,106.83169156912598,437582.60866714,106.81578985109266,437517.47523007554,32768,105.1584474843384,3445832.007166801,0.0586032500000328,105.13550567040178,3445080.2498077257,complete,complete,105.13550567040178,1024,0.0,0
286.6318851668742,346875.020540581,False,1147092992,0.0071705420000398,True,1088,0,0.0,1024,0.0082920830000148,1.0625,1.4701065429149212e-14,4.788398455893077e-13,2035,20.63856634337986,5.949856611530016e-05,cutoff_1e-10,complete,0.1898718749998806,0.2150671669996882,1024,2.23913669652336e-28,2.2928759772399206e-25,2.23913669652336e-28,2.2928759772399206e-25,4096,0.0228460139001723,93.57727293510584,0.0228460139001723,93.57727293510584,32768,0.0248261930215097,813.5046929288316,0.0615906670000185,0.0248261930215097,813.5046929288316,complete,complete,0.0248261930215097,1024,0.0,0
14409.34895892947,346875.020540581,False,1147092992,0.0071705420000398,True,1088,1,0.3,1024,0.0082920830000148,1.0625,5.386561031027207e-13,1.7893550493781993e-11,2035,20.63856634337986,5.949856611530016e-05,cutoff_1e-10,complete,0.1898718749998806,0.2150671669996882,1024,3.126749504624275e-25,3.2017914927352577e-22,0.0812933756389199,83.24441665425404,4096,81.81062084945538,335096.3029993692,81.66535069284242,334501.27643788257,32768,74.31927035197975,2435293.850893673,0.0615906670000185,74.26578526782112,2433541.2516559623,complete,complete,74.26578526782112,1024,0.0,0
286.6318851668742,346875.020540581,False,1147092992,0.0071705420000398,True,1088,0,0.0,1024,0.0082920830000148,1.0625,1.4701065429149212e-14,4.788398455893077e-13,2035,20.63856634337986,5.949856611530016e-05,cutoff_1e-14,complete,0.1898718749998806,0.2150671669996882,1024,2.23913669652336e-28,2.2928759772399206e-25,2.23913669652336e-28,2.2928759772399206e-25,4096,0.0228460139001723,93.57727293510584,0.0228460139001723,93.57727293510584,32768,0.0248261930215097,813.5046929288316,0.0615906670000185,0.0248261930215097,813.5046929288316,complete,complete,0.0248261930215097,1024,0.0,0
14409.34895892947,346875.020540581,False,1147092992,0.0071705420000398,True,1088,1,0.3,1024,0.0082920830000148,1.0625,5.386561031027207e-13,1.7893550493781993e-11,2035,20.63856634337986,5.949856611530016e-05,cutoff_1e-14,complete,0.1898718749998806,0.2150671669996882,1024,3.126749504624275e-25,3.2017914927352577e-22,0.0812933756389199,83.24441665425404,4096,81.81062084945538,335096.3029993692,81.66535069284242,334501.27643788257,32768,74.31927035197975,2435293.850893673,0.0615906670000185,74.26578526782112,2433541.2516559623,complete,complete,74.26578526782112,1024,0.0,0
186.23993893298143,211223.4937649668,False,1147109376,0.0070979159995658,True,1152,0,0.0,1024,0.0088105410000025,1.125,1.7711276030556182e-14,5.768877582739892e-13,2035,20.571095137915172,9.739018501798432e-05,cutoff_1e-10,complete,0.2001844999999775,0.2262689170001977,1024,3.2499949770155132e-28,3.327994856463886e-25,3.2499949770155132e-28,3.327994856463886e-25,4096,0.0185438497940216,75.95560875631267,0.0185438497940216,75.95560875631267,32768,0.0180766107639429,592.3343815128812,0.0643992920004166,0.0180766107639429,592.3343815128812,complete,complete,0.0180766107639429,1024,0.0,0
9292.742094102445,211223.4937649668,False,1147109376,0.0070979159995658,True,1152,1,0.3,1024,0.0088105410000025,1.125,3.166784327766743e-13,1.0519701706787452e-11,2035,20.571095137915172,9.739018501798432e-05,cutoff_1e-10,complete,0.2001844999999775,0.2262689170001977,1024,1.0807043359354183e-25,1.1066412399978683e-22,0.0812933756389174,83.24441665425144,4096,42.49444405905295,174057.2428658809,42.40903499269038,173707.4073300598,32768,42.717468841143415,1399766.0189865874,0.0643992920004166,42.684373066194574,1398681.5366330638,complete,complete,42.684373066194574,1024,0.0,0
186.23993893298143,211223.4937649668,False,1147109376,0.0070979159995658,True,1152,0,0.0,1024,0.0088105410000025,1.125,1.7711276030556182e-14,5.768877582739892e-13,2035,20.571095137915172,9.739018501798432e-05,cutoff_1e-14,complete,0.2001844999999775,0.2262689170001977,1024,3.2499949770155132e-28,3.327994856463886e-25,3.2499949770155132e-28,3.327994856463886e-25,4096,0.0185438497940216,75.95560875631267,0.0185438497940216,75.95560875631267,32768,0.0180766107639429,592.3343815128812,0.0643992920004166,0.0180766107639429,592.3343815128812,complete,complete,0.0180766107639429,1024,0.0,0
9292.742094102445,211223.4937649668,False,1147109376,0.0070979159995658,True,1152,1,0.3,1024,0.0088105410000025,1.125,3.166784327766743e-13,1.0519701706787452e-11,2035,20.571095137915172,9.739018501798432e-05,cutoff_1e-14,complete,0.2001844999999775,0.2262689170001977,1024,1.0807043359354183e-25,1.1066412399978683e-22,0.0812933756389174,83.24441665425144,4096,42.49444405905295,174057.2428658809,42.40903499269038,173707.4073300598,32768,42.717468841143415,1399766.0189865874,0.0643992920004166,42.684373066194574,1398681.5366330638,complete,complete,42.684373066194574,1024,0.0,0
108.86714202618118,122612.56863111028,False,1147158528,0.0076007499997103,True,1280,0,0.0,1024,0.0097862080001505,1.25,9.165810842579784e-15,2.985467597375157e-13,2035,20.503925642452263,0.000167225316877,cutoff_1e-10,complete,0.2259543330001179,0.2539615830000912,1024,8.704117944313468e-29,8.913016774976991e-26,8.704117944313468e-29,8.913016774976991e-26,4096,0.007470209180969,30.59797680524919,0.007470209180969,30.59797680524919,32768,0.0073588732844638,241.13555978530985,0.07296499999984,0.0073588732844638,241.13555978530985,complete,complete,0.0073588732844638,1024,0.0,0
5790.749455781124,122612.56863111028,False,1147158528,0.0076007499997103,True,1280,1,0.3,1024,0.0097862080001505,1.25,2.1782817854351305e-13,7.236007332480967e-12,2035,20.503925642452263,0.000167225316877,cutoff_1e-10,complete,0.2259543330001179,0.2539615830000912,1024,5.1132619253631174e-26,5.235980211571832e-23,0.0812933756389221,83.24441665425628,4096,24.713793698949992,101227.69899089917,24.65158895560765,100972.90836216894,32768,26.134324080914844,856369.5314834176,0.07296499999984,26.075448141404273,854440.2846975352,complete,complete,26.075448141404273,1024,0.0,0
108.86714202618118,122612.56863111028,False,1147158528,0.0076007499997103,True,1280,0,0.0,1024,0.0097862080001505,1.25,9.165810842579784e-15,2.985467597375157e-13,2035,20.503925642452263,0.000167225316877,cutoff_1e-14,complete,0.2259543330001179,0.2539615830000912,1024,8.704117944313468e-29,8.913016774976991e-26,8.704117944313468e-29,8.913016774976991e-26,4096,0.007470209180969,30.59797680524919,0.007470209180969,30.59797680524919,32768,0.0073588732844638,241.13555978530985,0.07296499999984,0.0073588732844638,241.13555978530985,complete,complete,0.0073588732844638,1024,0.0,0
5790.749455781124,122612.56863111028,False,1147158528,0.0076007499997103,True,1280,1,0.3,1024,0.0097862080001505,1.25,2.1782817854351305e-13,7.236007332480967e-12,2035,20.503925642452263,0.000167225316877,cutoff_1e-14,complete,0.2259543330001179,0.2539615830000912,1024,5.1132619253631174e-26,5.235980211571832e-23,0.0812933756389221,83.24441665425628,4096,24.713793698949992,101227.69899089917,24.65158895560765,100972.90836216894,32768,26.134324080914844,856369.5314834176,0.07296499999984,26.075448141404273,854440.2846975352,complete,complete,26.075448141404273,1024,0.0,0
76.63315382397795,75080.82817263698,False,1147158528,0.0081780000000435,True,1536,0,0.0,1024,0.0119299160000991,1.5,7.921760353885397e-15,2.5802582288551237e-13,2035,20.68023194591688,0.0002754395822375,cutoff_1e-10,complete,0.2700955000000249,0.3017567079996297,1024,6.50169192145955e-29,6.657732527574579e-26,6.50169192145955e-29,6.657732527574579e-26,4096,0.0055635789158997,22.78841923952543,0.0055635789158997,22.78841923952543,32768,0.005387474649725,176.53676932218949,0.0902455420000478,0.005387474649725,176.53676932218949,complete,complete,0.005387474649725,1024,0.0,0
3361.9145969266983,75080.82817263698,False,1147158528,0.0081780000000435,True,1536,1,0.3,1024,0.0119299160000991,1.5,1.7659164476387061e-13,5.866176015014453e-12,2035,20.68023194591688,0.0002754395822375,cutoff_1e-10,complete,0.2700955000000249,0.3017567079996297,1024,3.3605489296026215e-26,3.4412021039130844e-23,0.0812933756389243,83.24441665425849,4096,14.6203130147411,59884.80210837955,14.50031687680002,59393.297927372885,32768,15.950694347491034,522672.3523785862,0.0902455420000478,15.866936137613015,519927.7633573033,complete,complete,15.866936137613015,1024,0.0,0
76.63315382397795,75080.82817263698,False,1147158528,0.0081780000000435,True,1536,0,0.0,1024,0.0119299160000991,1.5,7.921760353885397e-15,2.5802582288551237e-13,2035,20.68023194591688,0.0002754395822375,cutoff_1e-14,complete,0.2700955000000249,0.3017567079996297,1024,6.50169192145955e-29,6.657732527574579e-26,6.50169192145955e-29,6.657732527574579e-26,4096,0.0055635789158997,22.78841923952543,0.0055635789158997,22.78841923952543,32768,0.005387474649725,176.53676932218949,0.0902455420000478,0.005387474649725,176.53676932218949,complete,complete,0.005387474649725,1024,0.0,0
3361.9145969266983,75080.82817263698,False,1147158528,0.0081780000000435,True,1536,1,0.3,1024,0.0119299160000991,1.5,1.7659164476387061e-13,5.866176015014453e-12,2035,20.68023194591688,0.0002754395822375,cutoff_1e-14,complete,0.2700955000000249,0.3017567079996297,1024,3.3605489296026215e-26,3.4412021039130844e-23,0.0812933756389243,83.24441665425849,4096,14.6203130147411,59884.80210837955,14.50031687680002,59393.297927372885,32768,15.950694347491034,522672.3523785862,0.0902455420000478,15.866936137613015,519927.7633573033,complete,complete,15.866936137613015,1024,0.0,0
55.60819715872023,46816.82075831131,False,994361344,0.0094277919997693,True,2048,0,0.0,1024,0.0191798750001908,2.0,4.618508006428015e-15,1.5043301938279713e-13,2035,20.827289658443178,0.0004448676633973,cutoff_1e-10,complete,0.3463392919998114,0.3884966249997887,1024,2.2099700508422866e-29,2.2630093320625015e-26,2.2099700508422866e-29,2.2630093320625015e-26,4096,0.0043482004980201,17.81022923989069,0.0043482004980201,17.81022923989069,32768,0.0041029452309244,134.44530932693323,0.1271461249998537,0.0041029452309244,134.44530932693323,complete,complete,0.0041029452309244,1024,0.0,0
2328.4834459146086,46816.82075831131,False,994361344,0.0094277919997693,True,2048,1,0.3,1024,0.0191798750001908,2.0,1.1017475956336525e-13,3.659881716798113e-12,2035,20.827289658443178,0.0004448676633973,cutoff_1e-10,complete,0.3463392919998114,0.3884966249997887,1024,1.3080795098587015e-26,1.3394734180953106e-23,0.0812933756389243,83.24441665425854,4096,10.952889906403474,44863.03705662863,10.847004591252404,44429.33080576985,32768,11.376442599812982,372783.2711106718,0.1271461249998537,11.287591792042662,369871.80784165394,complete,complete,11.287591792042662,1024,0.0,0
55.60819715872023,46816.82075831131,False,994361344,0.0094277919997693,True,2048,0,0.0,1024,0.0191798750001908,2.0,4.618508006428015e-15,1.5043301938279713e-13,2035,20.827289658443178,0.0004448676633973,cutoff_1e-14,complete,0.3463392919998114,0.3884966249997887,1024,2.2099700508422866e-29,2.2630093320625015e-26,2.2099700508422866e-29,2.2630093320625015e-26,4096,0.0043482004980201,17.81022923989069,0.0043482004980201,17.81022923989069,32768,0.0041029452309244,134.44530932693323,0.1271461249998537,0.0041029452309244,134.44530932693323,complete,complete,0.0041029452309244,1024,0.0,0
2328.4834459146086,46816.82075831131,False,994361344,0.0094277919997693,True,2048,1,0.3,1024,0.0191798750001908,2.0,1.1017475956336525e-13,3.659881716798113e-12,2035,20.827289658443178,0.0004448676633973,cutoff_1e-14,complete,0.3463392919998114,0.3884966249997887,1024,1.3080795098587015e-26,1.3394734180953106e-23,0.0812933756389243,83.24441665425854,4096,10.952889906403474,44863.03705662863,10.847004591252404,44429.33080576985,32768,11.376442599812982,372783.2711106718,0.1271461249998537,11.287591792042662,369871.80784165394,complete,complete,11.287591792042662,1024,0.0,0
41.521387172776954,30947.305295697828,False,994361344,0.0104931249998116,True,3072,0,0.0,1024,0.020338416999948,3.0,1.1981267998757822e-14,3.9025120635908436e-13,2035,20.898257170350288,0.0006752851975533,cutoff_1e-10,complete,0.5146266659999128,0.5633186250001927,1024,1.4872656646945374e-28,1.5229600406472065e-25,1.4872656646945374e-28,1.5229600406472065e-25,4096,0.0035445971406881,14.518669888258652,0.0035445971406881,14.518669888258652,32768,0.0035068453781448,114.91230935105192,0.1581087919998935,0.0035068453781448,114.91230935105192,complete,complete,0.0035068453781448,1024,0.0,0
1606.554604289597,30947.305295697828,False,994361344,0.0104931249998116,True,3072,1,0.3,1024,0.020338416999948,3.0,9.088572356626485e-14,3.0191216147545368e-12,2035,20.898257170350288,0.0006752851975533,cutoff_1e-10,complete,0.5146266659999128,0.5633186250001927,1024,8.9014602780059e-27,9.11509532467804e-24,0.0812933756389267,83.24441665426099,4096,8.608936453087317,35262.20371184565,8.537625337720023,34970.11338330121,32768,8.249422984910957,270317.09236956225,0.1581087919998935,8.155040861302332,267224.3789431548,complete,complete,8.155040861302332,1024,0.0,0
41.521387172776954,30947.305295697828,False,994361344,0.0104931249998116,True,3072,0,0.0,1024,0.020338416999948,3.0,1.1981267998757822e-14,3.9025120635908436e-13,2035,20.898257170350288,0.0006752851975533,cutoff_1e-14,complete,0.5146266659999128,0.5633186250001927,1024,1.4872656646945374e-28,1.5229600406472065e-25,1.4872656646945374e-28,1.5229600406472065e-25,4096,0.0035445971406881,14.518669888258652,0.0035445971406881,14.518669888258652,32768,0.0035068453781448,114.91230935105192,0.1581087919998935,0.0035068453781448,114.91230935105192,complete,complete,0.0035068453781448,1024,0.0,0
1606.554604289597,30947.305295697828,False,994361344,0.0104931249998116,True,3072,1,0.3,1024,0.020338416999948,3.0,9.088572356626485e-14,3.0191216147545368e-12,2035,20.898257170350288,0.0006752851975533,cutoff_1e-14,complete,0.5146266659999128,0.5633186250001927,1024,8.9014602780059e-27,9.11509532467804e-24,0.0812933756389267,83.24441665426099,4096,8.608936453087317,35262.20371184565,8.537625337720023,34970.11338330121,32768,8.249422984910957,270317.09236956225,0.1581087919998935,8.155040861302332,267224.3789431548,complete,complete,8.155040861302332,1024,0.0,0
36.727820571838606,25787.15328957377,False,1027915776,0.0119857499998943,True,4096,0,0.0,1024,0.0293091660000754,4.0,1.1196832287516268e-14,3.647007401934915e-13,2035,20.914683583273177,0.0008110505005501,cutoff_1e-10,complete,0.6775885829997605,0.7448285840000608,1024,1.2988928700945367e-28,1.3300662989768056e-25,1.2988928700945367e-28,1.3300662989768056e-25,4096,0.0035924372477109,14.714622966623851,0.0035924372477109,14.714622966623851,32768,0.0033799550480624,110.7543670149117,0.2131691669997053,0.0033799550480624,110.7543670149117,complete,complete,0.0033799550480624,1024,0.0,0
1311.4067572727151,25787.15328957377,False,1027915776,0.0119857499998943,True,4096,1,0.3,1024,0.0293091660000754,4.0,6.473021052071645e-14,2.1502648605555695e-12,2035,20.914683583273177,0.0008110505005501,cutoff_1e-10,complete,0.6775885829997605,0.7448285840000608,1024,4.5152724321680305e-27,4.623638970540063e-24,0.081293375638926,83.2444166542603,4096,7.277981942236204,29810.614035399492,7.200367771699025,29492.706392879205,32768,6.887553367347545,225691.34874124435,0.2131691669997053,6.787449523298406,222411.14597944217,complete,complete,6.787449523298406,1024,0.0,0
36.727820571838606,25787.15328957377,False,1027915776,0.0119857499998943,True,4096,0,0.0,1024,0.0293091660000754,4.0,1.1196832287516268e-14,3.647007401934915e-13,2035,20.914683583273177,0.0008110505005501,cutoff_1e-14,complete,0.6775885829997605,0.7448285840000608,1024,1.2988928700945367e-28,1.3300662989768056e-25,1.2988928700945367e-28,1.3300662989768056e-25,4096,0.0035924372477109,14.714622966623851,0.0035924372477109,14.714622966623851,32768,0.0033799550480624,110.7543670149117,0.2131691669997053,0.0033799550480624,110.7543670149117,complete,complete,0.0033799550480624,1024,0.0,0
1311.4067572727151,25787.15328957377,False,1027915776,0.0119857499998943,True,4096,1,0.3,1024,0.0293091660000754,4.0,6.473021052071645e-14,2.1502648605555695e-12,2035,20.914683583273177,0.0008110505005501,cutoff_1e-14,complete,0.6775885829997605,0.7448285840000608,1024,4.5152724321680305e-27,4.623638970540063e-24,0.081293375638926,83.2444166542603,4096,7.277981942236204,29810.614035399492,7.200367771699025,29492.706392879205,32768,6.887553367347545,225691.34874124435,0.2131691669997053,6.787449523298406,222411.14597944217,complete,complete,6.787449523298406,1024,0.0,0
26.870262965843686,18578.26622212916,False,1095057408,0.0192402500001662,True,8192,0,0.0,1024,0.0611315420001119,8.0,1.171729937745571e-14,3.816532789181179e-13,2035,20.920162221385272,0.0011260556809368,cutoff_1e-10,complete,1.336701209000239,1.4665670419999517,1024,1.4224533721577212e-28,1.4565922530895068e-25,1.4224533721577212e-28,1.4565922530895068e-25,4096,0.0022854853384522,9.361347946300338,0.0022854853384522,9.361347946300338,32768,0.0020960071350475,68.68196180123937,0.4342002499997761,0.0020960071350475,68.68196180123937,complete,complete,0.0020960071350475,1024,0.0,0
1002.4043665018768,18578.26622212916,False,1095057408,0.0192402500001662,True,8192,1,0.3,1024,0.0611315420001119,8.0,5.456327456354843e-14,1.812530671954088e-12,2035,20.920162221385272,0.0011260556809368,cutoff_1e-10,complete,1.336701209000239,1.4665670419999517,1024,3.2082689812249383e-27,3.285267436774337e-24,0.0812933756389251,83.2444166542594,4096,5.689777638057523,23305.329205483613,5.599178926069687,22934.23688118144,32768,5.249717373298408,172022.73888824222,0.4342002499997761,5.15104805143024,168789.5425492661,complete,complete,5.15104805143024,1024,0.0,0
26.870262965843686,18578.26622212916,False,1095057408,0.0192402500001662,True,8192,0,0.0,1024,0.0611315420001119,8.0,1.171729937745571e-14,3.816532789181179e-13,2035,20.920162221385272,0.0011260556809368,cutoff_1e-14,complete,1.336701209000239,1.4665670419999517,1024,1.4224533721577212e-28,1.4565922530895068e-25,1.4224533721577212e-28,1.4565922530895068e-25,4096,0.0022854853384522,9.361347946300338,0.0022854853384522,9.361347946300338,32768,0.0020960071350475,68.68196180123937,0.4342002499997761,0.0020960071350475,68.68196180123937,complete,complete,0.0020960071350475,1024,0.0,0
1002.4043665018768,18578.26622212916,False,1095057408,0.0192402500001662,True,8192,1,0.3,1024,0.0611315420001119,8.0,5.456327456354843e-14,1.812530671954088e-12,2035,20.920162221385272,0.0011260556809368,cutoff_1e-14,complete,1.336701209000239,1.4665670419999517,1024,3.2082689812249383e-27,3.285267436774337e-24,0.0812933756389251,83.2444166542594,4096,5.689777638057523,23305.329205483613,5.599178926069687,22934.23688118144,32768,5.249717373298408,172022.73888824222,0.4342002499997761,5.15104805143024,168789.5425492661,complete,complete,5.15104805143024,1024,0.0,0
