seed,n_features,noise_std,solver,coefficient_norm,condition_number,condition_number_is_infinite,cpu_rss_bytes,feature_seconds,interpolates,noise_index,numerical_rank,prediction_seconds,ratio,relative_residual,residual_l2,singular_max,singular_min,status,svd_seconds,total_seconds,train_count,train_observed_mse,train_observed_sse,train_signal_mse,train_signal_sse,validation_count,validation_observed_mse,validation_observed_sse,validation_signal_mse,validation_signal_sse,test_count,test_observed_mse,test_observed_sse,test_prediction_seconds,test_signal_mse,test_signal_sse,status_test,fit_status
2026,64,0.0,minimum_norm,7.496939922927444,60.74622347834473,False,698138624,0.006609166000089317,False,0,64,0.0007843749999665306,0.0625,0.2775091874825912,9.038967762179974,20.38922878098958,0.3356460305430853,complete,0.0025412499999220017,0.015675332999990133,1024,0.07978802559153211,81.70293820572888,0.07978802559153211,81.70293820572888,4096,0.0954314059332132,390.88703870244126,0.0954314059332132,390.88703870244126,32768,0.09689832576561774,3175.164338687762,0.008872583000083978,0.09689832576561774,3175.164338687762,complete,complete
2026,64,0.0,ridge,6.684657194893165,60.74622347834473,False,698138624,0.006609166000089317,False,0,64,0.0007843749999665306,0.0625,0.2783701225295966,9.067009947758788,20.38922878098958,0.3356460305430853,complete,0.0025412499999220017,0.015675332999990133,1024,0.0802838568288641,82.21066939275684,0.0802838568288641,82.21066939275684,4096,0.09446863130338146,386.94351381865044,0.09446863130338146,386.94351381865044,32768,0.09595044540006628,3144.104194869372,0.008872583000083978,0.09595044540006628,3144.104194869372,complete,complete
2026,64,0.3,minimum_norm,7.360208524643703,60.74622347834473,False,698138624,0.006609166000089317,False,1,64,0.0007843749999665306,0.0625,0.38372702617836557,12.746980641639572,20.38922878098958,0.3356460305430853,complete,0.0025412499999220017,0.015675332999990133,1024,0.15867726120931058,162.48551547833404,0.0865753762820142,88.65318531278254,4096,0.18957816719506865,776.5121728310012,0.09878680964445574,404.6307723036907,32768,0.19289982788514726,6320.941560140505,0.008872583000083978,0.10164852374854802,3330.8188261924215,complete,complete
2026,64,0.3,ridge,6.580189976582625,60.74622347834473,False,698138624,0.006609166000089317,False,1,64,0.0007843749999665306,0.0625,0.384290814345335,12.765709051055813,20.38922878098958,0.3356460305430853,complete,0.0025412499999220017,0.015675332999990133,1024,0.15914387458614077,162.96332757620814,0.08664926374988055,88.72884607987768,4096,0.18851040111310924,772.1386029592954,0.09787200746063454,400.8837425587591,32768,0.19172827648508994,6282.552163863427,0.008872583000083978,0.10055250251334688,3294.9044023573506,complete,complete
2026,128,0.0,minimum_norm,19.08402395257027,157.08739519423955,False,698155008,0.004913917000067158,False,0,128,0.0011678749999646243,0.125,0.19478766381661733,6.344580623368393,20.82109355642245,0.13254464835117444,complete,0.006729541999902722,0.01832916699981979,1024,0.03931025711564615,40.253703286421654,0.03931025711564615,40.253703286421654,4096,0.0735428989416468,301.2317140649853,0.0735428989416468,301.2317140649853,32768,0.07054758525550531,2311.703273652398,0.011099207999905047,0.07054758525550531,2311.703273652398,complete,complete
2026,128,0.0,ridge,10.076852215109742,157.08739519423955,False,698155008,0.004913917000067158,False,0,128,0.0011678749999646243,0.125,0.2096299221744327,6.8280193737436585,20.82109355642245,0.13254464835117444,complete,0.006729541999902722,0.01832916699981979,1024,0.045529148992401125,46.62184856821875,0.045529148992401125,46.62184856821875,4096,0.06708719090605784,274.78913395121293,0.06708719090605784,274.78913395121293,32768,0.06706235460775786,2197.4992357870096,0.011099207999905047,0.06706235460775786,2197.4992357870096,complete,complete
2026,128,0.3,minimum_norm,20.788607086289932,157.08739519423955,False,698155008,0.004913917000067158,False,1,128,0.0011678749999646243,0.125,0.3287278981505212,10.91997140734052,20.82109355642245,0.13254464835117444,complete,0.006729541999902722,0.01832916699981979,1024,0.11645095267298289,119.24577553713448,0.05058582001751602,51.799879697936404,4096,0.1769512261279109,724.792222219923,0.08527456984988735,349.2846381051386,32768,0.1735890312053674,5688.165374537479,0.011099207999905047,0.0824530160461478,2701.820429800171,complete,complete
2026,128,0.3,ridge,10.267016341389526,157.08739519423955,False,698155008,0.004913917000067158,False,1,128,0.0011678749999646243,0.125,0.33883003065260336,11.255552897979292,20.82109355642245,0.13254464835117444,complete,0.006729541999902722,0.01832916699981979,1024,0.12371823343672844,126.68747103920992,0.054052333251342045,55.349589249374255,4096,0.16519610358355233,676.6432402782303,0.0743593870782916,304.57604947268237,32768,0.16537321962987941,5418.949660831889,0.011099207999905047,0.07413860413756007,2429.3737803795684,complete,complete
2026,256,0.0,minimum_norm,48.87066670772377,813.2285473002961,False,306298880,0.007933249999950931,False,0,256,0.0025638749998506682,0.25,0.09994312613104027,3.2553253582158654,20.311121326163477,0.024975907933373752,complete,0.02642037500004335,0.043742625000049884,1024,0.010348772644378161,10.597143187843237,0.010348772644378161,10.597143187843237,4096,0.04369360793725458,178.96901811099477,0.04369360793725458,178.96901811099477,32768,0.04080552936275736,1337.1155861588331,0.018133042000044952,0.04080552936275736,1337.1155861588331,complete,complete
2026,256,0.0,ridge,12.107703911738547,813.2285473002961,False,306298880,0.007933249999950931,False,0,256,0.0025638749998506682,0.25,0.16183091787913087,5.271120797487912,20.311121326163477,0.024975907933373752,complete,0.02642037500004335,0.043742625000049884,1024,0.02713351021651329,27.78471446170961,0.02713351021651329,27.78471446170961,4096,0.05047233905742246,206.7347007792024,0.05047233905742246,206.7347007792024,32768,0.04885090814085323,1600.7465579594787,0.018133042000044952,0.04885090814085323,1600.7465579594787,complete,complete
2026,256,0.3,minimum_norm,67.52928785161129,813.2285473002961,False,306298880,0.007933249999950931,False,1,256,0.0025638749998506682,0.25,0.25586417458136135,8.499520382392038,20.311121326163477,0.024975907933373752,complete,0.02642037500004335,0.043742625000049884,1024,0.07054867844794702,72.24184673069774,0.032676221496685004,33.460450812605444,4096,0.17341212094721498,710.2960473997925,0.08636705897794149,353.75947357364834,32768,0.17887248793416768,5861.293684626807,0.018133042000044952,0.08745937027332777,2865.8686451164044,complete,complete
2026,256,0.3,ridge,12.93480098528307,813.2285473002961,False,306298880,0.007933249999950931,False,1,256,0.0025638749998506682,0.25,0.3017988613132188,10.02541906193565,20.311121326163477,0.024975907933373752,complete,0.02642037500004335,0.043742625000049884,1024,0.09815334703849878,100.50902736742275,0.03720670192155327,38.09966276767055,4096,0.14859983905691654,608.6649407771301,0.05896038847361898,241.50175118794334,32768,0.1495404439705337,4900.141268026448,0.018133042000044952,0.058087977501525806,1903.4268467699976,complete,complete
2026,384,0.0,minimum_norm,71.01481554883682,2367.4468033556227,False,714063872,0.00670945899992148,False,0,384,0.003525750000108019,0.375,0.05100513667891239,1.661328009816591,20.49235888386852,0.008655889904188183,complete,0.029607790999989447,0.04679929200005972,1024,0.002695323004102686,2.7600107562011504,0.002695323004102686,2.7600107562011504,4096,0.026651040016936457,109.16265990937173,0.026651040016936457,109.16265990937173,32768,0.022675883924637645,743.0433644425264,0.023919999999634456,0.022675883924637645,743.0433644425264,complete,complete
2026,384,0.0,ridge,12.707307717343353,2367.4468033556227,False,714063872,0.00670945899992148,False,0,384,0.003525750000108019,0.375,0.13558729544423226,4.41631934279102,20.49235888386852,0.008655889904188183,complete,0.029607790999989447,0.04679929200005972,1024,0.019046754431162202,19.503876537510095,0.019046754431162202,19.503876537510095,4096,0.041461028841077475,169.82437413305334,0.041461028841077475,169.82437413305334,32768,0.03757124204675079,1231.1344593879298,0.023919999999634456,0.03757124204675079,1231.1344593879298,complete,complete
2026,384,0.3,minimum_norm,137.58628993595386,2367.4468033556227,False,714063872,0.00670945899992148,False,1,384,0.003525750000108019,0.375,0.2194965566851772,7.291428979703809,20.49235888386852,0.008655889904188183,complete,0.029607790999989447,0.04679929200005972,1024,0.05191888336529729,53.164936566064426,0.03422731771035335,35.04877333540183,4096,0.20140163524565538,824.9410979662044,0.11161999777117038,457.19551087071386,32768,0.2060656251531009,6752.35840501681,0.023919999999634456,0.11335088946375474,3714.2819459483153,complete,complete
2026,384,0.3,ridge,13.923622853898328,2367.4468033556227,False,714063872,0.00670945899992148,False,1,384,0.003525750000108019,0.375,0.28031281948996806,9.311676894973637,20.49235888386852,0.008655889904188183,complete,0.029607790999989447,0.04679929200005972,1024,0.08467512362928312,86.70732659638591,0.02947439619364408,30.181781702291538,4096,0.14323380661570675,586.6856718979349,0.05274425602032275,216.04047265924197,32768,0.14135107600930347,4631.792058672856,0.023919999999634456,0.04927417218672124,1614.6160742144816,complete,complete
2026,512,0.0,minimum_norm,98.46051436395186,6600.641931797886,False,735117312,0.0062105829999836715,False,0,512,0.004618041000185258,0.5,0.027703659814938192,0.9023574687138461,20.636132180782447,0.0031263826146014813,complete,0.05132299999991119,0.06891770799984442,1024,0.0007951650403746667,0.8142490013436587,0.0007951650403746667,0.8142490013436587,4096,0.019435040415361565,79.60592554132097,0.019435040415361565,79.60592554132097,32768,0.01689449445324367,553.5987942438886,0.03128637499958131,0.01689449445324367,553.5987942438886,complete,complete
2026,512,0.0,ridge,12.865848868158642,6600.641931797886,False,735117312,0.0062105829999836715,False,0,512,0.004618041000185258,0.5,0.11616026762756182,3.7835464975284694,20.636132180782447,0.0031263826146014813,complete,0.05132299999991119,0.06891770799984442,1024,0.01397971103414058,14.315224098959954,0.01397971103414058,14.315224098959954,4096,0.03333317655044445,136.53269115062048,0.03333317655044445,136.53269115062048,32768,0.030438208079053633,997.3992023344294,0.03128637499958131,0.030438208079053633,997.3992023344294,complete,complete
2026,512,0.3,minimum_norm,384.1026096635518,6600.641931797886,False,735117312,0.0062105829999836715,False,1,512,0.004618041000185258,0.5,0.18550552262930875,6.162285021784967,20.636132180782447,0.0031263826146014813,complete,0.05132299999991119,0.06891770799984442,1024,0.03708374676730007,37.97375668971527,0.04533772614115704,46.42583156854481,4096,0.3709892961321718,1519.5721569573757,0.2882069344934389,1180.4956036851258,32768,0.3701485393247268,12129.027336592648,0.03128637499958131,0.27785099972625393,9104.621559029889,complete,complete
2026,512,0.3,ridge,14.174784221307233,6600.641931797886,False,735117312,0.0062105829999836715,False,1,512,0.004618041000185258,0.5,0.2677131926976729,8.893131450278753,20.636132180782447,0.0031263826146014813,complete,0.05132299999991119,0.06891770799984442,1024,0.07723416698431361,79.08778699193714,0.025708305482469565,26.325304814048835,4096,0.13650967947051645,559.1436471112354,0.045965101464590194,188.27305559896143,32768,0.13433591768164668,4401.9193505921985,0.03128637499958131,0.0424902874198178,1392.3217381725897,complete,complete
2026,768,0.0,minimum_norm,153.68069890424022,40136.077173763966,False,735232000,0.006110874999876614,False,0,768,0.005910165999921446,0.75,0.007340995494925127,0.23910927858955752,20.581791942877583,0.0005128002882237686,complete,0.09394391699993321,0.11362212499989255,1024,5.583324912853374e-05,0.05717324710761855,5.583324912853374e-05,0.05717324710761855,4096,0.013583193647704897,55.63676118099926,0.013583193647704897,55.63676118099926,32768,0.01572816135170938,515.380391172813,0.04439979200014932,0.01572816135170938,515.380391172813,complete,complete
2026,768,0.0,ridge,12.579708605804942,40136.077173763966,False,735232000,0.006110874999876614,False,0,768,0.005910165999921446,0.75,0.09284790832969249,3.024221496200301,20.581791942877583,0.0005128002882237686,complete,0.09394391699993321,0.11362212499989255,1024,0.008931558259843741,9.145915658079991,0.008931558259843741,9.145915658079991,4096,0.022427220897408846,91.86189679578663,0.022427220897408846,91.86189679578663,32768,0.02116370676776571,693.4923433661468,0.04439979200014932,0.02116370676776571,693.4923433661468,complete,complete
2026,768,0.3,minimum_norm,1706.1147897243989,40136.077173763966,False,735232000,0.006110874999876614,False,1,768,0.005910165999921446,0.75,0.13180730615336647,4.3784906074941174,20.581791942877583,0.0005128002882237686,complete,0.09394391699993321,0.11362212499989255,1024,0.01872185546866622,19.17117999991421,0.06286911811679512,64.3779769515982,4096,1.9561220917334918,8012.2760877403825,1.8712281328340694,7664.550432088348,32768,1.9991964857224875,65509.67044415447,0.04439979200014932,1.9173148905701252,62826.57433420186,complete,complete
2026,768,0.3,ridge,14.115417011515696,40136.077173763966,False,735232000,0.006110874999876614,False,1,768,0.005910165999921446,0.75,0.25408071615292266,8.44027589735045,20.581791942877583,0.0005128002882237686,complete,0.09394391699993321,0.11362212499989255,1024,0.0695686105697216,71.23825722339492,0.021677748099582804,22.19801405397279,4096,0.12537792799407285,513.5479930637224,0.03680714554984288,150.76206817215643,32768,0.12660431782712933,4148.570286559374,0.04439979200014932,0.03455495203261409,1132.2966682046986,complete,complete
2026,896,0.0,minimum_norm,233.31500685942274,119014.4389694914,False,735395840,0.006301500000063243,False,0,896,0.006401667000091038,0.875,0.003700517951159041,0.12053245071748546,20.827266796809365,0.00017499781519911465,complete,0.12029666699982045,0.14143016599996372,1024,1.4187569996057686e-05,0.01452807167596307,1.4187569996057686e-05,0.01452807167596307,4096,0.018970143436169744,77.70170751455127,0.018970143436169744,77.70170751455127,32768,0.01897149244732067,621.6578645138037,0.051323042000149144,0.01897149244732067,621.6578645138037,complete,complete
2026,896,0.0,ridge,12.617522334083125,119014.4389694914,False,735395840,0.006301500000063243,False,0,896,0.006401667000091038,0.875,0.08644720069207862,2.8157390653432675,20.827266796809365,0.00017499781519911465,complete,0.12029666699982045,0.14143016599996372,1024,0.007742564925879084,7.928386484100182,0.007742564925879084,7.928386484100182,4096,0.021263783614112828,87.09645768340614,0.021263783614112828,87.09645768340614,32768,0.019622756038903677,642.9984698827957,0.051323042000149144,0.019622756038903677,642.9984698827957,complete,complete
2026,896,0.3,minimum_norm,4156.07968944992,119014.4389694914,False,735395840,0.006301500000063243,False,1,896,0.006401667000091038,0.875,0.09530167526032345,3.165814568126071,20.827266796809365,0.00017499781519911465,complete,0.12029666699982045,0.14143016599996372,1024,0.009787482304452408,10.022381879759266,0.07156602762441752,73.28361228740354,4096,7.044411507514422,28853.90953477907,6.9478042756964875,28458.206313252813,32768,6.607881861899134,216527.07285071083,0.051323042000149144,6.52687141676085,213872.52258441952,complete,complete
2026,896,0.3,ridge,14.160361996127087,119014.4389694914,False,735395840,0.006301500000063243,False,1,896,0.006401667000091038,0.875,0.2506397722273137,8.325971606496783,20.827266796809365,0.00017499781519911465,complete,0.12029666699982045,0.14143016599996372,1024,0.06769707342987372,69.32180319219069,0.02088819753498924,21.389514275828983,4096,0.12539259654340634,513.6080754417924,0.036538684823748974,149.6624530380758,32768,0.12574109312811377,4120.284139622032,0.051323042000149144,0.033637726212181154,1102.241012520752,complete,complete
2026,960,0.0,minimum_norm,365.15819544723934,288166.57140277914,False,735428608,0.006767084000102841,False,0,960,0.007151957999894876,0.9375,0.0020469085870846787,0.06667145292963837,21.022813175684867,7.295368464616476e-05,complete,0.12915408300000308,0.15267758300001333,1024,4.340901011473624e-06,0.004445082635748991,4.340901011473624e-06,0.004445082635748991,4096,0.026010211494403378,106.53782628107624,0.026010211494403378,106.53782628107624,32768,0.02655955162217456,870.303387555416,0.05504729199992653,0.02655955162217456,870.303387555416,complete,complete
2026,960,0.0,ridge,12.55464321974019,288166.57140277914,False,735428608,0.006767084000102841,False,0,960,0.007151957999894876,0.9375,0.08526753823226949,2.7773153611005474,21.022813175684867,7.295368464616476e-05,complete,0.12915408300000308,0.15267758300001333,1024,0.00753269591309088,7.713480615005061,0.00753269591309088,7.713480615005061,4096,0.020138417639618916,82.48695865187908,0.020138417639618916,82.48695865187908,32768,0.018924606256466574,620.1214978118967,0.05504729199992653,0.018924606256466574,620.1214978118967,complete,complete
2026,960,0.3,minimum_norm,10270.205097107806,288166.57140277914,False,735428608,0.006767084000102841,False,1,960,0.007151957999894876,0.9375,0.06778273728294217,2.2516663696796404,21.022813175684867,7.295368464616476e-05,complete,0.12915408300000308,0.15267758300001333,1024,0.004951173281588175,5.070001440346291,0.07637439270023856,78.20737812504429,4096,19.19572157205707,78625.67555914576,19.136893028574814,78384.71384504244,32768,18.683174733817744,612210.2696777398,0.05504729199992653,18.601971594832804,609549.4052194813,complete,complete
2026,960,0.3,ridge,14.167646160713508,288166.57140277914,False,735428608,0.006767084000102841,False,1,960,0.007151957999894876,0.9375,0.24981824083420096,8.298681256716625,21.022813175684867,7.295368464616476e-05,complete,0.12915408300000308,0.15267758300001333,1024,0.0672540142583787,68.86811060057978,0.02059751383186583,21.09185416383061,4096,0.12395910248052672,507.73648376023743,0.03502574251428149,143.465441338497,32768,0.12474667511751025,4087.699050250576,0.05504729199992653,0.032609627993231104,1068.5522900821968,complete,complete
2026,992,0.0,minimum_norm,526.6041348954203,559564.9999584297,False,735444992,0.006996834000119634,False,0,992,0.007113875000186454,0.96875,0.0010373036900528574,0.03378682593910983,20.985935763927188,3.750401788082929e-05,complete,0.13864804199988612,0.16199170799995954,1024,1.1147945381247097e-06,0.0011415496070397027,1.1147945381247097e-06,0.0011415496070397027,4096,0.054787742963999304,224.41059518054115,0.054787742963999304,224.41059518054115,32768,0.049346628483699216,1616.990322153856,0.056749500000023545,0.049346628483699216,1616.990322153856,complete,complete
2026,992,0.0,ridge,12.53035095482966,559564.9999584297,False,735444992,0.006996834000119634,False,0,992,0.007113875000186454,0.96875,0.08477944371809984,2.761417254740544,20.985935763927188,3.750401788082929e-05,complete,0.13864804199988612,0.16199170799995954,1024,0.007446704350369932,7.62542525477881,0.007446704350369932,7.62542525477881,4096,0.02011017445198339,82.37127455532396,0.02011017445198339,82.37127455532396,32768,0.018789108941250104,615.6815217868834,0.056749500000023545,0.018789108941250104,615.6815217868834,complete,complete
2026,992,0.3,minimum_norm,18918.42636232133,559564.9999584297,False,735444992,0.006996834000119634,False,1,992,0.007113875000186454,0.96875,0.04848954070470068,1.6107680578055195,20.985935763927188,3.750401788082929e-05,complete,0.13864804199988612,0.16199170799995954,1024,0.002533763414107976,2.5945737360465673,0.07877821232055256,80.66888941624582,4096,58.78858608492362,240798.04860384716,58.76758119656799,240712.01258114248,32768,66.05915994485532,2164626.5530730193,0.056749500000023545,66.01508068448595,2163182.1638692357,complete,complete
2026,992,0.3,ridge,14.144180111605658,559564.9999584297,False,735444992,0.006996834000119634,False,1,992,0.007113875000186454,0.96875,0.24981894680315742,8.29870470821211,20.985935763927188,3.750401788082929e-05,complete,0.13864804199988612,0.16199170799995954,1024,0.0672543943692401,68.86849983410187,0.020479481434287156,20.970988988710047,4096,0.12380451801734714,507.1033057990539,0.034567487623047545,141.58842930400274,32768,0.12432979219907894,4074.038630779419,0.056749500000023545,0.03226799811437242,1057.3577622117555,complete,complete
2026,1023,0.0,minimum_norm,1804.3020473980373,8591067.800104052,False,735461376,0.007020541999963825,False,0,1023,0.008651417000010042,0.9990234375,5.3475285096553196e-05,0.0017417851367225452,21.011675581357625,2.4457583236746355e-06,complete,0.163259374999825,0.18921324999996614,1024,2.962710412605054e-09,3.0338154625075752e-06,2.962710412605054e-09,3.0338154625075752e-06,4096,0.5274329489356946,2160.365358840605,0.5274329489356946,2160.365358840605,32768,0.5174211222376359,16954.855333482854,0.06845283300026495,0.5174211222376359,16954.855333482854,complete,complete
2026,1023,0.0,ridge,12.542113355469354,8591067.800104052,False,735461376,0.007020541999963825,False,0,1023,0.008651417000010042,0.9990234375,0.08478864204198967,2.761716860508052,21.011675581357625,2.4457583236746355e-06,complete,0.163259374999825,0.18921324999996614,1024,0.007448320329701616,7.627080017614455,0.007448320329701616,7.627080017614455,4096,0.019907786481902938,81.54229342987443,0.019907786481902938,81.54229342987443,32768,0.018786954589593865,615.6109279918118,0.06845283300026495,0.018786954589593865,615.6109279918118,complete,complete
2026,1023,0.3,minimum_norm,161265.28505011534,8591067.800104052,False,735461376,0.007020541999963825,False,1,1023,0.008651417000010042,0.9990234375,0.013922914021602225,0.462503559564452,21.011675581357625,2.4457583236746355e-06,complete,0.163259374999825,0.18921324999996614,1024,0.0002088960377048716,0.2139095426097885,0.08108290619921345,83.02889594799457,4096,4777.598578759927,19569043.77860066,4777.691810785749,19569425.65697843,32768,4589.581570472307,150391408.90123656,0.06845283300026495,4589.571029691049,150391063.5009163,complete,complete
2026,1023,0.3,ridge,14.18779912287708,8591067.800104052,False,735461376,0.007020541999963825,False,1,1023,0.008651417000010042,0.9990234375,0.24927906525141597,8.280770449691502,21.011675581357625,2.4457583236746355e-06,complete,0.163259374999825,0.18921324999996614,1024,0.06696402269578518,68.57115924048402,0.020426098770160658,20.916325140644513,4096,0.12376454459796057,506.9395746732465,0.034507420049632316,141.34239252329397,32768,0.12445845960057084,4078.254804191505,0.06845283300026495,0.03239617807026114,1061.557963006317,complete,complete
2026,1024,0.0,minimum_norm,3139.6854009984195,21251589.367336217,False,382238720,0.008196499999939988,True,0,1024,0.00892795799995838,1.0,1.1999627205496236e-13,3.908491983728015e-12,21.00987658786883,9.886261316605853e-07,complete,0.16675000000009277,0.19359875000009197,1024,1.4918271080923983e-26,1.5276309586866158e-23,1.4918271080923983e-26,1.5276309586866158e-23,4096,1.8077831359254746,7404.679724750744,1.8077831359254746,7404.679724750744,32768,1.6267233316795435,53304.47013247528,0.058652332999827195,1.6267233316795435,53304.47013247528,complete,complete
2026,1024,0.0,ridge,12.545614928796564,21251589.367336217,False,382238720,0.008196499999939988,False,0,1024,0.00892795799995838,1.0,0.08481187704359543,2.7624736658317746,21.00987658786883,9.886261316605853e-07,complete,0.16675000000009277,0.19359875000009197,1024,0.007452403080482466,7.631260754414045,0.007452403080482466,7.631260754414045,4096,0.0199310825940546,81.63771430524764,0.0199310825940546,81.63771430524764,32768,0.018798965250874426,616.0044933406532,0.058652332999827195,0.018798965250874426,616.0044933406532,complete,complete
2026,1024,0.3,minimum_norm,546887.3284723074,21251589.367336217,False,382238720,0.008196499999939988,True,1,1024,0.00892795799995838,1.0,2.1244367126707856e-11,7.057140050963053e-10,21.00987658786883,9.886261316605853e-07,complete,0.16675000000009277,0.19359875000009197,1024,4.863596259658868e-22,4.980322569890681e-19,0.08129337563839947,83.24441665372106,4096,64483.50938107638,264124454.42488885,64482.20206381365,264119099.65338072,32768,55681.87526297589,1824583688.617194,0.058652332999827195,55681.372095645616,1824567200.8301156,complete,complete
2026,1024,0.3,ridge,14.190431096672066,21251589.367336217,False,382238720,0.008196499999939988,False,1,1024,0.00892795799995838,1.0,0.24930176860691827,8.28152462965107,21.00987658786883,9.886261316605853e-07,complete,0.16675000000009277,0.19359875000009197,1024,0.06697622089015356,68.58365019151725,0.02042947474695498,20.9197821408819,4096,0.12376665686812172,506.94822653182655,0.03450927190451758,141.349977720904,32768,0.12446190350869647,4078.367654172966,0.058652332999827195,0.0323997219856892,1061.6740900270638,complete,complete
2026,1025,0.0,minimum_norm,1887.3608202013095,8068094.037876595,False,760889344,0.00695704199983993,True,0,1024,0.01125875000002452,1.0009765625,8.59043095762721e-14,2.7980561362169775e-12,21.003251181521954,2.6032481876041326e-06,complete,0.19128654199994344,0.21955983300017579,1024,7.645623184981914e-27,7.82911814142148e-24,7.645623184981914e-27,7.82911814142148e-24,4096,0.6184875318279256,2533.3249303671832,0.6184875318279256,2533.3249303671832,32768,0.6283383389196563,20589.390689719297,0.07039845799999966,0.6283383389196563,20589.390689719297,complete,complete
2026,1025,0.0,ridge,12.547400484856988,8068094.037876595,False,760889344,0.00695704199983993,False,0,1024,0.01125875000002452,1.0009765625,0.08486607111003552,2.764238862955146,21.003251181521954,2.6032481876041326e-06,complete,0.19128654199994344,0.21955983300017579,1024,0.007461930167452689,7.641016491471554,0.007461930167452689,7.641016491471554,4096,0.01995643137714486,81.74154292078535,0.01995643137714486,81.74154292078535,32768,0.01882427549370399,616.8338593776923,0.07039845799999966,0.01882427549370399,616.8338593776923,complete,complete
2026,1025,0.3,minimum_norm,237322.13362633027,8068094.037876595,False,760889344,0.00695704199983993,True,1,1024,0.01125875000002452,1.0009765625,1.1585841526196384e-11,3.848686372767549e-10,21.003251181521954,2.6032481876041326e-06,complete,0.19128654199994344,0.21955983300017579,1024,1.4465221480397104e-22,1.4812386795926634e-19,0.08129337563883052,83.24441665416245,4096,10655.589929677139,43645296.35195756,10656.314577271463,43648264.508503914,32768,10507.918235306559,344323464.7345253,0.07039845799999966,10507.834787422871,344320730.31427264,complete,complete
2026,1025,0.3,ridge,14.190484691946926,8068094.037876595,False,760889344,0.00695704199983993,False,1,1024,0.01125875000002452,1.0009765625,0.24933472117969802,8.282619277092245,21.003251181521954,2.6032481876041326e-06,complete,0.19128654199994344,0.21955983300017579,1024,0.06699392782154295,68.60178208925998,0.02043864397953217,20.929171435040942,4096,0.12379197655125455,507.05193595393865,0.034528817554723576,141.43003670414777,32768,0.12447971814426215,4078.951404151182,0.07039845799999966,0.03242044911744883,1062.3532766805633,complete,complete
2026,1056,0.0,minimum_norm,478.85039377654937,681766.7230264215,False,786972672,0.007072957999980645,True,0,1024,0.00905325000007906,1.03125,2.6190449003683227e-14,8.530695014779006e-13,20.97708041838431,3.076870681699634e-05,complete,0.18667425000012372,0.2151254999998855,1024,7.106714593278845e-28,7.277275743517538e-25,7.106714593278845e-28,7.277275743517538e-25,4096,0.051968179405842765,212.86166284633197,0.051968179405842765,212.86166284633197,32768,0.05222504501497654,1711.3102750507512,0.060069708000355604,0.05222504501497654,1711.3102750507512,complete,complete
2026,1056,0.0,ridge,12.540253891232922,681766.7230264215,False,786972672,0.007072957999980645,False,0,1024,0.00905325000007906,1.03125,0.08474003858945905,2.760133759622131,20.97708041838431,3.076870681699634e-05,complete,0.18667425000012372,0.2151254999998855,1024,0.00743978356543535,7.618338371005798,0.00743978356543535,7.618338371005798,4096,0.020485750714040712,83.90963492471076,0.020485750714040712,83.90963492471076,32768,0.01915514623391924,627.6758317930656,0.060069708000355604,0.01915514623391924,627.6758317930656,complete,complete
2026,1056,0.3,minimum_norm,26951.953721192498,681766.7230264215,False,786972672,0.007072957999980645,True,1,1024,0.00905325000007906,1.03125,9.28609013561726e-13,3.0847348015620966e-11,20.97708041838431,3.076870681699634e-05,complete,0.18667425000012372,0.2151254999998855,1024,9.292567183562841e-25,9.51558879596835e-22,0.08129337563894709,83.24441665428182,4096,159.38060019554277,652822.9384009432,159.52117193122928,653398.7202303151,32768,158.01025697296805,5177680.100490217,0.060069708000355604,157.95069548315752,5175728.3895921055,complete,complete
2026,1056,0.3,ridge,14.18969885047186,681766.7230264215,False,786972672,0.007072957999980645,False,1,1024,0.00905325000007906,1.03125,0.2492268434168057,8.27903569902388,20.97708041838431,3.076870681699634e-05,complete,0.18667425000012372,0.2151254999998855,1024,0.06693596885323427,68.5424321057119,0.020375424983466048,20.864435183069233,4096,0.12455278905903956,510.16822398582605,0.0349506530056347,143.15787471107973,32768,0.12460800844090984,4083.1552205917337,0.060069708000355604,0.03268980608106428,1071.1795656643144,complete,complete
2026,1088,0.0,minimum_norm,343.98674789626835,367548.4180876075,False,831700992,0.008442999999942913,True,0,1024,0.009829124999896521,1.0625,1.6137001853267825e-14,5.256108486104684e-13,20.98799677586121,5.7102672037235075e-05,complete,0.18812945800004854,0.21646495799996046,1024,2.6979176189161794e-28,2.7626676417701677e-25,2.6979176189161794e-28,2.7626676417701677e-25,4096,0.032570440702294264,133.4085251165973,0.032570440702294264,133.4085251165973,32768,0.031792240865287695,1041.7681486737472,0.06323612500000309,0.031792240865287695,1041.7681486737472,complete,complete
2026,1088,0.0,ridge,12.560999290377572,367548.4180876075,False,831700992,0.008442999999942913,False,0,1024,0.009829124999896521,1.0625,0.08474810502568109,2.7603964977953357,20.98799677586121,5.7102672037235075e-05,complete,0.18812945800004854,0.21646495799996046,1024,0.0074412000244538585,7.619788825040751,0.0074412000244538585,7.619788825040751,4096,0.020625707524661495,84.48289802101348,0.020625707524661495,84.48289802101348,32768,0.019369066036399422,634.6855558807363,0.06323612500000309,0.019369066036399422,634.6855558807363,complete,complete
2026,1088,0.3,minimum_norm,18554.761659485877,367548.4180876075,False,831700992,0.008442999999942913,True,1,1024,0.009829124999896521,1.0625,6.606402620126456e-13,2.194572718745259e-11,20.98799677586121,5.7102672037235075e-05,complete,0.18812945800004854,0.21646495799996046,1024,4.703270915879841e-25,4.816149417860958e-22,0.08129337563893159,83.24441665426595,4096,98.74286795137691,404450.7871288398,98.88336854962623,405026.277579269,32768,100.88067787740579,3305658.052686833,0.06323612500000309,100.837827458422,3304253.930157572,complete,complete
2026,1088,0.3,ridge,14.25431001058226,367548.4180876075,False,831700992,0.008442999999942913,False,1,1024,0.009829124999896521,1.0625,0.24919046564573083,8.277827270344003,20.98799677586121,5.7102672037235075e-05,complete,0.18812945800004854,0.21646495799996046,1024,0.06691642999770592,68.52242431765086,0.020270395271775613,20.756884758298227,4096,0.12469446834071134,510.74854232355364,0.035021497891839094,143.44805536497293,32768,0.12481135045274494,4089.818331635546,0.06323612500000309,0.0328816295074639,1077.465235700577,complete,complete
2026,1152,0.0,minimum_norm,219.20877023519063,232586.22326487914,False,879181824,0.008640167000066867,True,0,1024,0.01034950000007484,1.125,9.998256078372036e-15,3.2566098149847443e-13,20.869236189771893,8.972688019446927e-05,complete,0.20123100000000704,0.23131949999992685,1024,1.035694090532712e-28,1.0605507487054972e-25,1.035694090532712e-28,1.0605507487054972e-25,4096,0.018899094263397885,77.41069010287774,0.018899094263397885,77.41069010287774,32768,0.018978161734096582,621.8764037028768,0.06691720799972245,0.018978161734096582,621.8764037028768,complete,complete
2026,1152,0.0,ridge,12.624031604926161,232586.22326487914,False,879181824,0.008640167000066867,False,0,1024,0.01034950000007484,1.125,0.08520028440523555,2.77512478434899,20.869236189771893,8.972688019446927e-05,complete,0.20123100000000704,0.23131949999992685,1024,0.007520817938191433,7.701317568708028,0.007520817938191433,7.701317568708028,4096,0.02079418863187843,85.17299663617405,0.02079418863187843,85.17299663617405,32768,0.019734355783353877,646.6553703089398,0.06691720799972245,0.019734355783353877,646.6553703089398,complete,complete
2026,1152,0.3,minimum_norm,11870.539726421412,232586.22326487914,False,879181824,0.008640167000066867,True,1,1024,0.01034950000007484,1.125,4.589617169688457e-13,1.5246192533585425e-11,20.869236189771893,8.972688019446927e-05,complete,0.20123100000000704,0.23131949999992685,1024,2.2699842458120702e-25,2.32446386771156e-22,0.0812933756389374,83.2444166542719,4096,59.384002876134836,243236.8757806483,59.36444980257928,243156.78639136473,32768,59.07195399180773,1935669.7884035558,0.06691720799972245,58.99469977412721,1933138.3221986005,complete,complete
2026,1152,0.3,ridge,14.362235924720332,232586.22326487914,False,879181824,0.008640167000066867,False,1,1024,0.01034950000007484,1.125,0.24811109497153824,8.241971789362868,20.869236189771893,8.972688019446927e-05,complete,0.20123100000000704,0.23131949999992685,1024,0.06633798728188801,67.93009897665333,0.020598813997292038,21.093185533227047,4096,0.12479653088302738,511.16659049688013,0.03509995887724366,143.76943156119003,32768,0.12531031599162332,4106.168434413513,0.06691720799972245,0.033366115856035765,1093.34088437058,complete,complete
2026,1280,0.0,minimum_norm,129.91979311935668,117461.247305228,False,932134912,0.009580041000162964,True,0,1024,0.011928249999982654,1.25,7.344995158081705e-15,2.3923955473161915e-13,20.697591774268556,0.00017620783236265995,complete,0.22462174999986928,0.2582430839997869,1024,5.589410600408535e-29,5.72355645481834e-26,5.589410600408535e-29,5.72355645481834e-26,4096,0.009884333265487742,40.48622905543779,0.009884333265487742,40.48622905543779,32768,0.010784315199436057,353.3804404551207,0.07474562500010506,0.010784315199436057,353.3804404551207,complete,complete
2026,1280,0.0,ridge,12.71541729810077,117461.247305228,False,932134912,0.009580041000162964,False,0,1024,0.011928249999982654,1.25,0.08442997760934429,2.750034522083399,20.697591774268556,0.00017620783236265995,complete,0.22462174999986928,0.2582430839997869,1024,0.00738543932876022,7.562689872650465,0.00738543932876022,7.562689872650465,4096,0.020803518752409895,85.21121280987093,0.020803518752409895,85.21121280987093,32768,0.01969916863109638,645.5023577037662,0.07474562500010506,0.01969916863109638,645.5023577037662,complete,complete
2026,1280,0.3,minimum_norm,6862.045969769307,117461.247305228,False,932134912,0.009580041000162964,True,1,1024,0.011928249999982654,1.25,3.577335809779735e-13,1.1883507599152065e-11,20.697591774268556,0.00017620783236265995,complete,0.22462174999986928,0.2582430839997869,1024,1.3790796177646962e-25,1.4121775285910489e-22,0.08129337563892941,83.24441665426372,4096,28.92944037975601,118494.98779548061,28.82130119709379,118052.04970329616,32768,28.491335789078285,933604.0911365172,0.07474562500010506,28.403293689358676,930719.1276129051,complete,complete
2026,1280,0.3,ridge,14.492903556328836,117461.247305228,False,932134912,0.009580041000162964,False,1,1024,0.011928249999982654,1.25,0.2469191608427933,8.202377076901413,20.697591774268556,0.00017620783236265995,complete,0.22462174999986928,0.2582430839997869,1024,0.06570213839031025,67.2789897116777,0.020562903174052863,21.05641285023013,4096,0.12481730760299646,511.2516919418735,0.034772226938155015,142.42704153868294,32768,0.1251315525910015,4100.310715301937,0.07474562500010506,0.03320217904514455,1087.9690029512967,complete,complete
2026,1536,0.0,minimum_norm,79.73398661054163,76562.46301213968,False,749895680,0.010312625000096887,True,0,1024,0.01953045799996289,1.5,5.5498142140784805e-15,1.8076731881278892e-13,20.64977504647227,0.000269711477845195,complete,0.4060687500000313,0.44991258400000333,1024,3.191096049879343e-29,3.2676823550764474e-26,3.191096049879343e-29,3.2676823550764474e-26,4096,0.006460076236153887,26.46047226328632,0.006460076236153887,26.46047226328632,32768,0.006911039889620363,226.46095510308007,0.09124304199986,0.006911039889620363,226.46095510308007,complete,complete
2026,1536,0.0,ridge,12.71659955350967,76562.46301213968,False,749895680,0.010312625000096887,False,0,1024,0.01953045799996289,1.5,0.08182180477617475,2.665081694499296,20.64977504647227,0.000269711477845195,complete,0.4060687500000313,0.44991258400000333,1024,0.006936191834331294,7.102660438355245,0.006936191834331294,7.102660438355245,4096,0.019813669372471546,81.15678974964345,0.019813669372471546,81.15678974964345,32768,0.01920336569952101,629.2558872419045,0.09124304199986,0.01920336569952101,629.2558872419045,complete,complete
2026,1536,0.3,minimum_norm,3895.9931243814594,76562.46301213968,False,749895680,0.010312625000096887,True,1,1024,0.01953045799996289,1.5,1.6881850262380456e-13,5.607960967273514e-12,20.64977504647227,0.000269711477845195,complete,0.4060687500000313,0.44991258400000333,1024,3.0712134971155556e-26,3.144922621046329e-23,0.0812933756389281,83.24441665426238,4096,18.528418864541386,75892.40366916152,18.42187325799556,75455.99286474982,32768,18.01440258883612,590295.944030982,0.09124304199986,17.933590056848857,587647.8789828233,complete,complete
2026,1536,0.3,ridge,14.51927343012304,76562.46301213968,False,749895680,0.010312625000096887,False,1,1024,0.01953045799996289,1.5,0.2444741561391822,8.12115676793323,20.64977504647227,0.000269711477845195,complete,0.4060687500000313,0.44991258400000333,1024,0.06440740942319119,65.95318724934778,0.020603749558875936,21.09823954828896,4096,0.1243381220202461,509.28894779492805,0.03385075481237135,138.65269171147304,32768,0.1253236009655177,4106.603756438084,0.09124304199986,0.0334123015999387,1094.8542988267914,complete,complete
2026,2048,0.0,minimum_norm,53.01908798847748,46836.516133533034,False,810139648,0.01265029199998935,True,0,1024,0.021446833000027254,2.0,4.27660699440891e-15,1.392966953802224e-13,20.81351056461783,0.00044438639512122476,complete,0.3758863749999364,0.4253118340000128,1024,1.8948798187353978e-29,1.9403569343850473e-26,1.8948798187353978e-29,1.9403569343850473e-26,4096,0.0037448610745905112,15.338950961522734,0.0037448610745905112,15.338950961522734,32768,0.003818170975731134,125.1138265327578,0.13160079099998256,0.003818170975731134,125.1138265327578,complete,complete
2026,2048,0.0,ridge,12.60790387402347,46836.516133533034,False,810139648,0.01265029199998935,False,0,1024,0.021446833000027254,2.0,0.07738706992806427,2.5206344937074254,20.81351056461783,0.00044438639512122476,complete,0.3758863749999364,0.4253118340000128,1024,0.006204685791862974,6.353598250867686,0.006204685791862974,6.353598250867686,4096,0.019038375604895283,77.98118647765108,0.019038375604895283,77.98118647765108,32768,0.018502690016755433,606.296146469042,0.13160079099998256,0.018502690016755433,606.296146469042,complete,complete
2026,2048,0.3,minimum_norm,2441.6952628804033,46836.516133533034,False,810139648,0.01265029199998935,True,1,1024,0.021446833000027254,2.0,1.0716767212405376e-13,3.5599896509241714e-12,20.81351056461783,0.00044438639512122476,complete,0.3758863749999364,0.4253118340000128,1024,1.2376490541686722e-26,1.2673526314687203e-23,0.08129337563892736,83.24441665426161,4096,13.513986031887354,55353.2867866106,13.386746781880351,54832.11481858192,32768,12.037728098849554,394452.2743431022,0.13160079099998256,11.952601799775348,391662.8557750386,complete,complete
2026,2048,0.3,ridge,14.559427169896079,46836.516133533034,False,810139648,0.01265029199998935,False,1,1024,0.021446833000027254,2.0,0.2421986500492792,8.04556701245835,20.81351056461783,0.00044438639512122476,complete,0.3758863749999364,0.4253118340000128,1024,0.0632140122577713,64.73114855195782,0.01964366511215114,20.115113074842768,4096,0.12286348618008122,503.2488393936127,0.03217534063080796,131.7901952237894,32768,0.1243148206806133,4073.5480440623364,0.13160079099998256,0.03222815483010313,1056.0521774728193,complete,complete
2026,3072,0.0,minimum_norm,38.77334252625844,31727.038437326715,False,900005888,0.012909374999935608,True,0,1024,0.028973291000056633,3.0,4.686563285915227e-15,1.526497008660711e-13,20.796763115729696,0.0006554902108752262,complete,0.5846609170000647,0.6466457500000615,1024,2.2755792162598622e-29,2.330193117450099e-26,2.2755792162598622e-29,2.330193117450099e-26,4096,0.003041569321211297,12.458267939681473,0.003041569321211297,12.458267939681473,32768,0.003098492103276772,101.53138924017327,0.16414670900030615,0.003098492103276772,101.53138924017327,complete,complete
2026,3072,0.0,ridge,12.45140025831869,31727.038437326715,False,900005888,0.012909374999935608,False,0,1024,0.028973291000056633,3.0,0.07062116430987363,2.300256915150268,20.796763115729696,0.0006554902108752262,complete,0.5846609170000647,0.6466457500000615,1024,0.005167169800484993,5.2911818756966325,0.005167169800484993,5.2911818756966325,4096,0.01737892712995852,71.18408552431009,0.01737892712995852,71.18408552431009,32768,0.016366472043520847,536.2965559220911,0.16414670900030615,0.016366472043520847,536.2965559220911,complete,complete
2026,3072,0.3,minimum_norm,1616.7180224067226,31727.038437326715,False,900005888,0.012909374999935608,True,1,1024,0.028973291000056633,3.0,7.203626019039075e-14,2.3929636212701893e-12,20.796763115729696,0.0006554902108752262,complete,0.5846609170000647,0.6466457500000615,1024,5.592065324924353e-27,5.7262748927225374e-24,0.08129337563892794,83.24441665426221,4096,9.359951758676559,38338.362403539184,9.266510656712743,37955.627649895396,32768,8.814926496697382,288847.5114437798,0.16414670900030615,8.727498199892342,285982.66101407225,complete,complete
2026,3072,0.3,ridge,14.516690657451516,31727.038437326715,False,900005888,0.012909374999935608,False,1,1024,0.028973291000056633,3.0,0.23805802771106097,7.908020190918928,20.796763115729696,0.0006554902108752262,complete,0.5846609170000647,0.6466457500000615,1024,0.061071077480450556,62.53678333998137,0.019041089711124545,19.498075864191534,4096,0.12187825160613891,499.213318578745,0.031075628926295798,127.28577608210759,32768,0.1230029286606413,4030.559966351894,0.16414670900030615,0.030789147727555446,1008.8987927365368,complete,complete
2026,4096,0.0,minimum_norm,33.324310163189516,24800.366267904737,False,1047068672,0.04800870799999757,True,0,1024,0.04688091599996369,4.0,6.386630136623248e-15,2.0802390161416212e-13,20.815981874867568,0.0008393417117313489,complete,0.7101840830000583,0.83239308300017,1024,4.2259710588650977e-29,4.32739436427786e-26,4.2259710588650977e-29,4.32739436427786e-26,4096,0.0026724916495036947,10.946525796367133,0.0026724916495036947,10.946525796367133,32768,0.002772766120340265,90.8580002313098,0.22475804200030325,0.002772766120340265,90.8580002313098,complete,complete
2026,4096,0.0,ridge,12.453939678490961,24800.366267904737,False,1047068672,0.04800870799999757,False,0,1024,0.04688091599996369,4.0,0.06771879866190793,2.205721704392007,20.815981874867568,0.0008393417117313489,complete,0.7101840830000583,0.83239308300017,1024,0.0047511799191659945,4.865208237225978,0.0047511799191659945,4.865208237225978,4096,0.01634174532898134,66.93578886750757,0.01634174532898134,66.93578886750757,32768,0.015131124065194184,495.81667336828303,0.22475804200030325,0.015131124065194184,495.81667336828303,complete,complete
2026,4096,0.3,minimum_norm,1377.7475379000869,24800.366267904737,False,1047068672,0.04800870799999757,True,1,1024,0.04688091599996369,4.0,6.624362121557933e-14,2.2005386633220716e-12,20.815981874867568,0.0008393417117313489,complete,0.7101840830000583,0.83239308300017,1024,4.728877352319619e-27,4.84237040877529e-24,0.081293375638928,83.24441665426227,4096,7.777958129868178,31858.51649994006,7.693827088187559,31513.915753216243,32768,7.323907598995282,239989.8042038774,0.22475804200030325,7.231805936531972,236971.81692827964,complete,complete
2026,4096,0.3,ridge,14.530471390596821,24800.366267904737,False,1047068672,0.04800870799999757,False,1,1024,0.04688091599996369,4.0,0.23618460380942494,7.845787153945819,20.815981874867568,0.0008393417117313489,complete,0.7101840830000583,0.83239308300017,1024,0.060113648500997235,61.55637606502117,0.01888443437006343,19.337660794944952,4096,0.12065531335389687,494.2041634975616,0.030243906420454977,123.87904069818359,32768,0.12201135776422839,3998.068171218236,0.22475804200030325,0.029777221926438766,975.7400080855455,complete,complete
2026,8192,0.0,minimum_norm,26.80869576606118,18357.517908846883,False,675348480,0.028075625000155924,True,0,1024,0.07973425000000134,8.0,5.259772041680345e-15,1.7132012944308973e-13,20.956847658914434,0.0011415948366753261,complete,1.3599650410001232,1.5192282079999586,1024,2.866268237538772e-29,2.9350586752397025e-26,2.866268237538772e-29,2.9350586752397025e-26,4096,0.002625535559491421,10.75419365167686,0.002625535559491421,10.75419365167686,32768,0.002550750602282364,83.5829957355885,0.4479607500002203,0.002550750602282364,83.5829957355885,complete,complete
2026,8192,0.0,ridge,12.390933018597398,18357.517908846883,False,675348480,0.028075625000155924,False,0,1024,0.07973425000000134,8.0,0.06486965808118762,2.1129201287300656,20.956847658914434,0.0011415948366753261,complete,1.3599650410001232,1.5192282079999586,1024,0.00435979635780535,4.464431470392678,0.00435979635780535,4.464431470392678,4096,0.014738093309524785,60.36723019581352,0.014738093309524785,60.36723019581352,32768,0.013845943727971273,453.7038840781627,0.4479607500002203,0.013845943727971273,453.7038840781627,complete,complete
2026,8192,0.3,minimum_norm,981.719086195437,18357.517908846883,False,675348480,0.028075625000155924,True,1,1024,0.07973425000000134,8.0,4.1054367444273236e-14,1.363779956493493e-12,20.956847658914434,0.0011415948366753261,complete,1.3599650410001232,1.5192282079999586,1024,1.8163044626302674e-27,1.859895769733394e-24,0.08129337563892772,83.24441665426198,4096,5.098321264603678,20882.723899816665,5.0008326135260095,20483.410385002535,32768,4.976278689247032,163062.70008924673,0.4479607500002203,4.88484242880735,160066.51670715926,complete,complete
2026,8192,0.3,ridge,14.587613276460566,18357.517908846883,False,675348480,0.028075625000155924,False,1,1024,0.07973425000000134,8.0,0.23380248378449386,7.766655803344144,20.956847658914434,0.0011415948366753261,complete,1.3599650410001232,1.5192282079999586,1024,0.058907170280878204,60.32094236761928,0.01844105113073316,18.883636357870756,4096,0.11927242235881644,488.53984198171213,0.028705614231148452,117.57819589078406,32768,0.12072186680654226,3955.814131516777,0.4479607500002203,0.028535362451276036,935.0467568034131,complete,complete
2027,64,0.0,minimum_norm,9.338589440875262,104.79645333151169,False,1049018368,0.005975167000087822,False,0,64,0.0009804999999687425,0.0625,0.3648470504791275,11.88371728274461,22.985491714657993,0.2193346337966801,complete,0.002639249999901949,0.016545209000014438,1024,0.13791282857051076,141.22273645620302,0.13791282857051076,141.22273645620302,4096,0.17278406782316802,707.7235418036962,0.17278406782316802,707.7235418036962,32768,0.17669307898675551,5789.878812238005,0.007876416000272002,0.17669307898675551,5789.878812238005,complete,complete
2027,64,0.0,ridge,7.411575882258974,104.79645333151169,False,1049018368,0.005975167000087822,False,0,64,0.0009804999999687425,0.0625,0.3660370400440339,11.922477359166203,22.985491714657993,0.2193346337966801,complete,0.002639249999901949,0.016545209000014438,1024,0.13881393201155334,142.14546637983062,0.13881393201155334,142.14546637983062,4096,0.17332496825318536,709.9390699650472,0.17332496825318536,709.9390699650472,32768,0.17680859498736384,5793.664040545938,0.007876416000272002,0.17680859498736384,5793.664040545938,complete,complete
2027,64,0.3,minimum_norm,9.300185037666964,104.79645333151169,False,1049018368,0.005975167000087822,False,1,64,0.0009804999999687425,0.0625,0.43847551722431344,14.565663997023783,22.985491714657993,0.2193346337966801,complete,0.002639249999901949,0.016545209000014438,1024,0.20718610124433068,212.15856767419461,0.14498384300055284,148.4634552325661,4096,0.2735793948245835,1120.581201201494,0.1811613968582355,742.0370815313327,32768,0.278535219331955,9127.042067069502,0.007876416000272002,0.18608672899699735,6097.689935773609,complete,complete
2027,64,0.3,ridge,7.3741303939062925,104.79645333151169,False,1049018368,0.005975167000087822,False,1,64,0.0009804999999687425,0.0625,0.4394292228512784,14.5973450263373,22.985491714657993,0.2193346337966801,complete,0.002639249999901949,0.016545209000014438,1024,0.20808836115032642,213.08248181793425,0.14540433700671507,148.89404109487623,4096,0.2740954030583834,1122.6947709271385,0.1816577338530724,744.0700778621846,32768,0.2781729271929295,9115.170478257915,0.007876416000272002,0.18579025781892863,6087.9751682106535,complete,complete
2027,128,0.0,minimum_norm,29.35433647082785,323.6026705686,False,1049362432,0.01067804200010869,False,0,128,0.001446750000013708,0.125,0.23259043631599874,7.5758841526051235,22.16063744600406,0.06848100915565919,complete,0.007698707999907128,0.031672791000119105,1024,0.05604884833368501,57.39402069369345,0.05604884833368501,57.39402069369345,4096,0.09611823184162994,393.70027762331625,0.09611823184162994,393.70027762331625,32768,0.09842735455164447,3225.267553948286,0.011430000000018481,0.09842735455164447,3225.267553948286,complete,complete
2027,128,0.0,ridge,10.806874144395852,323.6026705686,False,1049362432,0.01067804200010869,False,0,128,0.001446750000013708,0.125,0.2556088482720356,8.325634766250115,22.16063744600406,0.06848100915565919,complete,0.007698707999907128,0.031672791000119105,1024,0.06769159595800055,69.31619426099256,0.06769159595800055,69.31619426099256,4096,0.09672286994326416,396.17687528761,0.09672286994326416,396.17687528761,32768,0.1004540375103735,3291.677901139919,0.011430000000018481,0.1004540375103735,3291.677901139919,complete,complete
2027,128,0.3,minimum_norm,28.213157885438868,323.6026705686,False,1049362432,0.01067804200010869,False,1,128,0.001446750000013708,0.125,0.3447849598037865,11.453368953232024,22.16063744600406,0.06848100915565919,complete,0.007698707999907128,0.031672791000119105,1024,0.12810513708872961,131.17966037885913,0.06875849519227988,70.40869907689459,4096,0.20440880534386824,837.2584666884843,0.10813168411205745,442.9073781229873,32768,0.203026908655633,6652.785742827782,0.011430000000018481,0.11066605571912147,3626.3053138041723,complete,complete
2027,128,0.3,ridge,10.83486757888189,323.6026705686,False,1049362432,0.01067804200010869,False,1,128,0.001446750000013708,0.125,0.3599871158860253,11.958367496653375,22.16063744600406,0.06848100915565919,complete,0.007698707999907128,0.031672791000119105,1024,0.13965093084474217,143.00255318501598,0.07697443034123791,78.82181666942762,4096,0.19938588410239805,816.6845812834224,0.10611149528859629,434.6326847020904,32768,0.2025952748307812,6638.641965655039,0.011430000000018481,0.11003948882418399,3605.773969790861,complete,complete
2027,256,0.0,minimum_norm,66.21336376264611,935.5526382935388,False,1068466176,0.0061541249999663705,False,0,256,0.0043969999999262654,0.25,0.11549228446522314,3.761789097981339,21.730832866908447,0.02322780352214686,complete,0.08210829099994044,0.09996399999999994,1024,0.013819391814151627,14.151057217691266,0.013819391814151627,14.151057217691266,4096,0.050215988039987516,205.68468701178887,0.050215988039987516,205.68468701178887,32768,0.05246282962553489,1719.1020011695273,0.01816279200011195,0.05246282962553489,1719.1020011695273,complete,complete
2027,256,0.0,ridge,13.235630050317592,935.5526382935388,False,1068466176,0.0061541249999663705,False,0,256,0.0043969999999262654,0.25,0.20320250061161405,6.618666822834321,21.730832866908447,0.02322780352214686,complete,0.08210829099994044,0.09996399999999994,1024,0.04278002979657014,43.806750511687824,0.04278002979657014,43.806750511687824,4096,0.06932492561262563,283.95489530931457,0.06932492561262563,283.95489530931457,32768,0.07474724827377438,2449.317831435039,0.01816279200011195,0.07474724827377438,2449.317831435039,complete,complete
2027,256,0.3,minimum_norm,70.19346305822532,935.5526382935388,False,1068466176,0.0061541249999663705,False,1,256,0.0043969999999262654,0.25,0.26120688390387636,8.67699918284627,21.730832866908447,0.02322780352214686,complete,0.08210829099994044,0.09996399999999994,1024,0.0735256980655418,75.2903148191148,0.036499139610594644,37.375118961248916,4096,0.18285608416451432,748.9785207378507,0.09443303598246386,386.79771538417197,32768,0.18635156859051724,6106.368199574069,0.01816279200011195,0.09493757714092385,3110.9145277537928,complete,complete
2027,256,0.3,ridge,14.029340755371889,935.5526382935388,False,1068466176,0.0061541249999663705,False,1,256,0.0043969999999262654,0.25,0.3208336286660311,10.657732645320387,21.730832866908447,0.02322780352214686,complete,0.08210829099994044,0.09996399999999994,1024,0.11092506361242963,113.58726513912794,0.053246047524572224,54.52395266516196,4096,0.170671371017238,699.0699356866069,0.07947018134484155,325.50986278847097,32768,0.17774363706779106,5824.3034994373775,0.01816279200011195,0.08603550090483619,2819.2112936496724,complete,complete
2027,384,0.0,minimum_norm,82.59220460480631,2382.960223533477,False,1075068928,0.006001332999858278,False,0,384,0.004460915999970894,0.375,0.053969154209154074,1.7578713320230732,21.248192771625373,0.00891672154733592,complete,0.03010454199988999,0.04801233399984994,1024,0.0030176871288560246,3.090111619948569,0.0030176871288560246,3.090111619948569,4096,0.029436049073514305,120.57005700511459,0.029436049073514305,120.57005700511459,32768,0.030327780798730268,993.7807212127934,0.023673958000017592,0.030327780798730268,993.7807212127934,complete,complete
2027,384,0.0,ridge,13.770327449886123,2382.960223533477,False,1075068928,0.006001332999858278,False,0,384,0.004460915999970894,0.375,0.16547335230432655,5.389761364468289,21.248192771625373,0.00891672154733592,complete,0.03010454199988999,0.04801233399984994,1024,0.02836867926358894,29.049527565915074,0.02836867926358894,29.049527565915074,4096,0.054640470933641896,223.8073689441972,0.054640470933641896,223.8073689441972,32768,0.05733853650682958,1878.8691642557917,0.023673958000017592,0.05733853650682958,1878.8691642557917,complete,complete
2027,384,0.3,minimum_norm,131.9468456935374,2382.960223533477,False,1075068928,0.006001332999858278,False,1,384,0.004460915999970894,0.375,0.21814037173416023,7.246378039483975,21.248192771625373,0.00891672154733592,complete,0.03010454199988999,0.04801233399984994,1024,0.051279291690542544,52.509994691115566,0.03556384752074725,36.41737986124518,4096,0.21132908590811317,865.6039358796315,0.12105161293189702,495.8274065690502,32768,0.21635845730458328,7089.633928956585,0.023673958000017592,0.12446057253540757,4078.3240408402353,complete,complete
2027,384,0.3,ridge,14.695249321269463,2382.960223533477,False,1075068928,0.006001332999858278,False,1,384,0.004460915999970894,0.375,0.29550746754501,9.81642603016777,21.248192771625373,0.00891672154733592,complete,0.03010454199988999,0.04801233399984994,1024,0.09410373047437041,96.3622200057553,0.03982191862910171,40.777644676200154,4096,0.1572024352125945,643.9011746307871,0.06669730505503471,273.1921615054222,32768,0.16183339082545525,5302.956550568518,0.023673958000017592,0.06985993134377026,2289.170230272664,complete,complete
2027,512,0.0,minimum_norm,98.29605367830455,5978.447753965139,False,1083588608,0.00622370799987948,False,0,512,0.005725875000052838,0.5,0.030338826899861965,0.9881895470845055,21.05614328889139,0.003522008413459186,complete,0.05759279099993364,0.07793441599983453,1024,0.0009536314267256653,0.9765185809670812,0.0009536314267256653,0.9765185809670812,4096,0.025214148038676568,103.27715036641922,0.025214148038676568,103.27715036641922,32768,0.023143533906359703,758.3673190435948,0.03085979200022848,0.023143533906359703,758.3673190435948,complete,complete
2027,512,0.0,ridge,13.897702980272712,5978.447753965139,False,1083588608,0.00622370799987948,False,0,512,0.005725875000052838,0.5,0.14383643967874343,4.685008640892175,21.05614328889139,0.003522008413459186,complete,0.05759279099993364,0.07793441599983453,1024,0.021434869106674165,21.949305965234345,0.021434869106674165,21.949305965234345,4096,0.042160147037755905,172.68796226664819,0.042160147037755905,172.68796226664819,32768,0.04450782561713893,1458.4324298224085,0.03085979200022848,0.04450782561713893,1458.4324298224085,complete,complete
2027,512,0.3,minimum_norm,282.02220551764606,5978.447753965139,False,1083588608,0.00622370799987948,False,1,512,0.005725875000052838,0.5,0.1929332728883749,6.409026539332494,21.05614328889139,0.003522008413459186,complete,0.05759279099993364,0.07793441599983453,1024,0.04011291131041822,41.07562118186826,0.04310785648948444,44.142445045232066,4096,0.33217704341242943,1360.597169817311,0.2458235296920636,1006.8931776186926,32768,0.3441663167212996,11277.641866323545,0.03085979200022848,0.2519290074846408,8255.20971725671,complete,complete
2027,512,0.3,ridge,15.003467806041712,5978.447753965139,False,1083588608,0.00622370799987948,False,1,512,0.005725875000052838,0.5,0.27896893901843983,9.267034695736712,21.05614328889139,0.003522008413459186,complete,0.05759279099993364,0.07793441599983453,1024,0.08386516801951949,85.87793205198795,0.03356750516904873,34.3731252931059,4096,0.14511584988684265,594.3945211365075,0.05475651002343101,224.2826650559734,32768,0.15022464937092567,4922.561310586492,0.03085979200022848,0.05800431197849894,1900.6852949114532,complete,complete
2027,768,0.0,minimum_norm,236.08668160809728,37809.3445569509,False,1099595776,0.007428417000028276,False,0,768,0.006985374999885607,0.75,0.008706253899193118,0.2835781728094932,21.063275013198975,0.0005570917787657519,complete,0.09938474999989921,0.12236287500013532,1024,7.853181649801842e-05,0.08041658009397086,7.853181649801842e-05,0.08041658009397086,4096,0.030294380616865915,124.08578300668279,0.030294380616865915,124.08578300668279,32768,0.028158447140516567,922.6959959004469,0.04465833399990515,0.028158447140516567,922.6959959004469,complete,complete
2027,768,0.0,ridge,13.789921801571722,37809.3445569509,False,1099595776,0.007428417000028276,False,0,768,0.006985374999885607,0.75,0.1244607226087978,4.053907077902137,21.063275013198975,0.0005570917787657519,complete,0.09938474999989921,0.12236287500013532,1024,0.01604898691041509,16.434162596265054,0.01604898691041509,16.434162596265054,4096,0.03728003102785882,152.69900709010972,0.03728003102785882,152.69900709010972,32768,0.03795596736221686,1243.741138525122,0.04465833399990515,0.03795596736221686,1243.741138525122,complete,complete
2027,768,0.3,minimum_norm,1806.017422673718,37809.3445569509,False,1099595776,0.007428417000028276,False,1,768,0.006985374999885607,0.75,0.13843544593240126,4.598669963363008,21.063275013198975,0.0005570917787657519,complete,0.09938474999989921,0.12236287500013532,1024,0.02065211467962607,21.147765431937096,0.06110131622806246,62.56774781753596,4096,1.7868786111923163,7319.0547914437275,1.6920427414727048,6930.607069072199,32768,1.626006094391728,53280.967701028145,0.04465833399990515,1.533119074131959,50237.24582115603,complete,complete
2027,768,0.3,ridge,15.157465117638765,37809.3445569509,False,1099595776,0.007428417000028276,False,1,768,0.006985374999885607,0.75,0.26868056936300316,8.925266616125546,21.063275013198975,0.0005570917787657519,complete,0.09938474999989921,0.12236287500013532,1024,0.07779334391496587,79.66038416892505,0.028720724965014065,29.410022364174402,4096,0.14144551110054515,579.3608134678329,0.05092203810517997,208.57666807881716,32768,0.1440046568928491,4718.74459706488,0.04465833399990515,0.05202929927909316,1704.8960787773246,complete,complete
2027,896,0.0,minimum_norm,367.03879998430386,124751.05237329459,False,1105510400,0.00777054200011662,False,0,896,0.008316041999933077,0.875,0.004426215017212932,0.1441696947477618,21.050447243653558,0.00016873963660574154,complete,0.12169954099999813,0.1491785420000724,1024,2.0297754769201978e-05,0.020784900883662825,2.0297754769201978e-05,0.020784900883662825,4096,0.03631513129213053,148.74677777256665,0.03631513129213053,148.74677777256665,32768,0.03454006401518342,1131.8088176495303,0.051597166000192374,0.03454006401518342,1131.8088176495303,complete,complete
2027,896,0.0,ridge,13.776506471068325,124751.05237329459,False,1105510400,0.00777054200011662,False,0,896,0.008316041999933077,0.875,0.11940117261116436,3.889108536511087,21.050447243653558,0.00016873963660574154,complete,0.12169954099999813,0.1491785420000724,1024,0.014770669149183024,15.125165208763416,0.014770669149183024,15.125165208763416,4096,0.034629996617001474,141.84446614323804,0.034629996617001474,141.84446614323804,32768,0.035361739554302,1158.733481715368,0.051597166000192374,0.035361739554302,1158.733481715368,complete,complete
2027,896,0.3,minimum_norm,7275.041557547259,124751.05237329459,False,1105510400,0.00777054200011662,False,1,896,0.008316041999933077,0.875,0.09154221568810002,3.0409295453862772,21.050447243653558,0.00016873963660574154,complete,0.12169954099999813,0.1491785420000724,1024,0.009030520019534355,9.24725250000318,0.0724598971775122,74.19893470977249,4096,13.518046332641209,55369.91777849839,13.47664075882918,55200.32054816432,32768,12.869879423043159,421720.2089342782,0.051597166000192374,12.786243992743707,418979.6431542258,complete,complete
2027,896,0.3,ridge,15.249896143823811,124751.05237329459,False,1105510400,0.00777054200011662,False,1,896,0.008316041999933077,0.875,0.2651577343208884,8.808241994397044,21.050447243653558,0.00016873963660574154,complete,0.12169954099999813,0.1491785420000724,1024,0.0757667256170505,77.58512703185971,0.02752391463337048,28.184488584571373,4096,0.13883497837069797,568.6680714063789,0.04835643859511855,198.0679724856056,32768,0.14207968672585938,4655.66717463296,0.051597166000192374,0.04986140947082705,1633.8586655400609,complete,complete
2027,960,0.0,minimum_norm,580.3987299771455,286277.94579739927,False,1107836928,0.007500124999978652,False,0,960,0.007911708000165163,0.9375,0.002633948432032593,0.08579238467872578,20.98113632092425,7.328939105834137e-05,complete,0.1396127499999693,0.16524395800001912,1024,7.187825457873497e-06,0.007360333268862461,7.187825457873497e-06,0.007360333268862461,4096,0.07383429741597543,302.42528221583535,0.07383429741597543,302.42528221583535,32768,0.06388102632275741,2093.253470544115,0.05536483300011241,0.06388102632275741,2093.253470544115,complete,complete
2027,960,0.0,ridge,13.359549281129706,286277.94579739927,False,1107836928,0.007500124999978652,False,0,960,0.007911708000165163,0.9375,0.10761500554323435,3.5052121144390433,20.98113632092425,7.328939105834137e-05,complete,0.1396127499999693,0.16524395800001912,1024,0.011998546842978724,12.286511967210213,0.011998546842978724,12.286511967210213,4096,0.02892221422490867,118.46538946522591,0.02892221422490867,118.46538946522591,32768,0.029536834379546018,967.8629889489639,0.05536483300011241,0.029536834379546018,967.8629889489639,complete,complete
2027,960,0.3,minimum_norm,11788.626424209831,286277.94579739927,False,1107836928,0.007500124999978652,False,1,960,0.007911708000165163,0.9375,0.06643063543078306,2.206751065415964,20.98113632092425,7.328939105834137e-05,complete,0.1396127499999693,0.16524395800001912,1024,0.0047556154928852425,4.869750264714488,0.07661014859005384,78.44879215621513,4096,27.656020045577954,113279.0581066873,27.580001503166457,112967.68615696981,32768,27.01874528224636,885350.2454086487,0.05536483300011241,26.935357031898995,882617.7792212663,complete,complete
2027,960,0.3,ridge,14.928014582337308,286277.94579739927,False,1107836928,0.007500124999978652,False,1,960,0.007911708000165163,0.9375,0.26109428224303877,8.673258682196087,20.98113632092425,7.328939105834137e-05,complete,0.1396127499999693,0.16524395800001912,1024,0.07346232047684542,75.22541616828971,0.024683355543951437,25.27575607700627,4096,0.13396180715042866,548.7075620881558,0.04356448416729287,178.44012714923159,32768,0.13661295586754185,4476.533337867611,0.05536483300011241,0.04460038145891601,1461.4652996457598,complete,complete
2027,992,0.0,minimum_norm,1079.550115749665,630372.9216761845,False,1108819968,0.007155167000064466,False,0,992,0.007528207999939696,0.96875,0.0012353296623116644,0.0402368840274893,21.01544911508804,3.33381215982552e-05,complete,0.1443672919999699,0.17019125000001623,1024,1.5810613635172124e-06,0.0016190068362416255,1.5810613635172124e-06,0.0016190068362416255,4096,0.2026314583528422,829.9784534132416,0.2026314583528422,829.9784534132416,32768,0.1942304509550922,6364.543416896461,0.056746416999885696,0.1942304509550922,6364.543416896461,complete,complete
2027,992,0.0,ridge,13.426415879230854,630372.9216761845,False,1108819968,0.007155167000064466,False,0,992,0.007528207999939696,0.96875,0.10778529411916946,3.5107587162006215,21.01544911508804,3.33381215982552e-05,complete,0.1443672919999699,0.17019125000001623,1024,0.01203654957361195,12.325426763378637,0.01203654957361195,12.325426763378637,4096,0.029068949887751078,119.06641874022841,0.029068949887751078,119.06641874022841,32768,0.02960588341890677,970.125587870737,0.056746416999885696,0.02960588341890677,970.125587870737,complete,complete
2027,992,0.3,minimum_norm,22987.75083524237,630372.9216761845,False,1108819968,0.007155167000064466,False,1,992,0.007528207999939696,0.96875,0.0473199663496913,1.571916111903401,21.01544911508804,3.33381215982552e-05,complete,0.1443672919999699,0.17019125000001623,1024,0.0024130080692006876,2.470920262861504,0.07888391733962126,80.77713135577217,4096,79.92892781814116,327388.8883431062,79.85570233610463,327088.95676868455,32768,72.82373583613898,2386288.175878602,0.056746416999885696,72.72528746204362,2383062.2195562455,complete,complete
2027,992,0.3,ridge,14.980419080007865,630372.9216761845,False,1108819968,0.007155167000064466,False,1,992,0.007528207999939696,0.96875,0.2610957753751289,8.67330828236639,21.01544911508804,3.33381215982552e-05,complete,0.1443672919999699,0.17019125000001623,1024,0.07346316070406787,75.2262765609655,0.024758205653639835,25.35240258932719,4096,0.13413641524441036,549.4227568411048,0.043861006192038456,179.6546813625895,32768,0.13669348684220595,4479.1721768454045,0.056746416999885696,0.04468060110818233,1464.0939371129186,complete,complete
2027,1023,0.0,minimum_norm,2241.098145801172,4243028.645671181,False,1110261760,0.0077357090001441975,False,0,1023,0.00935641699993539,0.9990234375,0.00020828366252035035,0.006784169302604889,21.012235898832262,4.952178656693574e-06,complete,0.167249166999909,0.19568645799995465,1024,4.494624328750636e-08,4.602495312640651e-05,4.494624328750636e-08,4.602495312640651e-05,4096,0.689600051819362,2824.601812252107,0.689600051819362,2824.601812252107,32768,0.7298434076590272,23915.508782171004,0.0695762499999546,0.7298434076590272,23915.508782171004,complete,complete
2027,1023,0.0,ridge,13.461450683806394,4243028.645671181,False,1110261760,0.0077357090001441975,False,0,1023,0.00935641699993539,0.9990234375,0.10794792748860417,3.5160559742723647,21.012235898832262,4.952178656693574e-06,complete,0.167249166999909,0.19568645799995465,1024,0.012072900013883194,12.36264961421639,0.012072900013883194,12.36264961421639,4096,0.029307426525566123,120.04321904871884,0.029307426525566123,120.04321904871884,32768,0.029873165859341425,978.8838988788998,0.0695762499999546,0.029873165859341425,978.8838988788998,complete,complete
2027,1023,0.3,minimum_norm,86388.62631906269,4243028.645671181,False,1110261760,0.0077357090001441975,False,1,1023,0.00935641699993539,0.9990234375,0.011516239355668378,0.38255653137904777,21.012235898832262,4.952178656693574e-06,complete,0.167249166999909,0.19568645799995465,1024,0.00014291943330153157,0.14634949970076833,0.08115552520612573,83.10325781107275,4096,961.8131565307763,3939586.6891500596,961.9877130545786,3940301.672671554,32768,1003.5756535192139,32885167.0145176,0.0695762499999546,1003.5326601082932,32883758.20642855,complete,complete
2027,1023,0.3,ridge,15.026384330164086,4243028.645671181,False,1110261760,0.0077357090001441975,False,1,1023,0.00935641699993539,0.9990234375,0.26114627575878746,8.674985848367674,21.012235898832262,4.952178656693574e-06,complete,0.167249166999909,0.19568645799995465,1024,0.07349158151306576,75.25537946937933,0.024785526014028163,25.38037863836484,4096,0.13432565304671298,550.1978748793364,0.04398141527119194,180.14787695080219,32768,0.13683174508990803,4483.702623106106,0.0695762499999546,0.044831062414350364,1469.0242531934327,complete,complete
2027,1024,0.0,minimum_norm,3963.411090541035,7989397.0436940435,False,1110458368,0.007508916999995563,True,0,1024,0.008038916000032259,1.0,1.665538108460444e-13,5.4249538206732654e-12,21.002149048953726,2.6287526998712032e-06,complete,0.16354541600003358,0.19001587499997186,1024,2.8740355426208454e-26,2.943012395643746e-23,2.8740355426208454e-26,2.943012395643746e-23,4096,1.941298697983797,7951.559466941632,1.941298697983797,7951.559466941632,32768,2.195751620559701,71950.38910250028,0.0604432079999242,2.195751620559701,71950.38910250028,complete,complete
2027,1024,0.0,ridge,13.464068893003267,7989397.0436940435,False,1110458368,0.007508916999995563,False,0,1024,0.008038916000032259,1.0,0.10799466381238759,3.517578259454464,21.002149048953726,2.6287526998712032e-06,complete,0.16354541600003358,0.19001587499997186,1024,0.01208335626111983,12.373356811386707,0.01208335626111983,12.373356811386707,4096,0.02932588350151822,120.11881882221863,0.02932588350151822,120.11881882221863,32768,0.02989160027559971,979.4879578308513,0.0604432079999242,0.02989160027559971,979.4879578308513,complete,complete
2027,1024,0.3,minimum_norm,177661.590733839,7989397.0436940435,False,1110458368,0.007508916999995563,True,1,1024,0.008038916000032259,1.0,6.598893002433633e-12,2.1920781081281786e-10,21.002149048953726,2.6287526998712032e-06,complete,0.16354541600003358,0.19001587499997186,1024,4.6925844063816546e-23,4.8052064321348143e-20,0.08129337563877079,83.24441665410129,4096,4014.971917750381,16445324.975105561,4015.8872453810654,16449074.157080844,32768,4703.107953225642,154111441.41129783,0.0604432079999242,4703.161116901574,154113183.47863078,complete,complete
2027,1024,0.3,ridge,15.028749708951306,7989397.0436940435,False,1110458368,0.007508916999995563,False,1,1024,0.008038916000032259,1.0,0.26117267836499464,8.675862913279062,21.002149048953726,2.6287526998712032e-06,complete,0.16354541600003358,0.19001587499997186,1024,0.07350644266602636,75.270597290011,0.024791840670014047,25.386844846094384,4096,0.13433393737961336,550.2318075068963,0.0439877282377225,180.17373486171135,32768,0.13683953886433087,4483.958009506394,0.0604432079999242,0.044839294211024526,1469.2939927068517,complete,complete
2027,1025,0.0,minimum_norm,3646.939609553154,7920103.918687801,False,1124990976,0.009059541999931753,True,0,1024,0.009557625000070402,1.0009765625,1.398372889500044e-13,4.554749189516576e-12,21.002518512668527,2.6517983511696414e-06,complete,0.18037216700008685,0.21038883300002453,1024,2.0259511893947176e-26,2.074574017940191e-23,2.0259511893947176e-26,2.074574017940191e-23,4096,1.7265370107572229,7071.895596061585,1.7265370107572229,7071.895596061585,32768,1.9018264002354073,62319.047482913826,0.07107274999998481,1.9018264002354073,62319.047482913826,complete,complete
2027,1025,0.0,ridge,13.463419855380309,7920103.918687801,False,1124990976,0.009059541999931753,False,0,1024,0.009557625000070402,1.0009765625,0.10803778928260296,3.518982932714264,21.002518512668527,2.6517983511696414e-06,complete,0.18037216700008685,0.21038883300002453,1024,0.012093008672592062,12.383240880734272,0.012093008672592062,12.383240880734272,4096,0.02934429254979437,120.19422228395774,0.02934429254979437,120.19422228395774,32768,0.02990157201124444,979.8147116644578,0.07107274999998481,0.02990157201124444,979.8147116644578,complete,complete
2027,1025,0.3,minimum_norm,162623.284742173,7920103.918687801,False,1124990976,0.009059541999931753,True,1,1024,0.009557625000070402,1.0009765625,7.088523768780269e-12,2.3547279470600497e-10,21.002518512668527,2.6517983511696414e-06,complete,0.18037216700008685,0.21038883300002453,1024,5.414788774087537e-23,5.544743704665638e-20,0.08129337563884101,83.2444166541732,4096,3351.1827384165135,13726444.49655404,3351.81676602866,13729041.473653391,32768,4030.574599512083,132073868.47681193,0.07107274999998481,4030.514259736885,132071891.26305825,complete,complete
2027,1025,0.3,ridge,15.031375473648284,7920103.918687801,False,1124990976,0.009059541999931753,False,1,1024,0.009557625000070402,1.0009765625,0.26119766720235205,8.676693014377815,21.002518512668527,2.6517983511696414e-06,complete,0.18037216700008685,0.21038883300002453,1024,0.07352050943921172,75.2850016657528,0.024798959323625212,25.394134347392217,4096,0.13434102841614387,550.2608523925253,0.04399484480638448,180.20288432695082,32768,0.1368503936117378,4484.313697869424,0.07107274999998481,0.04484968663778058,1469.634531746794,complete,complete
2027,1056,0.0,minimum_norm,683.0663166920872,730931.0150453947,False,1135345664,0.007752292000077432,True,0,1024,0.025425124999856052,1.03125,2.9798786502170166e-14,9.70599470916965e-13,21.038397756730866,2.8783014160952344e-05,complete,0.19668641699990985,0.24430849999998827,1024,9.199837235784108e-28,9.420633329442926e-25,9.199837235784108e-28,9.420633329442926e-25,4096,0.10811375378865133,442.83393551831585,0.10811375378865133,442.83393551831585,32768,0.10540174138913341,3453.8042618391237,0.06186329199999818,0.10540174138913341,3453.8042618391237,complete,complete
2027,1056,0.0,ridge,13.537677894618751,730931.0150453947,False,1135345664,0.007752292000077432,False,0,1024,0.025425124999856052,1.03125,0.10882934116443618,3.544765185211516,21.038397756730866,2.8783014160952344e-05,complete,0.19668641699990985,0.24430849999998827,1024,0.012270859588171505,12.565360218287621,0.012270859588171505,12.565360218287621,4096,0.029715110020430417,121.71309064368299,0.029715110020430417,121.71309064368299,32768,0.030285113644187858,992.3826038927477,0.06186329199999818,0.030285113644187858,992.3826038927477,complete,complete
2027,1056,0.3,minimum_norm,30341.302134553505,730931.0150453947,False,1135345664,0.007752292000077432,True,1,1024,0.025425124999856052,1.03125,1.329074835673084e-12,4.415037264990606e-11,21.038397756730866,2.8783014160952344e-05,complete,0.19668641699990985,0.24430849999998827,1024,1.9035697315679427e-24,1.9492554051255733e-21,0.0812933756388795,83.24441665421261,4096,220.34372656379253,902527.9040052942,220.1703248036132,901817.6503955997,32768,218.83323407512023,7170727.41417354,0.06186329199999818,218.79773220852525,7169564.089008955,complete,complete
2027,1056,0.3,ridge,15.12028481769814,730931.0150453947,False,1135345664,0.007752292000077432,False,1,1024,0.025425124999856052,1.03125,0.26095348698807347,8.668581622028208,21.038397756730866,2.8783014160952344e-05,complete,0.19668641699990985,0.24430849999998827,1024,0.07338311263453631,75.14430733776518,0.024998598436824962,25.59856479930876,4096,0.13469868378124342,551.725808767973,0.04416900772942464,180.91625565972333,32768,0.1371970331805048,4495.672383258781,0.06186329199999818,0.04521425917893565,1481.5808447753634,complete,complete
2027,1088,0.0,minimum_norm,415.29518930935564,420510.565906962,False,1157578752,0.009471915999938574,True,0,1024,0.010285792000104266,1.0625,1.916363483451874e-14,6.241936674124366e-13,21.011472236431384,4.996657382701812e-05,complete,0.1903864999999314,0.22174570900006074,1024,3.8048606878690195e-28,3.896177344377876e-25,3.8048606878690195e-28,3.896177344377876e-25,4096,0.04509594734305125,184.71300031713793,0.04509594734305125,184.71300031713793,32768,0.047959317567480106,1571.530918051188,0.06339487500008545,0.047959317567480106,1571.530918051188,complete,complete
2027,1088,0.0,ridge,13.532863606281518,420510.565906962,False,1157578752,0.009471915999938574,False,0,1024,0.010285792000104266,1.0625,0.1085711946029783,3.5363568926137012,21.011472236431384,4.996657382701812e-05,complete,0.1903864999999314,0.22174570900006074,1024,0.012212714914000423,12.505820071936434,0.012212714914000423,12.505820071936434,4096,0.02932810771027227,120.12792918127522,0.02932810771027227,120.12792918127522,32768,0.030004613579712312,983.191177780013,0.06339487500008545,0.030004613579712312,983.191177780013,complete,complete
2027,1088,0.3,minimum_norm,18150.570781826464,420510.565906962,False,1157578752,0.009471915999938574,True,1,1024,0.010285792000104266,1.0625,8.187889667249301e-13,2.7199249457032882e-11,21.011472236431384,4.996657382701812e-05,complete,0.1903864999999314,0.22174570900006074,1024,7.2246012795498395e-25,7.397991710259036e-22,0.08129337563892264,83.24441665425678,4096,105.38963771690418,431675.9560884395,105.22060802454573,430983.6104685393,32768,100.27237645023425,3285725.231521276,0.06339487500008545,100.19344123646718,3283138.6824365566,complete,complete
2027,1088,0.3,ridge,15.1185780934642,420510.565906962,False,1157578752,0.009471915999938574,False,1,1024,0.010285792000104266,1.0625,0.2605467398287944,8.655069938431122,21.011472236431384,4.996657382701812e-05,complete,0.1903864999999314,0.22174570900006074,1024,0.07315452699134184,74.91023563913404,0.024990997770820533,25.590781717320226,4096,0.13421437886201976,549.7420958188329,0.043665251561763235,178.8528703969822,32768,0.13672232767104386,4480.117233124765,0.06339487500008545,0.04469751530781319,1464.6481816064227,complete,complete
2027,1152,0.0,minimum_norm,251.31949109067023,214193.2368411156,False,1178075136,0.008316458000081184,True,0,1024,0.011262333000104263,1.125,1.2734513490367959e-14,4.147857516021983e-13,20.879434211132104,9.747942801116574e-05,complete,0.2009391249998771,0.23114862499983246,1024,1.6801486301972712e-28,1.7204721973220057e-25,1.6801486301972712e-28,1.7204721973220057e-25,4096,0.02526649507012098,103.49156380721553,0.02526649507012098,103.49156380721553,32768,0.025489972154269555,835.2554075511048,0.06547158400007902,0.025489972154269555,835.2554075511048,complete,complete
2027,1152,0.0,ridge,13.05054555265186,214193.2368411156,False,1178075136,0.008316458000081184,False,0,1024,0.011262333000104263,1.125,0.09692681480654516,3.1570787341305997,20.879434211132104,9.747942801116574e-05,complete,0.2009391249998771,0.23114862499983246,1024,0.009733541145995773,9.967146133499671,0.009733541145995773,9.967146133499671,4096,0.02428695576094697,99.4793707968388,0.02428695576094697,99.4793707968388,32768,0.024635431025323756,807.2538038378088,0.06547158400007902,0.024635431025323756,807.2538038378088,complete,complete
2027,1152,0.3,minimum_norm,10572.246072794238,214193.2368411156,False,1178075136,0.008316458000081184,True,1,1024,0.011262333000104263,1.125,3.8386625673915664e-13,1.2751605724425124e-11,20.879434211132104,9.747942801116574e-05,complete,0.2009391249998771,0.23114862499983246,1024,1.5879243022577302e-25,1.6260344855119158e-22,0.08129337563893155,83.2444166542659,4096,60.997765045563284,249846.8456266272,60.93714876292397,249598.56133293657,32768,55.33779884865757,1813308.9926728113,0.06547158400007902,55.26660052379192,1810975.9659636137,complete,complete
2027,1152,0.3,ridge,14.603414435727712,214193.2368411156,False,1178075136,0.008316458000081184,False,1,1024,0.011262333000104263,1.125,0.2549401078614424,8.468823924267362,20.879434211132104,9.747942801116574e-05,complete,0.2009391249998771,0.23114862499983246,1024,0.07004001822289385,71.7209786602433,0.0232009282250789,23.757750502480793,4096,0.12872602883509449,527.261814108547,0.0385711211631744,157.98731228436233,32768,0.13197965174577952,4324.7092284057035,0.06547158400007902,0.03985674990995015,1306.0259810492464,complete,complete
2027,1280,0.0,minimum_norm,136.70613313901075,118993.50058575669,False,1194557440,0.007851292000168542,True,0,1024,0.012298666999868146,1.25,1.0908692256828381e-14,3.553155069620881e-13,20.691978201337392,0.0001738916671875286,complete,0.22401895899997726,0.25499712500004534,1024,1.232901459841071e-28,1.2624910948772567e-25,1.232901459841071e-28,1.2624910948772567e-25,4096,0.012999257337241422,53.244958053340866,0.012999257337241422,53.244958053340866,32768,0.01397219453350516,457.8408704738971,0.07300116699980208,0.01397219453350516,457.8408704738971,complete,complete
2027,1280,0.0,ridge,12.87156851346869,118993.50058575669,False,1194557440,0.007851292000168542,False,0,1024,0.012298666999868146,1.25,0.0891230731452265,2.902896989947931,20.691978201337392,0.0001738916671875286,complete,0.22401895899997726,0.25499712500004534,1024,0.008229307552977301,8.426810934248756,0.008229307552977301,8.426810934248756,4096,0.02150800230508714,88.09677744163693,0.02150800230508714,88.09677744163693,32768,0.021383161626408263,700.683440174146,0.07300116699980208,0.021383161626408263,700.683440174146,complete,complete
2027,1280,0.3,minimum_norm,5992.962944013796,118993.50058575669,False,1194557440,0.007851292000168542,True,1,1024,0.012298666999868146,1.25,2.545082028665339e-13,8.45447652563882e-12,20.691978201337392,0.0001738916671875286,complete,0.22401895899997726,0.25499712500004534,1024,6.980290363532993e-26,7.147817332257785e-23,0.08129337563893252,83.2444166542669,4096,27.152509492506816,111216.67888130792,27.12166067706126,111090.32213324292,32768,25.293552901027983,828819.141460885,0.07300116699980208,25.223967826927293,826538.9777527535,complete,complete
2027,1280,0.3,ridge,14.608642165204502,118993.50058575669,False,1194557440,0.007851292000168542,False,1,1024,0.012298666999868146,1.25,0.24907861601810444,8.274111751392088,20.691978201337392,0.0001738916671875286,complete,0.22401895899997726,0.25499712500004534,1024,0.06685637233840296,68.46092527452463,0.02166786730203958,22.18789611728853,4096,0.12536519160399814,513.4958248099764,0.03571018777937044,146.26892914430132,32768,0.12856085259672445,4212.682017889467,0.07300116699980208,0.036350698748480764,1191.1396965902177,complete,complete
2027,1536,0.0,minimum_norm,85.51286263090904,69003.48190424978,False,1206861824,0.008330624999871361,True,0,1024,0.013532209000004514,1.5,6.160738716687836e-15,2.0066621633868873e-13,20.665632607177695,0.0002994868090258637,complete,0.27218633299980866,0.30639512499988086,1024,3.932317419891155e-29,4.0266930379685426e-26,3.932317419891155e-29,4.0266930379685426e-26,4096,0.008515173070018922,34.878148894797505,0.008515173070018922,34.878148894797505,32768,0.00844426600476297,276.701708444073,0.08983725000007325,0.00844426600476297,276.701708444073,complete,complete
2027,1536,0.0,ridge,12.812038212771153,69003.48190424978,False,1206861824,0.008330624999871361,False,0,1024,0.013532209000004514,1.5,0.08337408828430819,2.715642328959955,20.665632607177695,0.0002994868090258637,complete,0.27218633299980866,0.30639512499988086,1024,0.007201868416835011,7.374713258839051,0.007201868416835011,7.374713258839051,4096,0.019373469935723465,79.35373285672331,0.019373469935723465,79.35373285672331,32768,0.019289958906531346,632.0933734492191,0.08983725000007325,0.019289958906531346,632.0933734492191,complete,complete
2027,1536,0.3,minimum_norm,3532.722463573155,69003.48190424978,False,1206861824,0.008330624999871361,True,1,1024,0.013532209000004514,1.5,1.3033495497845055e-13,4.329580755844459e-12,20.665632607177695,0.0002994868090258637,complete,0.27218633299980866,0.30639512499988086,1024,1.8305927266971366e-26,1.8745269521378678e-23,0.08129337563892737,83.24441665426163,4096,18.8428819908164,77180.44463438398,18.757523018862308,76830.81428526001,32768,16.602610555764258,544034.3426912832,0.08983725000007325,16.5232008981893,541432.247031867,complete,complete
2027,1536,0.3,ridge,14.631649405192055,69003.48190424978,False,1206861824,0.008330624999871361,False,1,1024,0.013532209000004514,1.5,0.2454970767143175,8.155137040052828,20.665632607177695,0.0002994868090258637,complete,0.27218633299980866,0.30639512499988086,1024,0.06494751966996246,66.50626014204155,0.02077868349880901,21.277371902780427,4096,0.12434270912851114,509.30773659038164,0.0348009461431084,142.544675402172,32768,0.12726274063820037,4170.14548523255,0.08983725000007325,0.034815183094991604,1140.823919656685,complete,complete
2027,2048,0.0,minimum_norm,50.04479487173533,44931.85603130816,False,1207025664,0.009288834000017232,True,0,1024,0.017594916000007288,2.0,6.487912983649813e-15,2.1132286406452192e-13,20.68693928384942,0.0004604069609195517,complete,0.3636042919999909,0.40592245799984994,1024,4.3610696168391025e-29,4.465735287643241e-26,4.3610696168391025e-29,4.465735287643241e-26,4096,0.003951241798779618,16.184286407801316,0.003951241798779618,16.184286407801316,32768,0.003968959823796818,130.05487550617414,0.12760537499980273,0.003968959823796818,130.05487550617414,complete,complete
2027,2048,0.0,ridge,12.401956613476688,44931.85603130816,False,1207025664,0.009288834000017232,False,0,1024,0.017594916000007288,2.0,0.07516556756301386,2.4482762109296456,20.68693928384942,0.0004604069609195517,complete,0.3636042919999909,0.40592245799984994,1024,0.005853570708011737,5.994056405004018,0.005853570708011737,5.994056405004018,4096,0.01651821548439191,67.65861062406927,0.01651821548439191,67.65861062406927,32768,0.016770605296591908,549.5391943587236,0.12760537499980273,0.016770605296591908,549.5391943587236,complete,complete
2027,2048,0.3,minimum_norm,2331.507871004607,44931.85603130816,False,1207025664,0.009288834000017232,True,1,1024,0.017594916000007288,2.0,1.0812423370919322e-13,3.5917655519591983e-12,20.68693928384942,0.0004604069609195517,complete,0.3636042919999909,0.40592245799984994,1024,1.2598417754141372e-26,1.2900779780240765e-23,0.08129337563892511,83.24441665425931,4096,11.996615325273227,49138.13637231914,11.916419384851444,48809.653800351516,32768,11.254674993825496,368793.19019767386,0.12760537499980273,11.17528840208826,366191.8503596281,complete,complete
2027,2048,0.3,ridge,14.37500977489026,44931.85603130816,False,1207025664,0.009288834000017232,False,1,1024,0.017594916000007288,2.0,0.24176965026530517,8.031316121672662,20.68693928384942,0.0004604069609195517,complete,0.3636042919999909,0.40592245799984994,1024,0.06299027211546798,64.50203864623921,0.019381663851291538,19.846823783722535,4096,0.12011971839555152,492.01036654817904,0.030723127705409095,125.84193108135565,32768,0.1241207070545117,4067.1873287622393,0.12760537499980273,0.03171806137325857,1039.3374350789368,complete,complete
2027,3072,0.0,minimum_norm,40.46051707333479,30258.399073482382,False,1207140352,0.010988624999981766,True,0,1024,0.021082917000057932,3.0,1.6269842216233536e-14,5.299376954772544e-13,20.87553401785456,0.0006899087412773697,complete,0.5266100420001294,0.5781345830000646,1024,2.7425191512474926e-28,2.8083396108774324e-25,2.7425191512474926e-28,2.8083396108774324e-25,4096,0.0038499149274706943,15.769251542919964,0.0038499149274706943,15.769251542919964,32768,0.003979737367561424,130.40803406025273,0.15785954099965238,0.003979737367561424,130.40803406025273,complete,complete
2027,3072,0.0,ridge,12.63949230588102,30258.399073482382,False,1207140352,0.010988624999981766,False,0,1024,0.021082917000057932,3.0,0.07519880989240112,2.4493589727163703,20.87553401785456,0.0006899087412773697,complete,0.5266100420001294,0.5781345830000646,1024,0.005858749391822447,5.9993593772261855,0.005858749391822447,5.9993593772261855,4096,0.017460945523071075,71.52003286249912,0.017460945523071075,71.52003286249912,32768,0.017218889605938432,564.2285746073906,0.15785954099965238,0.017218889605938432,564.2285746073906,complete,complete
2027,3072,0.3,minimum_norm,1611.355386737514,30258.399073482382,False,1207140352,0.010988624999981766,True,1,1024,0.021082917000057932,3.0,8.198553572490884e-14,2.723467375201479e-12,20.87553401785456,0.0006899087412773697,complete,0.5266100420001294,0.5781345830000646,1024,7.24343217166683e-27,7.417274543786834e-24,0.08129337563892747,83.24441665426173,4096,8.990576121417925,36825.39979332782,8.906548328740495,36481.22195452107,32768,8.3783333629363,274541.22763669665,0.15785954099965238,8.287025055772883,271549.23702756583,complete,complete
2027,3072,0.3,ridge,14.685897411054263,30258.399073482382,False,1207140352,0.010988624999981766,False,1,1024,0.021082917000057932,3.0,0.24004660762218583,7.974078581134267,20.87553401785456,0.0006899087412773697,complete,0.5266100420001294,0.5781345830000646,1024,0.062095634002054964,63.58592921810428,0.019461101905832296,19.92816835157227,4096,0.12144292812360913,497.430233594303,0.031451735422685596,128.8263082913202,32768,0.12438870995658338,4075.9692478573243,0.15785954099965238,0.031914061898770565,1045.759980298914,complete,complete
2027,4096,0.0,minimum_norm,34.88435340146866,24305.3300365698,False,1207173120,0.012998124999967331,True,0,1024,0.02837154200005898,4.0,1.165212201612072e-14,3.795303363471881e-13,20.89255444633885,0.0008595873586124487,complete,0.6897328750001179,0.7564437500000167,1024,1.406672619216892e-28,1.4404327620780974e-25,1.406672619216892e-28,1.4404327620780974e-25,4096,0.003453151490269873,14.1441085041454,0.003453151490269873,14.1441085041454,32768,0.0036737116217460146,120.3801824213734,0.21480991699991137,0.0036737116217460146,120.3801824213734,complete,complete
2027,4096,0.0,ridge,12.703664398830826,24305.3300365698,False,1207173120,0.012998124999967331,False,0,1024,0.02837154200005898,4.0,0.07386728046521591,2.4059886912640636,20.89255444633885,0.0008595873586124487,complete,0.6897328750001179,0.7564437500000167,1024,0.00565310701415094,5.788781582490563,0.00565310701415094,5.788781582490563,4096,0.016872278321965053,69.10885200676886,0.016872278321965053,69.10885200676886,32768,0.01635969783202334,536.0745785597408,0.21480991699991137,0.01635969783202334,536.0745785597408,complete,complete
2027,4096,0.3,minimum_norm,1316.4794859581648,24305.3300365698,False,1207173120,0.012998124999967331,True,1,1024,0.02837154200005898,4.0,5.278681233079881e-14,1.7535185926721414e-12,20.89255444633885,0.0008595873586124487,complete,0.6897328750001179,0.7564437500000167,1024,3.0027611863739138e-27,3.0748274548468877e-24,0.08129337563892475,83.24441665425894,4096,7.475782748217217,30620.80613669772,7.365805899567266,30170.34096462752,32768,6.893481787930321,225885.61122690077,0.21480991699991137,6.805720532343718,223009.85040383897,complete,complete
2027,4096,0.3,ridge,14.784379152683355,24305.3300365698,False,1207173120,0.012998124999967331,False,1,1024,0.02837154200005898,4.0,0.23876039747879133,7.931352125397711,20.89255444633885,0.0008595873586124487,complete,0.6897328750001179,0.7564437500000167,1024,0.0614319790400887,62.90634653705083,0.019546790001099705,20.015912961126098,4096,0.12103298986022155,495.7511264674675,0.031125532843055134,127.49018252515383,32768,0.12402568930513674,4064.073787150721,0.21480991699991137,0.03152159515518689,1032.899630045164,complete,complete
2027,8192,0.0,minimum_norm,28.59995386495954,17866.081166503453,False,1257897984,0.021261999999978798,True,0,1024,0.06532045800008746,8.0,9.059604015674349e-15,2.950874145056325e-13,20.936508684301515,0.0011718579183192513,complete,1.342105500000116,1.4803322089999256,1024,8.50357248043154e-29,8.707658219961897e-26,8.50357248043154e-29,8.707658219961897e-26,4096,0.0033551424017787593,13.742663277685798,0.0033551424017787593,13.742663277685798,32768,0.003426873725711565,112.29179824411656,0.4331466659996295,0.003426873725711565,112.29179824411656,complete,complete
2027,8192,0.0,ridge,12.478391759366115,17866.081166503453,False,1257897984,0.021261999999978798,False,0,1024,0.06532045800008746,8.0,0.06742139570366232,2.1960347611367403,20.936508684301515,0.0011718579183192513,complete,1.342105500000116,1.4803322089999256,1024,0.004709539718868061,4.8225686721208945,0.004709539718868061,4.8225686721208945,4096,0.016310645823884196,66.80840529462967,0.016310645823884196,66.80840529462967,32768,0.015445666817793951,506.1236102854722,0.4331466659996295,0.015445666817793951,506.1236102854722,complete,complete
2027,8192,0.3,minimum_norm,924.8362660513073,17866.081166503453,False,1257897984,0.021261999999978798,True,1,1024,0.06532045800008746,8.0,4.1840258387630616e-14,1.389886370579531e-12,20.936508684301515,0.0011718579183192513,complete,1.342105500000116,1.4803322089999256,1024,1.886507932737052e-27,1.9317841231227412e-24,0.08129337563892619,83.24441665426042,4096,5.738644321604548,23505.48714129223,5.622613062359399,23030.223103424098,32768,4.895700420307191,160422.31137262605,0.4331466659996295,4.804235062096065,157425.17451476387,complete,complete
2027,8192,0.3,ridge,14.653980446676176,17866.081166503453,False,1257897984,0.021261999999978798,False,1,1024,0.06532045800008746,8.0,0.23538644273226725,7.819273139802052,20.936508684301515,0.0011718579183192513,complete,1.342105500000116,1.4803322089999256,1024,0.059708039487138535,61.14103243482986,0.018632841833808624,19.08003003782003,4096,0.11987675844597806,491.01520259472613,0.02996774898256188,122.74789983257347,32768,0.12251785458295349,4014.66505897422,0.4331466659996295,0.030121001965055412,987.0049923909357,complete,complete
2028,64,0.0,minimum_norm,15.35269001882121,72.89035241308638,False,1257930752,0.005516707999959181,False,0,64,0.0007217079999009002,0.0625,0.3452158312187393,11.244293559023507,21.056934888395237,0.28888507451659373,complete,0.002859624999928201,0.015407542000048124,1024,0.12347083754052478,126.43413764149737,0.12347083754052478,126.43413764149737,4096,0.1690083591269783,692.2582389841032,0.1690083591269783,692.2582389841032,32768,0.1705147521241341,5587.427397603627,0.008015249999971275,0.1705147521241341,5587.427397603627,complete,complete
2028,64,0.0,ridge,11.423100716476673,72.89035241308638,False,1257930752,0.005516707999959181,False,0,64,0.0007217079999009002,0.0625,0.3504340352727897,11.414259745184454,21.056934888395237,0.28888507451659373,complete,0.002859624999928201,0.015407542000048124,1024,0.12723176321341645,130.28532553053844,0.12723176321341645,130.28532553053844,4096,0.16554504059628045,678.0724862823647,0.16554504059628045,678.0724862823647,32768,0.16882828164702451,5532.165133009699,0.008015249999971275,0.16882828164702451,5532.165133009699,complete,complete
2028,64,0.3,minimum_norm,14.65067051522753,72.89035241308638,False,1257930752,0.005516707999959181,False,1,64,0.0007217079999009002,0.0625,0.423487412544814,14.067776000686406,21.056934888395237,0.28888507451659373,complete,0.002859624999928201,0.015407542000048124,1024,0.19326398594285993,197.90232160548857,0.1300639976067427,133.18553354930452,4096,0.25742172709133426,1054.3993941661051,0.17016270748901896,696.9864498750217,32768,0.2668790289195868,8745.09201963702,0.008015249999971275,0.1735294558342611,5686.213208777068,complete,complete
2028,64,0.3,ridge,11.060913739061114,72.89035241308638,False,1257930752,0.005516707999959181,False,1,64,0.0007217079999009002,0.0625,0.42715094509711476,14.189474435611048,21.056934888395237,0.28888507451659373,complete,0.002859624999928201,0.015407542000048124,1024,0.19662225074107378,201.34118475885955,0.1340403513328846,137.25731976487384,4096,0.2538990534363939,1039.9705228754694,0.16729356130281564,685.2344270963329,32768,0.2652508548605555,8691.740012070682,0.008015249999971275,0.17203644361509907,5637.290184379566,complete,complete
2028,128,0.0,minimum_norm,18.37823461488705,204.241216778381,False,1257996288,0.00531924999995681,False,0,128,0.0011805829999502748,0.125,0.19427468969800224,6.327872144045396,21.018708034181245,0.1029111967002641,complete,0.006717124999795487,0.019429791999982626,1024,0.039103482296275166,40.04196587138577,0.039103482296275166,40.04196587138577,4096,0.06738841856102913,276.0229624259753,0.06738841856102913,276.0229624259753,32768,0.06342473181725114,2078.3016121876854,0.011305832999823906,0.06342473181725114,2078.3016121876854,complete,complete
2028,128,0.0,ridge,9.38861383226555,204.241216778381,False,1257996288,0.00531924999995681,False,0,128,0.0011805829999502748,0.125,0.20575727541676636,6.70188038168217,21.018708034181245,0.1029111967002641,complete,0.006717124999795487,0.019429791999982626,1024,0.04386250063513314,44.915200650376335,0.04386250063513314,44.915200650376335,4096,0.06399462651323368,262.12199019820514,0.06399462651323368,262.12199019820514,32768,0.060978296030228245,1998.1368043185191,0.011305832999823906,0.060978296030228245,1998.1368043185191,complete,complete
2028,128,0.3,minimum_norm,19.857455662568118,204.241216778381,False,1257996288,0.00531924999995681,False,1,128,0.0011805829999502748,0.125,0.31571522936463303,10.487705171725718,21.018708034181245,0.1029111967002641,complete,0.006717124999795487,0.019429791999982626,1024,0.1074140232119556,109.99195976904254,0.05146787552220185,52.70310453473469,4096,0.17077539203467945,699.496005774047,0.0793030471579344,324.8252811588993,32768,0.16869870193233216,5527.91906491866,0.011305832999823906,0.07602981779740023,2491.3450695852107,complete,complete
2028,128,0.3,ridge,9.641344368158178,204.241216778381,False,1257996288,0.00531924999995681,False,1,128,0.0011805829999502748,0.125,0.32415650241849053,10.768114777689464,21.018708034181245,0.1029111967002641,complete,0.006717124999795487,0.019429791999982626,1024,0.11323466393114659,115.95229586549411,0.05335150701122711,54.63194317949656,4096,0.16453098317596043,673.9189070887339,0.07229350432280474,296.1141937062082,32768,0.1628857676182881,5337.4408333160645,0.011305832999823906,0.07041538542677135,2307.3713496644436,complete,complete
2028,256,0.0,minimum_norm,51.85693806309871,1069.0443767118452,False,1262567424,0.005475625000144646,False,0,256,0.002578082999889375,0.25,0.08663002816470677,2.8216940812694715,20.72362441042987,0.019385186304586684,complete,0.016493291999950088,0.03084941599990998,1024,0.007775349109639814,7.961957488271169,0.007775349109639814,7.961957488271169,4096,0.033313097641711455,136.45044794045012,0.033313097641711455,136.45044794045012,32768,0.03090474234069465,1012.6865970198822,0.017768666999927518,0.03090474234069465,1012.6865970198822,complete,complete
2028,256,0.0,ridge,11.61067348153834,1069.0443767118452,False,1262567424,0.005475625000144646,False,0,256,0.002578082999889375,0.25,0.14839383479632007,4.833451104801143,20.72362441042987,0.019385186304586684,complete,0.016493291999950088,0.03084941599990998,1024,0.022814696857913444,23.362249582503367,0.022814696857913444,23.362249582503367,4096,0.04137467489495678,169.47066836974298,0.04137467489495678,169.47066836974298,32768,0.03840667112051137,1258.5097992769165,0.017768666999927518,0.03840667112051137,1258.5097992769165,complete,complete
2028,256,0.3,minimum_norm,65.41036456989536,1069.0443767118452,False,1262567424,0.005475625000144646,False,1,256,0.002578082999889375,0.25,0.2465877144557862,8.191366800348838,20.72362441042987,0.019385186304586684,complete,0.016493291999950088,0.03084941599990998,1024,0.06552586919712625,67.09849005785728,0.03212805399105799,32.89912728684338,4096,0.16866898924441803,690.8681799451363,0.07772900736588097,318.37801417064844,32768,0.16461263079629518,5394.026685933,0.017768666999927518,0.072903574109034,2388.904316404826,complete,complete
2028,256,0.3,ridge,12.24577232629641,1069.0443767118452,False,1262567424,0.005475625000144646,False,1,256,0.002578082999889375,0.25,0.2867558409278775,9.525706827555254,20.72362441042987,0.019385186304586684,complete,0.016493291999950088,0.03084941599990998,1024,0.08861239312942662,90.73909056453286,0.03475056792049043,35.5845815505822,4096,0.145440298500941,595.7234626598544,0.05519897986754368,226.0950215374589,32768,0.1441867908308843,4724.712761946416,0.017768666999927518,0.05205803010656328,1705.8375305318655,complete,complete
2028,384,0.0,minimum_norm,82.64556442756803,3120.6079546791425,False,1262649344,0.005981249999877036,False,0,384,0.0030260000000907894,0.375,0.05028977200902723,1.6380273103047949,20.846712867162182,0.006680337027246224,complete,0.030301624999992782,0.04654266599982293,1024,0.0026202475286175387,2.6831334693043596,0.0026202475286175387,2.6831334693043596,4096,0.0233335798391833,95.5743430212948,0.0233335798391833,95.5743430212948,32768,0.02202702093480626,721.7814219917316,0.023362916000223777,0.02202702093480626,721.7814219917316,complete,complete
2028,384,0.0,ridge,12.337666413010515,3120.6079546791425,False,1262649344,0.005981249999877036,False,0,384,0.0030260000000907894,0.375,0.14044780257807538,4.574634704128056,20.846712867162182,0.006680337027246224,complete,0.030301624999992782,0.04654266599982293,1024,0.020436799488489036,20.927282676212773,0.020436799488489036,20.927282676212773,4096,0.04016218564514823,164.50431240252715,0.04016218564514823,164.50431240252715,32768,0.03662255040325712,1200.0477316139293,0.023362916000223777,0.03662255040325712,1200.0477316139293,complete,complete
2028,384,0.3,minimum_norm,151.8803146154271,3120.6079546791425,False,1262649344,0.005981249999877036,False,1,384,0.0030260000000907894,0.375,0.21810193000631278,7.245101048479243,20.846712867162182,0.006680337027246224,complete,0.030301624999992782,0.04654266599982293,1024,0.051261219924487275,52.49148920267497,0.036328715693564884,37.20060487021044,4096,0.20368208146761088,834.2818056913342,0.11376211289719518,465.96961442691145,32768,0.2038328699168954,6679.195481436828,0.023362916000223777,0.11157570481568382,3656.1126954003275,complete,complete
2028,384,0.3,ridge,13.450509788915433,3120.6079546791425,False,1262649344,0.005981249999877036,False,1,384,0.0030260000000907894,0.375,0.27850463581413437,9.25161106499567,20.846712867162182,0.006680337027246224,complete,0.030301624999992782,0.04654266599982293,1024,0.08358623759565464,85.59230729795036,0.03251272793977157,33.29303341032609,4096,0.14425202899537615,590.8563107650607,0.0539506904991133,220.98202828436808,32768,0.14232100823135357,4663.574797724994,0.023362916000223777,0.05030395471623344,1648.3599881415373,complete,complete
2028,512,0.0,minimum_norm,92.42981809173529,7123.436816038368,False,1262682112,0.006421166999871275,False,0,512,0.0043682499999704305,0.5,0.026574239673078193,0.865570246118307,20.80843274176736,0.002921122665806106,complete,0.05029362499999479,0.07077970800014555,1024,0.0007316521982083075,0.7492118509653068,0.0007316521982083075,0.7492118509653068,4096,0.020499314672644278,83.96519289915096,0.020499314672644278,83.96519289915096,32768,0.018461709301720888,604.95329039879,0.03019291600003271,0.018461709301720888,604.95329039879,complete,complete
2028,512,0.0,ridge,12.923663310666791,7123.436816038368,False,1262682112,0.006421166999871275,False,0,512,0.0043682499999704305,0.5,0.12410360596550978,4.042275153729461,20.80843274176736,0.002921122665806106,complete,0.05029362499999479,0.07077970800014555,1024,0.015957019939900906,16.33998841845853,0.015957019939900906,16.33998841845853,4096,0.034505835927951256,141.33590396088834,0.034505835927951256,141.33590396088834,32768,0.031051532005073688,1017.4966007422546,0.03019291600003271,0.031051532005073688,1017.4966007422546,complete,complete
2028,512,0.3,minimum_norm,345.0596470546887,7123.436816038368,False,1262682112,0.006421166999871275,False,1,512,0.0043682499999704305,0.5,0.1864298817604905,6.1929911934832305,20.80843274176736,0.002921122665806106,complete,0.05029362499999479,0.07077970800014555,1024,0.03745423820562588,38.3531399225609,0.04497837833895436,46.05785941908926,4096,0.3296586040996959,1350.2816423923543,0.24450973055808062,1001.5118563658982,32768,0.335302306272214,10987.18597192791,0.03019291600003271,0.2451105555571537,8031.782684496812,complete,complete
2028,512,0.3,ridge,14.232631513448267,7123.436816038368,False,1262682112,0.006421166999871275,False,1,512,0.0043682499999704305,0.5,0.26602355995594096,8.83700374912401,20.80843274176736,0.002921122665806106,complete,0.05029362499999479,0.07077970800014555,1024,0.07626233912307794,78.0926352620318,0.028574964747877914,29.260763901826984,4096,0.13835009063758733,566.6819712515577,0.04854642443508086,198.8461544860912,32768,0.13730908373965006,4499.344055980853,0.03019291600003271,0.045225052983921155,1481.9345361771284,complete,complete
2028,768,0.0,minimum_norm,209.41944092429443,45576.80681638034,False,1262764032,0.0066181249999317515,False,0,768,0.006024458999945637,0.75,0.008866578090330032,0.28880021683740503,20.835098253133747,0.00045714256237989884,complete,0.10102537499983555,0.12264883300008478,1024,8.145074730989473e-05,0.0834055652453322,8.145074730989473e-05,0.0834055652453322,4096,0.01875436253336707,76.81786893667152,0.01875436253336707,76.81786893667152,32768,0.01882799074620172,616.955600771538,0.04272937499990803,0.01882799074620172,616.955600771538,complete,complete
2028,768,0.0,ridge,13.057596160270895,45576.80681638034,False,1262764032,0.0066181249999317515,False,0,768,0.006024458999945637,0.75,0.1065833524574738,3.471609338730841,20.835098253133747,0.00045714256237989884,complete,0.10102537499983555,0.12264883300008478,1024,0.011769600977307795,12.052071400763182,0.011769600977307795,12.052071400763182,4096,0.027828016801129396,113.983556817426,0.027828016801129396,113.983556817426,32768,0.025498872287892386,835.5470471296577,0.04272937499990803,0.025498872287892386,835.5470471296577,complete,complete
2028,768,0.3,minimum_norm,1935.9185960430304,45576.80681638034,False,1262764032,0.0066181249999317515,False,1,768,0.006024458999945637,0.75,0.12873092574741807,4.276296707128299,20.835098253133747,0.00045714256237989884,complete,0.10102537499983555,0.12264883300008478,1024,0.01785811867909799,18.28671352739634,0.06352138288116779,65.04589607031582,4096,1.7017297176105253,6970.2849233327115,1.59400231704226,6529.033490605097,32768,1.6217276048835723,53140.770156824896,0.04272937499990803,1.5248166650635264,49965.192480801634,complete,complete
2028,768,0.3,ridge,14.598307795029426,45576.80681638034,False,1262764032,0.0066181249999317515,False,1,768,0.006024458999945637,0.75,0.2541631445698011,8.443014076739937,20.835098253133747,0.00045714256237989884,complete,0.10102537499983555,0.12264883300008478,1024,0.06961375654299684,71.28448670002876,0.02501053132652507,25.61078407836167,4096,0.13316035272236948,545.4248047508254,0.0428708537964975,175.59901715045376,32768,0.13258850868359945,4344.660252544187,0.04272937499990803,0.04026488494348002,1319.3997498279532,complete,complete
2028,896,0.0,minimum_norm,311.48026996596946,115808.16711141786,False,1262796800,0.007190165999872988,False,0,896,0.006654667000020709,0.875,0.00410612360969018,0.13374374835011155,20.86214302295684,0.00018014397035474695,complete,0.12272170799997184,0.15913091600009466,1024,1.746815451439257e-05,0.01788739022273799,1.746815451439257e-05,0.01788739022273799,4096,0.025564768975130492,104.7132937221345,0.025564768975130492,104.7132937221345,32768,0.022030693445411316,721.901762819238,0.04988541700004134,0.022030693445411316,721.901762819238,complete,complete
2028,896,0.0,ridge,12.783953282386028,115808.16711141786,False,1262796800,0.007190165999872988,False,0,896,0.006654667000020709,0.875,0.0942154037136576,3.068763252827245,20.86214302295684,0.00018014397035474695,complete,0.12272170799997184,0.15913091600009466,1024,0.009196589747952,9.417307901902848,0.009196589747952,9.417307901902848,4096,0.023489121475389133,96.21144156319389,0.023489121475389133,96.21144156319389,32768,0.02139760035929878,701.1565685735025,0.04988541700004134,0.02139760035929878,701.1565685735025,complete,complete
2028,896,0.3,minimum_norm,5473.097824454416,115808.16711141786,False,1262796800,0.007190165999872988,False,1,896,0.006654667000020709,0.875,0.0915519801597722,3.041253910163553,20.86214302295684,0.00018014397035474695,complete,0.12272170799997184,0.15913091600009466,1024,0.00903244662703622,9.249225346085089,0.07230539349299489,74.04072293682677,4096,7.977024668929346,32673.8930439346,7.886035328941114,32301.200707342803,32768,7.772436595846267,254687.2023726905,0.04988541700004134,7.670138732567295,251335.10598876514,complete,complete
2028,896,0.3,ridge,14.414731172117275,115808.16711141786,False,1262796800,0.007190165999872988,False,1,896,0.006654667000020709,0.875,0.24909382109332526,8.274616846906012,20.86214302295684,0.00018014397035474695,complete,0.12272170799997184,0.15913091600009466,1024,0.06686453512021565,68.46928396310082,0.02226697368227477,22.801381050649365,4096,0.12848317491812772,526.2670844646511,0.038383910651987124,157.22049803053926,32768,0.1284504417847455,4209.06407640254,0.04988541700004134,0.036295893233757,1189.3438294837495,complete,complete
2028,960,0.0,minimum_norm,437.80642636920015,290424.1734454621,False,1262829568,0.012105499999961467,False,0,960,0.007539707999967504,0.9375,0.0019439662781876852,0.0633184388549506,20.82549226129719,7.170715858199024e-05,complete,0.13787112499994691,0.1664964169999621,1024,3.915258495144644e-06,0.004009224699028115,3.915258495144644e-06,0.004009224699028115,4096,0.03857881152533385,158.01881200776745,0.03857881152533385,158.01881200776745,32768,0.04254010945238763,1393.9543065358378,0.05294358400033161,0.04254010945238763,1393.9543065358378,complete,complete
2028,960,0.0,ridge,12.802657401708661,290424.1734454621,False,1262829568,0.012105499999961467,False,0,960,0.007539707999967504,0.9375,0.09359584859220639,3.048583240696864,20.82549226129719,7.170715858199024e-05,complete,0.13787112499994691,0.1664964169999621,1024,0.009076034936970505,9.293859775457797,0.009076034936970505,9.293859775457797,4096,0.022848643686381412,93.58804453941826,0.022848643686381412,93.58804453941826,32768,0.020920448119965962,685.5212439950446,0.05294358400033161,0.020920448119965962,685.5212439950446,complete,complete
2028,960,0.3,minimum_norm,10716.030461488965,290424.1734454621,False,1262829568,0.012105499999961467,False,1,960,0.007539707999967504,0.9375,0.0647737299655338,2.1517105276125568,20.82549226129719,7.170715858199024e-05,complete,0.13787112499994691,0.1664964169999621,1024,0.0045213458932018575,4.629858194638702,0.07675121217782588,78.5932412700937,4096,22.58189611042222,92495.44646828942,22.556975216216543,92393.37048562296,32768,22.246280838888097,728966.1305286852,0.05294358400033161,22.17235858081502,726543.8459761465,complete,complete
2028,960,0.3,ridge,14.418729265304908,290424.1734454621,False,1262829568,0.012105499999961467,False,1,960,0.007539707999967504,0.9375,0.24905097204247886,8.273193449583465,20.82549226129719,7.170715858199024e-05,complete,0.13787112499994691,0.1664964169999621,1024,0.06684153306077223,68.44572985423076,0.022149448021131016,22.68103477363816,4096,0.12802270878166724,524.381015169709,0.03779097833499031,154.7918472601203,32768,0.12804978838496892,4195.935465798661,0.05294358400033161,0.03588066474321533,1175.73762230568,complete,complete
2028,992,0.0,minimum_norm,631.1668107409073,582204.5529739907,False,1262977024,0.007618624999849999,False,0,992,0.0077345839999907184,0.96875,0.0012223163244906754,0.039813016471574036,20.78480701257904,3.5700179441069365e-05,complete,0.14240025000003698,0.16821241700017708,1024,1.5479260552400648e-06,0.0015850762805658264,1.5479260552400648e-06,0.0015850762805658264,4096,0.06356595311649764,260.36614396517433,0.06356595311649764,260.36614396517433,32768,0.06633327285798969,2173.608685010606,0.055653875000189146,0.06633327285798969,2173.608685010606,complete,complete
2028,992,0.0,ridge,12.821576780633206,582204.5529739907,False,1262977024,0.007618624999849999,False,0,992,0.0077345839999907184,0.96875,0.0930165003335551,3.0297128375922724,20.78480701257904,3.5700179441069365e-05,complete,0.14240025000003698,0.16821241700017708,1024,0.008964023318624446,9.179159878271433,0.008964023318624446,9.179159878271433,4096,0.023019702044806974,94.28869957552936,0.023019702044806974,94.28869957552936,32768,0.021126590958530377,692.2761325291234,0.055653875000189146,0.021126590958530377,692.2761325291234,complete,complete
2028,992,0.3,minimum_norm,22009.12574066993,582204.5529739907,False,1262977024,0.007618624999849999,False,1,992,0.0077345839999907184,0.96875,0.042021009812417104,1.3958907298128345,20.78480701257904,3.5700179441069365e-05,complete,0.14240025000003698,0.16821241700017708,1024,0.0019028427046654383,1.9485109295774088,0.07937574662415037,81.28076454312998,4096,86.8508220783186,355740.967232793,86.75121845850958,355332.99080605526,32768,95.4545020030956,3127853.1216374366,0.055653875000189146,95.36477151740036,3124912.833082175,complete,complete
2028,992,0.3,ridge,14.423825868461778,582204.5529739907,False,1262977024,0.007618624999849999,False,1,992,0.0077345839999907184,0.96875,0.24883828196951893,8.26612812434513,20.78480701257904,3.5700179441069365e-05,complete,0.14240025000003698,0.16821241700017708,1024,0.06672741617977493,68.32887416808953,0.02208173422060549,22.611695841900023,4096,0.12812826246269884,524.8133630472145,0.037702820553810815,154.4307529884091,32768,0.12779904491664443,4187.719103828605,0.055653875000189146,0.035826380781130165,1173.9588454360733,complete,complete
2028,1023,0.0,minimum_norm,1360.353443596515,11771855.889337815,False,1263026176,0.007320208000010098,False,0,1023,0.009116500000118322,0.9990234375,0.00018365431051155012,0.0059819475065250975,20.816716541664373,1.768346192593031e-06,complete,0.16636625000001004,0.19339704200001506,1024,3.494501559650569e-08,3.5783695970821826e-05,3.494501559650569e-08,3.5783695970821826e-05,4096,0.27436835372068435,1123.8127768399231,0.27436835372068435,1123.8127768399231,32768,0.26130147677773097,8562.326791052688,0.06660962499972811,0.26130147677773097,8562.326791052688,complete,complete
2028,1023,0.0,ridge,12.859844395522167,11771855.889337815,False,1263026176,0.007320208000010098,False,0,1023,0.009116500000118322,0.9990234375,0.0930040340869656,3.029306789770721,20.816716541664373,1.768346192593031e-06,complete,0.16636625000001004,0.19339704200001506,1024,0.0089616207290537,9.176699626550988,0.0089616207290537,9.176699626550988,4096,0.02295085766608103,94.0067130002679,0.02295085766608103,94.0067130002679,32768,0.021086996229884712,690.9786924608622,0.06660962499972811,0.021086996229884712,690.9786924608622,complete,complete
2028,1023,0.3,minimum_norm,313584.92990745057,11771855.889337815,False,1263026176,0.007320208000010098,False,1,1023,0.009116500000118322,0.9990234375,0.008956060418943158,0.2975102638002809,20.816716541664373,1.768346192593031e-06,complete,0.16636625000001004,0.19339704200001506,1024,8.643784869776643e-05,0.08851235706651282,0.08120346183168539,83.15234491564584,4096,13909.442114805552,56973074.90224354,13910.33694170316,56976740.11321615,32768,13142.356621311625,430648741.7671393,0.06660962499972811,13142.200302021116,430643619.4966279,complete,complete
2028,1023,0.3,ridge,14.46276189553893,11771855.889337815,False,1263026176,0.007320208000010098,False,1,1023,0.009116500000118322,0.9990234375,0.2490460179580282,8.273028880464581,20.816716541664373,1.768346192593031e-06,complete,0.16636625000001004,0.19339704200001506,1024,0.06683887388379015,68.44300685700111,0.022091657783658014,22.621857570465806,4096,0.12801056709609687,524.3312828256128,0.03750437890260705,153.61793598507847,32768,0.12769118524915146,4184.184758244195,0.06660962499972811,0.0357709986848157,1172.144084904041,complete,complete
2028,1024,0.0,minimum_norm,2091.564664372431,11776436.511170955,False,1263058944,0.007517541000197525,True,0,1024,0.008334666000109792,1.0,1.9397631401732673e-13,6.318153517490686e-12,20.810285656957184,1.7671122870842e-06,complete,0.16760999999996784,0.1938708330001191,1024,3.898346081111321e-26,3.9919063870579925e-23,3.898346081111321e-26,3.9919063870579925e-23,4096,0.6669565160777826,2731.8538898545976,0.6669565160777826,2731.8538898545976,32768,0.6293214998073484,20621.606905687193,0.05881287500005783,0.6293214998073484,20621.606905687193,complete,complete
2028,1024,0.0,ridge,12.86314545259965,11776436.511170955,False,1263058944,0.007517541000197525,False,0,1024,0.008334666000109792,1.0,0.09304381049903275,3.0306023782506255,20.810285656957184,1.7671122870842e-06,complete,0.16760999999996784,0.1938708330001191,1024,0.008969287866267916,9.184550775058346,0.008969287866267916,9.184550775058346,4096,0.022962238560344402,94.05332914317067,0.022962238560344402,94.05332914317067,32768,0.021098091190479094,691.3422521296189,0.05881287500005783,0.021098091190479094,691.3422521296189,complete,complete
2028,1024,0.3,minimum_norm,337385.3834157839,11776436.511170955,False,1263058944,0.007517541000197525,True,1,1024,0.008334666000109792,1.0,2.930165558088485e-11,9.733680741160877e-10,20.810285656957184,1.7671122870842e-06,complete,0.16760999999996784,0.1938708330001191,1024,9.252396559652945e-22,9.474454077084616e-19,0.08129337563949116,83.24441665483894,4096,15571.508412326912,63780898.45689103,15572.869058696411,63786471.6644205,32768,14830.62513832602,485969924.53266704,0.05881287500005783,14830.320320895453,485959936.2751022,complete,complete
2028,1024,0.3,ridge,14.464011351484327,11776436.511170955,False,1263058944,0.007517541000197525,False,1,1024,0.008334666000109792,1.0,0.2490547767385421,8.273319837311606,20.810285656957184,1.7671122870842e-06,complete,0.16760999999996784,0.1938708330001191,1024,0.06684357532270874,68.44782113045375,0.02211202575463762,22.642714372748923,4096,0.12802935631246048,524.4082434558381,0.03754367145680043,153.77887828705457,32768,0.12773680107592206,4185.679497655814,0.05881287500005783,0.0358150121128865,1173.5863169150648,complete,complete
2028,1025,0.0,minimum_norm,2079.472764611846,11564740.80459064,False,1263091712,0.007605709000017669,True,0,1024,0.009270915999877616,1.0009765625,7.857552920196948e-14,2.5593447258296207e-12,20.811380747933704,1.7995544474003774e-06,complete,0.17912412499981656,0.20668433300011202,1024,6.39672404846865e-27,6.550245425631897e-24,6.39672404846865e-27,6.550245425631897e-24,4096,0.6749681847608444,2764.6696847804187,0.6749681847608444,2764.6696847804187,32768,0.6299483136546157,20642.146341834447,0.06815891699989152,0.6299483136546157,20642.146341834447,complete,complete
2028,1025,0.0,ridge,12.85065202194473,11564740.80459064,False,1263091712,0.007605709000017669,False,0,1024,0.009270915999877616,1.0009765625,0.09289704571878038,3.025821988349452,20.811380747933704,1.7995544474003774e-06,complete,0.17912412499981656,0.20668433300011202,1024,0.008941014360526392,9.155598705179026,0.008941014360526392,9.155598705179026,4096,0.02286623360225254,93.6600928348264,0.02286623360225254,93.6600928348264,32768,0.020985900585595237,687.6659903887847,0.06815891699989152,0.020985900585595237,687.6659903887847,complete,complete
2028,1025,0.3,minimum_norm,327379.8156069192,11564740.80459064,False,1263091712,0.007605709000017669,True,1,1024,0.009270915999877616,1.0009765625,1.1899126360168692e-11,3.952756074444178e-10,20.811380747933704,1.7995544474003774e-06,complete,0.17912412499981656,0.20668433300011202,1024,1.5258086507866551e-22,1.5624280584055348e-19,0.08129337563930712,83.2444166546505,4096,13514.47763576379,55355300.39608848,13515.818067570977,55360790.80477072,32768,13139.710167356712,430562022.76394475,0.06815891699989152,13139.36020398363,430550555.1641356,complete,complete
2028,1025,0.3,ridge,14.449899835157495,11564740.80459064,False,1263091712,0.007605709000017669,False,1,1024,0.009270915999877616,1.0009765625,0.24903672351870199,8.272720129633695,20.811380747933704,1.7995544474003774e-06,complete,0.17912412499981656,0.20668433300011202,1024,0.06683388510082663,68.43789834324647,0.022087823845052923,22.617931617334193,4096,0.1279459153053658,524.0664690907784,0.037475015165001416,153.4976621158458,32768,0.1276361193573622,4182.380359102044,0.06815891699989152,0.03571420690467683,1170.2831318524504,complete,complete
2028,1056,0.0,minimum_norm,541.483428856329,764881.2693000927,False,1263140864,0.007398875000035332,True,0,1024,0.008196084000019255,1.03125,3.3104527959688316e-14,1.0782733491610245e-12,20.797905009898315,2.719102407740944e-05,complete,0.1831110829998579,0.2087765409999065,1024,1.1354232573348954e-27,1.1626734155109329e-24,1.1354232573348954e-27,1.1626734155109329e-24,4096,0.05959925926262716,244.11856593972084,0.05959925926262716,244.11856593972084,32768,0.05889979802469559,1930.028581673225,0.05891654200013363,0.05889979802469559,1930.028581673225,complete,complete
2028,1056,0.0,ridge,12.886464964473037,764881.2693000927,False,1263140864,0.007398875000035332,False,0,1024,0.008196084000019255,1.03125,0.09351622545668259,3.0459897735700556,20.797905009898315,2.719102407740944e-05,complete,0.1831110829998579,0.2087765409999065,1024,0.00906059931708336,9.278053700693361,0.00906059931708336,9.278053700693361,4096,0.02327041184049626,95.31560689867268,0.02327041184049626,95.31560689867268,32768,0.021355909598060434,699.7904457092443,0.05891654200013363,0.021355909598060434,699.7904457092443,complete,complete
2028,1056,0.3,minimum_norm,28519.013124651497,764881.2693000927,False,1263140864,0.007398875000035332,True,1,1024,0.008196084000019255,1.03125,1.7447979795756334e-12,5.7960228370477945e-11,20.797905009898315,2.719102407740944e-05,complete,0.1831110829998579,0.2087765409999065,1024,3.280652414802692e-24,3.3593880727579568e-21,0.0812933756388898,83.24441665422316,4096,203.92663730010895,835283.5063812463,203.8453824557453,834950.6865387327,32768,200.14051664354946,6558204.449375829,0.05891654200013363,200.1089831796048,6557171.16082929,complete,complete
2028,1056,0.3,ridge,14.499941580141181,764881.2693000927,False,1263140864,0.007398875000035332,False,1,1024,0.008196084000019255,1.03125,0.24921337990002748,8.278588456124547,20.797905009898315,2.719102407740944e-05,complete,0.1831110829998579,0.2087765409999065,1024,0.066928737134647,68.53502682587853,0.022193424618395165,22.72606680923665,4096,0.12855035299989073,526.5422458875524,0.0381134872241522,156.1128436701274,32768,0.1281047618632446,4197.736836734799,0.05891654200013363,0.03615901993677508,1184.8587652882459,complete,complete
2028,1088,0.0,minimum_norm,347.02772841660214,381187.3552161237,False,1263190016,0.00766295799985528,True,0,1024,0.008444124999869018,1.0625,1.5114683431118266e-14,4.923121194969603e-13,20.80572838596159,5.458137081741671e-05,complete,0.18776441599993632,0.21457937499985746,1024,2.3669064746444275e-28,2.4237122300358937e-25,2.3669064746444275e-28,2.4237122300358937e-25,4096,0.028389075474657605,116.28165314419755,0.028389075474657605,116.28165314419755,32768,0.03269603580725807,1071.3837013322325,0.06306016600001385,0.03269603580725807,1071.3837013322325,complete,complete
2028,1088,0.0,ridge,12.561913418195347,381187.3552161237,False,1263190016,0.00766295799985528,False,0,1024,0.008444124999869018,1.0625,0.08827908609270568,2.875406830690009,20.80572838596159,5.458137081741671e-05,complete,0.18776441599993632,0.21457937499985746,1024,0.0080741840253699,8.267964441978778,0.0080741840253699,8.267964441978778,4096,0.021045778199703644,86.20350750598612,0.021045778199703644,86.20350750598612,32768,0.019926315954478694,652.9455211963578,0.06306016600001385,0.019926315954478694,652.9455211963578,complete,complete
2028,1088,0.3,minimum_norm,16457.29399526443,381187.3552161237,False,1263190016,0.00766295799985528,True,1,1024,0.008444124999869018,1.0625,8.181685253503002e-13,2.7178639091715524e-11,20.80572838596159,5.458137081741671e-05,complete,0.18776441599993632,0.21457937499985746,1024,7.213656473415306e-25,7.386784228777273e-22,0.08129337563892633,83.24441665426056,4096,98.69423410242817,404251.5828835458,98.58491775640056,403803.8231302167,32768,83.82810967528167,2746879.4978396297,0.06306016600001385,83.78069101382495,2745325.683141016,complete,complete
2028,1088,0.3,ridge,14.238294822059547,381187.3552161237,False,1263190016,0.00766295799985528,False,1,1024,0.008444124999869018,1.0625,0.24732456091282692,8.215844011707397,20.80572838596159,5.458137081741671e-05,complete,0.18776441599993632,0.21457937499985746,1024,0.0659180593991292,67.5000928247083,0.021158764813285994,21.666575168804858,4096,0.12660974490218804,518.5935151193622,0.03588148433390097,146.97055983165836,32768,0.12680631878238247,4155.189453861109,0.06306016600001385,0.034623231187458456,1134.5340395506387,complete,complete
2028,1152,0.0,minimum_norm,229.09084422036707,222729.72778416018,False,1263206400,0.007847332999972423,True,0,1024,0.008836374999873442,1.125,1.6659186521033543e-14,5.42619331899459e-13,20.6800061685838,9.284798385163966e-05,complete,0.1989312499999869,0.2271726670001044,1024,2.875349017099759e-28,2.9443573935101533e-25,2.875349017099759e-28,2.9443573935101533e-25,4096,0.01723532844308308,70.59590530286829,0.01723532844308308,70.59590530286829,32768,0.01780646647666377,583.4822935073184,0.07041800000024523,0.01780646647666377,583.4822935073184,complete,complete
2028,1152,0.0,ridge,12.612712206171581,222729.72778416018,False,1263206400,0.007847332999972423,False,0,1024,0.008836374999873442,1.125,0.08816180768199416,2.8715868642837163,20.6800061685838,9.284798385163966e-05,complete,0.1989312499999869,0.2271726670001044,1024,0.008052745233522248,8.246011119126782,0.008052745233522248,8.246011119126782,4096,0.02116793808024983,86.7038743767033,0.02116793808024983,86.7038743767033,32768,0.020239998842026496,663.2242820555242,0.07041800000024523,0.020239998842026496,663.2242820555242,complete,complete
2028,1152,0.3,minimum_norm,9820.986918246075,222729.72778416018,False,1263206400,0.007847332999972423,True,1,1024,0.008836374999873442,1.125,4.184058577296892e-13,1.3898972459526088e-11,20.6800061685838,9.284798385163966e-05,complete,0.1989312499999869,0.2271726670001044,1024,1.8865374553775849e-25,1.931814354306647e-22,0.08129337563890876,83.24441665424257,4096,42.00226116069657,172041.26171421315,41.85795610455497,171450.18820425717,32768,40.31014586602969,1320882.859738061,0.07041800000024523,40.25604621359443,1319110.1223270623,complete,complete
2028,1152,0.3,ridge,14.324593957948762,222729.72778416018,False,1263206400,0.007847332999972423,False,1,1024,0.008836374999873442,1.125,0.24669099716672693,8.19479773595452,20.6800061685838,9.284798385163966e-05,complete,0.1989312499999869,0.2271726670001044,1024,0.06558077141914584,67.15470993320534,0.021188030636652005,21.696543371931654,4096,0.12689358036202603,519.7561051628586,0.03594385533154763,147.2260314380191,32768,0.12742967967801705,4175.615743689263,0.07041800000024523,0.03519407816430064,1153.2395532878033,complete,complete
2028,1280,0.0,minimum_norm,147.03422447620966,129963.10438491653,False,1263288320,0.007436916999949972,True,0,1024,0.010362083000018174,1.25,6.725361711307466e-15,2.1905699140617188e-13,20.741716490337282,0.000159596960910581,complete,0.2239171249998435,0.2531189999999697,1024,4.68612944178942e-29,4.798596548392366e-26,4.68612944178942e-29,4.798596548392366e-26,4096,0.01451845063771423,59.46757381207749,0.01451845063771423,59.46757381207749,32768,0.012521108482968175,410.2916827699012,0.0731841249998979,0.012521108482968175,410.2916827699012,complete,complete
2028,1280,0.0,ridge,12.71698647250009,129963.10438491653,False,1263288320,0.007436916999949972,False,0,1024,0.010362083000018174,1.25,0.08738475530628914,2.8462768864871664,20.741716490337282,0.000159596960910581,complete,0.2239171249998435,0.2531189999999697,1024,0.007911418080616284,8.101292114551075,0.007911418080616284,8.101292114551075,4096,0.021724565104381102,88.983818667545,0.021724565104381102,88.983818667545,32768,0.02086935468573871,683.847014342286,0.0731841249998979,0.02086935468573871,683.847014342286,complete,complete
2028,1280,0.3,minimum_norm,5936.193873260843,129963.10438491653,False,1263288320,0.007436916999949972,True,1,1024,0.010362083000018174,1.25,2.374963071029335e-13,7.889360463484243e-12,20.741716490337282,0.000159596960910581,complete,0.2239171249998435,0.2531189999999697,1024,6.078321144803546e-26,6.224200852278831e-23,0.08129337563892972,83.24441665426403,4096,25.045564462360815,102586.6320378299,24.966747335323113,102263.79708548347,32768,22.665465153625156,742701.9621539891,0.0731841249998979,22.596145125128416,740430.4834602079,complete,complete
2028,1280,0.3,ridge,14.507719333516208,129963.10438491653,False,1263288320,0.007436916999949972,False,1,1024,0.010362083000018174,1.25,0.24494225917352172,8.136706624758393,20.741716490337282,0.000159596960910581,complete,0.2239171249998435,0.2531189999999697,1024,0.06465429169666706,66.20599469738707,0.02114342587867865,21.65086809976694,4096,0.12736084194739422,521.6700086165267,0.03623656866775723,148.4249852631336,32768,0.12794628485824916,4192.5438622351085,0.0731841249998979,0.03570462468915074,1169.9691418140915,complete,complete
2028,1536,0.0,minimum_norm,82.9725903902161,75026.4546295912,False,1263353856,0.008540583000012703,True,0,1024,0.012100541000108933,1.5,7.468676120054605e-15,2.4326806361887383e-13,20.589893015799756,0.00027443510582304516,complete,0.27494104199990943,0.30713783399983186,1024,5.779233474304342e-29,5.917935077687646e-26,5.779233474304342e-29,5.917935077687646e-26,4096,0.007937171763585181,32.5106555436449,0.007937171763585181,32.5106555436449,32768,0.0077820575977994265,255.0024633646916,0.0903024170002027,0.0077820575977994265,255.0024633646916,complete,complete
2028,1536,0.0,ridge,12.533259746038834,75026.4546295912,False,1263353856,0.008540583000012703,False,0,1024,0.012100541000108933,1.5,0.07916853327797797,2.578659923191216,20.589893015799756,0.00027443510582304516,complete,0.27494104199990943,0.30713783399983186,1024,0.0064936396479223935,6.649486999472531,0.0064936396479223935,6.649486999472531,4096,0.01807792081948996,74.04716367663087,0.01807792081948996,74.04716367663087,32768,0.017698396452649295,579.9410549604121,0.0903024170002027,0.017698396452649295,579.9410549604121,complete,complete
2028,1536,0.3,minimum_norm,3871.1366608265516,75026.4546295912,False,1263353856,0.008540583000012703,True,1,1024,0.012100541000108933,1.5,2.0712824446692244e-13,6.880567545246065e-12,20.589893015799756,0.00027443510582304516,complete,0.27494104199990943,0.30713783399983186,1024,4.6232626703802206e-26,4.734220974469346e-23,0.08129337563892758,83.24441665426184,4096,16.89800476465236,69214.22751601606,16.887867327722283,69172.70457435047,32768,16.64804191329361,545523.037414805,0.0903024170002027,16.563172861548463,542742.04832722,complete,complete
2028,1536,0.3,ridge,14.394016317188093,75026.4546295912,False,1263353856,0.008540583000012703,False,1,1024,0.012100541000108933,1.5,0.2415197276850682,8.023013974378223,20.589893015799756,0.00027443510582304516,complete,0.27494104199990943,0.30713783399983186,1024,0.06286011057916822,64.36875323306826,0.019937438872529224,20.415937405469926,4096,0.1242231635389385,508.8180778554921,0.03279394852295738,134.32401315003344,32768,0.12546530512151655,4111.247118221854,0.0903024170002027,0.032985434668074486,1080.8667232034647,complete,complete
2028,2048,0.0,minimum_norm,52.99044138764606,46689.45757917876,False,1263386624,0.00907520900000236,True,0,1024,0.01864783299993178,2.0,1.1609125972950521e-14,3.7812987875642417e-13,20.873972937900035,0.00044708107611875144,complete,0.36462870800005476,0.41096699999980046,1024,1.3963105977377736e-28,1.4298220520834802e-25,1.3963105977377736e-28,1.4298220520834802e-25,4096,0.00551921629902751,22.60670996081668,0.00551921629902751,22.60670996081668,32768,0.005107050410146813,167.34782783969078,0.13013504199989256,0.005107050410146813,167.34782783969078,complete,complete
2028,2048,0.0,ridge,12.178169829198536,46689.45757917876,False,1263386624,0.00907520900000236,False,0,1024,0.01864783299993178,2.0,0.07079959517790095,2.3060687258456456,20.873972937900035,0.00044708107611875144,complete,0.36462870800005476,0.41096699999980046,1024,0.005193313445628284,5.317952968323363,0.005193313445628284,5.317952968323363,4096,0.015006277532601982,61.46571277353772,0.015006277532601982,61.46571277353772,32768,0.014832437159298755,486.0293008359016,0.13013504199989256,0.014832437159298755,486.0293008359016,complete,complete
2028,2048,0.3,minimum_norm,2503.2701939633816,46689.45757917876,False,1263386624,0.00907520900000236,True,1,1024,0.01864783299993178,2.0,1.3997668263418404e-13,4.6498681148131944e-12,20.873972937900035,0.00044708107611875144,complete,0.36462870800005476,0.41096699999980046,1024,2.1114524887848058e-26,2.1621273485156412e-23,0.08129337563892224,83.24441665425637,4096,11.06917484312996,45339.34015746032,11.011294845137094,45102.26368568154,32768,11.091869135862165,363458.3678439314,0.13013504199989256,11.004160766166219,360584.33998573467,complete,complete
2028,2048,0.3,ridge,14.169013711660375,46689.45757917876,False,1263386624,0.00907520900000236,False,1,1024,0.01864783299993178,2.0,0.23920717283368392,7.946193500676111,20.873972937900035,0.00044708107611875144,complete,0.36462870800005476,0.41096699999980046,1024,0.06166210073260468,63.141991150187195,0.018797093381662064,19.248223622821953,4096,0.12111393319638156,496.08267037237886,0.029741170593275888,121.81983475005804,32768,0.12218094148457331,4003.6250905664983,0.13013504199989256,0.0298991593972281,979.7356551283704,complete,complete
2028,3072,0.0,minimum_norm,37.892265451989566,28933.01369716918,False,1263468544,0.011150125000085609,True,0,1024,0.02211816700014424,3.0,7.971375341289153e-15,2.59641871261178e-13,20.90747979529405,0.0007226167316728451,complete,0.5579769999999371,0.6142842080000719,1024,6.583388800000597e-29,6.741390131200612e-26,6.583388800000597e-29,6.741390131200612e-26,4096,0.0037879642910017275,15.515501735943076,0.0037879642910017275,15.515501735943076,32768,0.0033301401242518177,109.12203159148356,0.15866237499994895,0.0033301401242518177,109.12203159148356,complete,complete
2028,3072,0.0,ridge,12.56030806900708,28933.01369716918,False,1263468544,0.011150125000085609,False,0,1024,0.02211816700014424,3.0,0.07084847961606523,2.307660978933363,20.90747979529405,0.0007226167316728451,complete,0.5579769999999371,0.6142842080000719,1024,0.005200487493839528,5.325299193691676,0.005200487493839528,5.325299193691676,4096,0.015739330005254997,64.46829570152447,0.015739330005254997,64.46829570152447,32768,0.015221284174698924,498.7710398365343,0.15866237499994895,0.015221284174698924,498.7710398365343,complete,complete
2028,3072,0.3,minimum_norm,1700.5623096128008,28933.01369716918,False,1263468544,0.011150125000085609,True,1,1024,0.02211816700014424,3.0,6.407106665065762e-14,2.128368841827429e-12,20.90747979529405,0.0007226167316728451,complete,0.5579769999999371,0.6142842080000719,1024,4.423783131701008e-27,4.529953926861832e-24,0.081293375638928,83.24441665426227,4096,8.40342977028984,34420.448339107184,8.283408920750903,33928.8429393957,32768,8.226305965036726,269559.59386232344,0.15866237499994895,8.14004813198704,266733.09718895133,complete,complete
2028,3072,0.3,ridge,14.614150662790838,28933.01369716918,False,1263468544,0.011150125000085609,False,1,1024,0.02211816700014424,3.0,0.2380565445576889,7.907970922230427,20.90747979529405,0.0007226167316728451,complete,0.5579769999999371,0.6142842080000719,1024,0.061070316510587815,62.53600410684192,0.018823168065137147,19.27492409870044,4096,0.12177918516032618,498.80754241669604,0.030543772853731152,125.1072936088828,32768,0.12270647324250811,4020.8457152105057,0.15866237499994895,0.030245491297414707,991.0842588336851,complete,complete
2028,4096,0.0,minimum_norm,31.398947466310425,24060.45429989086,False,1263583232,0.012878249999857871,True,0,1024,0.02974270799995793,4.0,7.805996157577759e-15,2.542551771352521e-13,20.879906665581956,0.0008678101587498566,complete,0.7204466250000223,0.7902102499999728,1024,6.313056162117034e-29,6.464569510007842e-26,6.313056162117034e-29,6.464569510007842e-26,4096,0.0028719591028117924,11.763544485117102,0.0028719591028117924,11.763544485117102,32768,0.002562958887204203,83.98303681590733,0.21486079200030872,0.002562958887204203,83.98303681590733,complete,complete
2028,4096,0.0,ridge,12.469085624043508,24060.45429989086,False,1263583232,0.012878249999857871,False,0,1024,0.02974270799995793,4.0,0.06728125162348249,2.191470019211267,20.879906665581956,0.0008678101587498566,complete,0.7204466250000223,0.7902102499999728,1024,0.004689981294044761,4.802540845101835,0.004689981294044761,4.802540845101835,4096,0.014824391389445904,60.72070713117042,0.014824391389445904,60.72070713117042,32768,0.014264707895637656,467.4259483242547,0.21486079200030872,0.014264707895637656,467.4259483242547,complete,complete
2028,4096,0.3,minimum_norm,1410.3316487297166,24060.45429989086,False,1263583232,0.012878249999857871,True,1,1024,0.02974270799995793,4.0,6.694166354172352e-14,2.2237268450538142e-12,20.879906665581956,0.0008678101587498566,complete,0.7204466250000223,0.7902102499999728,1024,4.829063556067374e-27,4.944961081412991e-24,0.08129337563892752,83.24441665426178,4096,7.097101746822759,29069.72875498602,6.972893086775993,28560.970083434466,32768,6.845373041114668,224309.18381124543,0.21486079200030872,6.763901415086355,221639.5215695497,complete,complete
2028,4096,0.3,ridge,14.572278893745647,24060.45429989086,False,1263583232,0.012878249999857871,False,1,1024,0.02974270799995793,4.0,0.2363354853167424,7.8507992680836,20.879906665581956,0.0008678101587498566,complete,0.7204466250000223,0.7902102499999728,1024,0.06019047768334168,61.63504914774188,0.018398954757218644,18.84052967139189,4096,0.12027230427360548,492.63535830468805,0.029491292214215207,120.79633290942549,32768,0.12185189383458395,3992.8428571716468,0.21486079200030872,0.029307394244053285,960.344694589138,complete,complete
2028,8192,0.0,minimum_norm,27.4675325067461,18325.19128473528,False,1263648768,0.02060979199995927,True,0,1024,0.05807779199994911,8.0,5.841549964056528e-15,1.9026967101614577e-13,21.009348815619365,0.0011464736432585,complete,1.358481791000031,1.4873553749998791,1024,3.535405049667221e-29,3.6202547708592344e-26,3.535405049667221e-29,3.6202547708592344e-26,4096,0.0027343888419324464,11.2000566965553,0.0027343888419324464,11.2000566965553,32768,0.0026076041169839693,85.4459717053307,0.45602275000010195,0.0026076041169839693,85.4459717053307,complete,complete
2028,8192,0.0,ridge,12.653195232732209,18325.19128473528,False,1263648768,0.02060979199995927,False,0,1024,0.05807779199994911,8.0,0.06778022136102596,2.2077223509371917,21.009348815619365,0.0011464736432585,complete,1.358481791000031,1.4873553749998791,1024,0.004759802713698869,4.874037978827642,0.004759802713698869,4.874037978827642,4096,0.015520842151832174,63.57336945390458,0.015520842151832174,63.57336945390458,32768,0.014715078751130551,482.1837005170459,0.45602275000010195,0.014715078751130551,482.1837005170459,complete,complete
2028,8192,0.3,minimum_norm,1026.3762569730925,18325.19128473528,False,1263648768,0.02060979199995927,True,1,1024,0.05807779199994911,8.0,4.425055452764796e-14,1.4699537000647844e-12,21.009348815619365,0.0011464736432585,complete,1.358481791000031,1.4873553749998791,1024,2.1101209768888184e-27,2.16076388033415e-24,0.08129337563892487,83.24441665425907,4096,5.3442527808528535,21890.059390373288,5.236899140039749,21450.33887760281,32768,5.2200744323183095,171051.39899820636,0.45602275000010195,5.132343010017236,168176.61575224478,complete,complete
2028,8192,0.3,ridge,14.803565582920879,18325.19128473528,False,1263648768,0.02060979199995927,False,1,1024,0.05807779199994911,8.0,0.23525441950537904,7.8148874765503615,21.009348815619365,0.0011464736432585,complete,1.358481791000031,1.4873553749998791,1024,0.05964108034291385,61.07246627114378,0.018528748567899895,18.973438533529492,4096,0.12059404468550712,493.95320703183717,0.03029537193968077,124.08984346493243,32768,0.12222601212265936,4005.101965235302,0.45602275000010195,0.029763445444427942,975.2885803230148,complete,complete
2029,64,0.0,minimum_norm,11.455505302378604,81.76134281122904,False,1263681536,0.005196082999873397,False,0,64,0.0008194160000130069,0.0625,0.2883623371871754,9.392474149437888,21.091745679507646,0.25796721230721914,complete,0.0028642919999128935,0.014692415999888908,1024,0.08615094789829979,88.21857064785898,0.08615094789829979,88.21857064785898,4096,0.11688351322444293,478.75487016731824,0.11688351322444293,478.75487016731824,32768,0.12221211284310157,4004.6465136427523,0.008180709000043862,0.12221211284310157,4004.6465136427523,complete,complete
2029,64,0.0,ridge,9.170713676137758,81.76134281122904,False,1263681536,0.005196082999873397,False,0,64,0.0008194160000130069,0.0625,0.29146586765898436,9.493561656262807,21.091745679507646,0.25796721230721914,complete,0.0028642919999128935,0.014692415999888908,1024,0.08801534464967145,90.12771292126357,0.08801534464967145,90.12771292126357,4096,0.11478771229583992,470.1704695637603,0.11478771229583992,470.1704695637603,32768,0.12026865344517759,3940.9632360915793,0.008180709000043862,0.12026865344517759,3940.9632360915793,complete,complete
2029,64,0.3,minimum_norm,11.305884527185503,81.76134281122904,False,1263681536,0.005196082999873397,False,1,64,0.0008194160000130069,0.0625,0.38527701064242115,12.798469383923194,21.091745679507646,0.25796721230721914,complete,0.0028642919999128935,0.014692415999888908,1024,0.15996173688595638,163.80081857121934,0.09230859903806525,94.52400541497882,4096,0.21205482412010307,868.5765595959422,0.12092178111049368,495.2956154285821,32768,0.2193362178828701,7187.209187585888,0.008180709000043862,0.1272212208085095,4168.7849634532395,complete,complete
2029,64,0.3,ridge,9.0878724221706,81.76134281122904,False,1263681536,0.005196082999873397,False,1,64,0.0008194160000130069,0.0625,0.38745836587354143,12.870931553660244,21.091745679507646,0.25796721230721914,complete,0.0028642919999128935,0.014692415999888908,1024,0.16177820220606115,165.66087905900662,0.09391280582522973,96.16671316503525,4096,0.2095443196149983,858.2935331430331,0.11860737669460591,485.8158149411058,32768,0.21699026564431606,7110.337024632949,0.008180709000043862,0.12489748586948136,4092.6408169711653,complete,complete
2029,128,0.0,minimum_norm,19.830127888309047,220.3273407862805,False,1263714304,0.005050917000062327,False,0,128,0.0010987499999828287,0.125,0.2219301041717894,7.228658176197825,20.455541280718883,0.09284159291225205,complete,0.006834667000021,0.0185534159998042,1024,0.051028807644835604,52.25349902831166,0.051028807644835604,52.25349902831166,4096,0.09054402605606182,370.8683307256292,0.09054402605606182,370.8683307256292,32768,0.08956935434394747,2935.0086031424707,0.01094162499975937,0.08956935434394747,2935.0086031424707,complete,complete
2029,128,0.0,ridge,10.480356558642914,220.3273407862805,False,1263714304,0.005050917000062327,False,0,128,0.0010987499999828287,0.125,0.235673045467208,7.6762902148113685,20.455541280718883,0.09284159291225205,complete,0.006834667000021,0.0185534159998042,1024,0.05754436666211803,58.92543146200886,0.05754436666211803,58.92543146200886,4096,0.08754318723289181,358.57689490592486,0.08754318723289181,358.57689490592486,32768,0.08859332966726051,2903.0262265367924,0.01094162499975937,0.08859332966726051,2903.0262265367924,complete,complete
2029,128,0.3,minimum_norm,20.643881619967765,220.3273407862805,False,1263714304,0.005050917000062327,False,1,128,0.0010987499999828287,0.125,0.33646422940143794,11.176963638705814,20.455541280718883,0.09284159291225205,complete,0.006834667000021,0.0185534159998042,1024,0.12199659783296088,124.92451618095194,0.062158862807420265,63.65067551479835,4096,0.18944145918021624,775.9522168021657,0.09714057936514398,397.8878130796297,32768,0.1920823127314492,6294.153223584128,0.01094162499975937,0.09869792734748314,3234.1336833223277,complete,complete
2029,128,0.3,ridge,10.75962625619129,220.3273407862805,False,1263714304,0.005050917000062327,False,1,128,0.0010987499999828287,0.125,0.3465670641321562,11.51256845659083,20.455541280718883,0.09284159291225205,complete,0.006834667000021,0.0185534159998042,1024,0.12943284420672868,132.53923246769017,0.06615843481351343,67.74623724903775,4096,0.18321295589526632,750.4402673470108,0.09140840084530298,374.408809862361,32768,0.18680419758040515,6121.199946314716,0.01094162499975937,0.09424685364681576,3088.280900298859,complete,complete
2029,256,0.0,minimum_norm,68.51943390348586,1169.6786142403291,False,1263730688,0.005354541999849971,False,0,256,0.0022547080000094866,0.25,0.11070592580973629,3.6058888844509642,20.877394067975587,0.017848829425281765,complete,0.01619641699994645,0.029836541999884503,1024,0.012697690084967808,13.002434647007036,0.012697690084967808,13.002434647007036,4096,0.0393436015429624,161.151391919974,0.0393436015429624,161.151391919974,32768,0.039137370180833825,1282.4533460855628,0.01784937499996886,0.039137370180833825,1282.4533460855628,complete,complete
2029,256,0.0,ridge,11.240799472237185,1169.6786142403291,False,1263730688,0.005354541999849971,False,0,256,0.0022547080000094866,0.25,0.1628862694625507,5.305495475410588,20.877394067975587,0.017848829425281765,complete,0.01619641699994645,0.029836541999884503,1024,0.027488556874611544,28.14828223960222,0.027488556874611544,28.14828223960222,4096,0.04892826248400575,200.41016313448756,0.04892826248400575,200.41016313448756,32768,0.05024491395749355,1646.4253405591487,0.01784937499996886,0.05024491395749355,1646.4253405591487,complete,complete
2029,256,0.3,minimum_norm,99.80554406542389,1169.6786142403291,False,1263730688,0.005354541999849971,False,1,256,0.0022547080000094866,0.25,0.2540030921454832,8.43769731504414,20.877394067975587,0.017848829425281765,complete,0.01619641699994645,0.029836541999884503,1024,0.06952610935576473,71.19473598030308,0.035334766251024524,36.18280064104911,4096,0.1755890872177241,719.2129012437979,0.08293423835244429,339.6986402916118,32768,0.18034524918810524,5909.5531253958325,0.01784937499996886,0.08725378628738795,2859.1320690651282,complete,complete
2029,256,0.3,ridge,12.444685450711914,1169.6786142403291,False,1263730688,0.005354541999849971,False,1,256,0.0022547080000094866,0.25,0.29351863545716883,9.750359262925269,20.877394067975587,0.017848829425281765,complete,0.01619641699994645,0.029836541999884503,1024,0.09284131421495379,95.06950575611268,0.03764075257646933,38.544130638304594,4096,0.14830074839836235,607.4398654396922,0.057854644221584456,236.97262273160993,32768,0.15308932936302683,5016.431144567663,0.01784937499996886,0.061064958953379704,2000.9765749843461,complete,complete
2029,384,0.0,minimum_norm,79.56865341522914,3908.8467967753613,False,1263730688,0.005660583000008046,False,0,384,0.002806708999969487,0.375,0.04062976012748649,1.3233835438349018,21.094202612929724,0.005396528364921229,complete,0.028807082999946942,0.04371879099994658,1024,0.0017102968789970935,1.7513440040930237,0.0017102968789970935,1.7513440040930237,4096,0.014781477056995127,60.54493002545204,0.014781477056995127,60.54493002545204,32768,0.014421365621581746,472.55930868799067,0.023302916000375262,0.014421365621581746,472.55930868799067,complete,complete
2029,384,0.0,ridge,11.956824530173314,3908.8467967753613,False,1263730688,0.005660583000008046,False,0,384,0.002806708999969487,0.375,0.1214939343207525,3.95727350718644,21.094202612929724,0.005396528364921229,complete,0.028807082999946942,0.04371879099994658,1024,0.015292982041679367,15.660013610679671,0.015292982041679367,15.660013610679671,4096,0.03175379466269928,130.06354293841625,0.03175379466269928,130.06354293841625,32768,0.03219037739406186,1054.814286448619,0.023302916000375262,0.03219037739406186,1054.814286448619,complete,complete
2029,384,0.3,minimum_norm,168.68738786521902,3908.8467967753613,False,1263730688,0.005660583000008046,False,1,384,0.002806708999969487,0.375,0.21379102940910114,7.101897774506179,21.094202612929724,0.005396528364921229,complete,0.028807082999946942,0.04371879099994658,1024,0.049254835937046715,50.436951999535836,0.03594439608785273,36.807061593961194,4096,0.20661189907294247,846.2823386027724,0.11794847997479427,483.1169739767573,32768,0.21291218332033218,6976.706423040645,0.023302916000375262,0.12000873346110631,3932.4461780535316,complete,complete
2029,384,0.3,ridge,13.251702258109622,3908.8467967753613,False,1263730688,0.005660583000008046,False,1,384,0.002806708999969487,0.375,0.2698531911586712,8.964219794582142,21.094202612929724,0.005396528364921229,complete,0.028807082999946942,0.04371879099994658,1024,0.07847386379451013,80.35723652557837,0.026488364204995517,27.12408494591541,4096,0.13175311106189302,539.6607429095138,0.043510448665050244,178.2187977320458,32768,0.13703980833099055,4490.5204393898985,0.023302916000375262,0.04519797252519311,1481.0471637055277,complete,complete
2029,512,0.0,minimum_norm,116.41590723475676,7941.988798549386,False,1263730688,0.006383541999866793,False,0,512,0.003866874999857828,0.5,0.025079186317246056,0.8168736994969329,21.097629957658356,0.002656466848897075,complete,0.049924417000056565,0.06718437499989705,1024,0.0006516432040330131,0.6672826409298054,0.0006516432040330131,0.6672826409298054,4096,0.016543834969774684,67.76354803619711,0.016543834969774684,67.76354803619711,32768,0.016571858709808606,543.0266662030084,0.030840874999739754,0.016571858709808606,543.0266662030084,complete,complete
2029,512,0.0,ridge,12.5462161398441,7941.988798549386,False,1263730688,0.006383541999866793,False,0,512,0.003866874999857828,0.5,0.11889955854438336,3.8727700742791873,21.097629957658356,0.002656466848897075,complete,0.049924417000056565,0.06718437499989705,1024,0.014646824265851975,14.998348048232423,0.014646824265851975,14.998348048232423,4096,0.03157058586595174,129.31311970693832,0.03157058586595174,129.31311970693832,32768,0.03158388253662053,1034.9406629599816,0.030840874999739754,0.03158388253662053,1034.9406629599816,complete,complete
2029,512,0.3,minimum_norm,382.62456598693177,7941.988798549386,False,1263730688,0.006383541999866793,False,1,512,0.003866874999857828,0.5,0.18851300489990366,6.2621902035104995,21.097629957658356,0.002656466848897075,complete,0.049924417000056565,0.06718437499989705,1024,0.038295923969670784,39.21502614494288,0.04474000235214372,45.81376240859517,4096,0.3161927902453995,1295.1256688451563,0.2286107210931935,936.3895135977206,32768,0.31069201907599586,10180.756081082232,0.030840874999739754,0.21922750591033152,7183.646913669743,complete,complete
2029,512,0.3,ridge,14.08039126347857,7941.988798549386,False,1263730688,0.006383541999866793,False,1,512,0.003866874999857828,0.5,0.26549721753954264,8.819519245466495,21.097629957658356,0.002656466848897075,complete,0.049924417000056565,0.06718437499989705,1024,0.0759608591026893,77.78391972115384,0.026039894418823893,26.664851884875667,4096,0.13322120168730994,545.6740421112215,0.044208725305261806,181.07893885035236,32768,0.13675106060882308,4481.058754029915,0.030840874999739754,0.044721221603407614,1465.4249895004607,complete,complete
2029,768,0.0,minimum_norm,169.79957501149767,54195.95240048829,False,1263812608,0.0060645420001037564,False,0,768,0.005644207999921491,0.75,0.007343562331253444,0.2391928850136652,20.968966048217304,0.0003869101864520122,complete,0.09555291700007729,0.11520750000022417,1024,5.5872301016758255e-05,0.05721323624116045,5.5872301016758255e-05,0.05721323624116045,4096,0.012969025184066044,53.121127153934516,0.012969025184066044,53.121127153934516,32768,0.012132864585665216,397.5697067430778,0.04317700000001423,0.012132864585665216,397.5697067430778,complete,complete
2029,768,0.0,ridge,12.241880684555973,54195.95240048829,False,1263812608,0.0060645420001037564,False,0,768,0.005644207999921491,0.75,0.0979166523458536,3.189319503125557,20.968966048217304,0.0003869101864520122,complete,0.09555291700007729,0.11520750000022417,1024,0.009933358293961964,10.171758893017051,0.009933358293961964,10.171758893017051,4096,0.023683788683353565,97.0087984470162,0.023683788683353565,97.0087984470162,32768,0.023510427846181056,770.3896996636608,0.04317700000001423,0.023510427846181056,770.3896996636608,complete,complete
2029,768,0.3,minimum_norm,2364.594173777267,54195.95240048829,False,1263812608,0.0060645420001037564,False,1,768,0.005644207999921491,0.75,0.13044956421408838,4.3333879458737306,20.968966048217304,0.0003869101864520122,complete,0.09555291700007729,0.11520750000022417,1024,0.018338135829534925,18.778251089443764,0.0633425675867341,64.86278920881571,4096,2.0592623634142675,8434.73864054484,1.9418503059590233,7953.818853208159,32768,1.7118429944276923,56093.67124140662,0.04317700000001423,1.62741696170164,53327.19900103934,complete,complete
2029,768,0.3,ridge,14.00561148040804,54195.95240048829,False,1263812608,0.0060645420001037564,False,1,768,0.005644207999921491,0.75,0.25585617266329075,8.499254567664945,20.968966048217304,0.0003869101864520122,complete,0.09555291700007729,0.11520750000022417,1024,0.07054426582614595,72.23732820597345,0.02203293193262621,22.56172229900924,4096,0.12703785555477448,520.3470563523563,0.03789353438730782,155.21191685041282,32768,0.13037617512625024,4272.166506536968,0.04317700000001423,0.03812885413865509,1249.40629241545,complete,complete
2029,896,0.0,minimum_norm,312.2881443434855,134674.5083764312,False,1263845376,0.006434000000126616,False,0,896,0.0066106250001212175,0.875,0.002868981366679846,0.09344782534574998,20.801245567342125,0.00015445570077152375,complete,0.11620695800002068,0.13771074999999655,1024,8.527828185400194e-06,0.008732496061849799,8.527828185400194e-06,0.008732496061849799,4096,0.015436492357070192,63.22787269455951,0.015436492357070192,63.22787269455951,32768,0.015178302093832847,497.36260301071474,0.04913825000039651,0.015178302093832847,497.36260301071474,complete,complete
2029,896,0.0,ridge,12.11905742534961,134674.5083764312,False,1263845376,0.006434000000126616,False,0,896,0.0066106250001212175,0.875,0.08698470351166737,2.8332464880791304,20.801245567342125,0.00015445570077152375,complete,0.11620695800002068,0.13771074999999655,1024,0.007839146154504619,8.02728566221273,0.007839146154504619,8.02728566221273,4096,0.020223279934632542,82.83455461225489,0.020223279934632542,82.83455461225489,32768,0.01953113349520442,639.9961823708584,0.04913825000039651,0.01953113349520442,639.9961823708584,complete,complete
2029,896,0.3,minimum_norm,4986.792297845522,134674.5083764312,False,1263845376,0.006434000000126616,False,1,896,0.0066106250001212175,0.875,0.09218606111482394,3.0623173670166546,20.801245567342125,0.00015445570077152375,complete,0.11620695800002068,0.13771074999999655,1024,0.009157995758136556,9.377787656331833,0.0721992068824708,73.9319878476501,4096,8.916393661810732,36521.54843877676,8.761834018554755,35888.472140000275,32768,7.857285277426708,257467.52397071838,0.04913825000039651,7.7776693029370065,254858.66771863983,complete,complete
2029,896,0.3,ridge,14.054411848512501,134674.5083764312,False,1263845376,0.006434000000126616,False,1,896,0.0066106250001212175,0.875,0.24968711211533137,8.294325308016216,20.801245567342125,0.00015445570077152375,complete,0.11620695800002068,0.13771074999999655,1024,0.06718342999531084,68.7958323151983,0.02001273859591044,20.49304432221229,4096,0.12374714034347434,506.8682868468709,0.034575120136901547,141.61969208074873,32768,0.12670492111375864,4151.866855055643,0.04913825000039651,0.034519478513653834,1131.1342719354088,complete,complete
2029,960,0.0,minimum_norm,364.625423781176,304705.28296413197,False,1107918848,0.006932041000027311,False,0,960,0.008674208000002182,0.9375,0.0015702525166517392,0.05114591702441359,20.708429125943866,6.796215977778612e-05,complete,0.1326627500000086,0.16015170900004705,1024,2.5545945588556668e-06,0.0026159048282682028,2.5545945588556668e-06,0.0026159048282682028,4096,0.023750020821814686,97.28008528615295,0.023750020821814686,97.28008528615295,32768,0.02241815570792839,734.5981262373975,0.05368124999995416,0.02241815570792839,734.5981262373975,complete,complete
2029,960,0.0,ridge,12.137240197213506,304705.28296413197,False,1107918848,0.006932041000027311,False,0,960,0.008674208000002182,0.9375,0.08686371991105617,2.829305837048448,20.708429125943866,6.796215977778612e-05,complete,0.1326627500000086,0.16015170900004705,1024,0.007817354999566808,8.004971519556412,0.007817354999566808,8.004971519556412,4096,0.020226418395623485,82.8474097484738,0.020226418395623485,82.8474097484738,32768,0.01968045286397448,644.8890794467158,0.05368124999995416,0.01968045286397448,644.8890794467158,complete,complete
2029,960,0.3,minimum_norm,9745.013623144529,304705.28296413197,False,1107918848,0.006932041000027311,False,1,960,0.008674208000002182,0.9375,0.06384136555854161,2.120738429646857,20.708429125943866,6.796215977778612e-05,complete,0.1326627500000086,0.16015170900004705,1024,0.004392120592754902,4.4975314869810195,0.07690960249921111,78.75543295919218,4096,21.66313897327459,88732.21723453273,21.488628233535884,88017.42124456298,32768,21.723839262072744,711846.7649395997,0.05368124999995416,21.65282739830509,709519.8481876611,complete,complete
2029,960,0.3,ridge,14.116128003056263,304705.28296413197,False,1107918848,0.006932041000027311,False,1,960,0.008674208000002182,0.9375,0.2492286666545817,8.27909626493415,20.708429125943866,6.796215977778612e-05,complete,0.1326627500000086,0.16015170900004705,1024,0.06693694820707674,68.54343496404658,0.020003132781905835,20.483207968671575,4096,0.1241051414408739,508.3346593418195,0.03500308842317469,143.37265018132354,32768,0.12707324674446913,4163.936149322764,0.05368124999995416,0.034875681857529324,1142.806343107521,complete,complete
2029,992,0.0,minimum_norm,467.9503465065141,731533.7974706981,False,1107951616,0.0073502499999449356,False,0,992,0.007658124999807114,0.96875,0.0009928701648235093,0.032339547001243016,20.765814856818032,2.8386678686092852e-05,complete,0.14408087499987232,0.16931516599993301,1024,1.0213342775835987e-06,0.001045846300245605,1.0213342775835987e-06,0.001045846300245605,4096,0.03679925203149295,150.72973632099513,0.03679925203149295,150.72973632099513,32768,0.03445191759083656,1128.9204356165324,0.05559524999989662,0.03445191759083656,1128.9204356165324,complete,complete
2029,992,0.0,ridge,12.030204747005023,731533.7974706981,False,1107951616,0.0073502499999449356,False,0,992,0.007658124999807114,0.96875,0.08128103440403428,2.6474678417657667,20.765814856818032,2.8386678686092852e-05,complete,0.14408087499987232,0.16931516599993301,1024,0.006844810520687389,7.009085973183886,0.006844810520687389,7.009085973183886,4096,0.01830330397891497,74.97033309763572,0.01830330397891497,74.97033309763572,32768,0.01798448864613606,589.3157239565865,0.05559524999989662,0.01798448864613606,589.3157239565865,complete,complete
2029,992,0.3,minimum_norm,19898.7490153314,731533.7974706981,False,1107951616,0.0073502499999449356,False,1,992,0.007658124999807114,0.96875,0.04589027316747182,1.5244233108392282,20.765814856818032,2.8386678686092852e-05,complete,0.14408087499987232,0.16931516599993301,1024,0.002269400811162145,2.3238664306300363,0.07901401501510114,80.91035137546356,4096,78.44483789269596,321310.05600848264,78.27060991385176,320596.4182071368,32768,78.22226838164666,2563187.2903297977,0.05559524999989662,78.15406704645147,2560952.468978122,complete,complete
2029,992,0.3,ridge,14.010277350940664,731533.7974706981,False,1107951616,0.0073502499999449356,False,1,992,0.007658124999807114,0.96875,0.24651557049085013,8.188970258896937,20.765814856818032,2.8386678686092852e-05,complete,0.14408087499987232,0.16931516599993301,1024,0.06548753310654158,67.05923390109858,0.01911328695465946,19.572005841571286,4096,0.12249311569725668,501.7318018959634,0.033359564032043446,136.64077427524995,32768,0.12559792087833221,4115.59267134119,0.05559524999989662,0.03340420205912541,1094.5888930734213,complete,complete
2029,1023,0.0,minimum_norm,11636.965736571537,26106909.612500988,False,1107968000,0.007662666999976864,False,0,1023,0.008982250000144631,0.9990234375,2.3454353961014842e-05,0.0007639500200319342,20.720879227490116,7.93693299400254e-07,complete,0.16743741699997372,0.19338695800001915,1024,5.69941047955852e-10,5.836196331067924e-07,5.69941047955852e-10,5.836196331067924e-07,4096,18.60471450097259,76204.91059598373,18.60471450097259,76204.91059598373,32768,18.470192493821294,605231.2676375362,0.06730699999980061,18.470192493821294,605231.2676375362,complete,complete
2029,1023,0.0,ridge,12.0608788775623,26106909.612500988,False,1107968000,0.007662666999976864,False,0,1023,0.008982250000144631,0.9990234375,0.08057269025686763,2.6243958131642993,20.720879227490116,7.93693299400254e-07,complete,0.16743741699997372,0.19338695800001915,1024,0.00672602869546318,6.887453384154297,0.00672602869546318,6.887453384154297,4096,0.018277299155177427,74.86381733960674,0.018277299155177427,74.86381733960674,32768,0.017902789973115462,586.6386218390475,0.06730699999980061,0.017902789973115462,586.6386218390475,complete,complete
2029,1023,0.3,minimum_norm,359195.36402573873,26106909.612500988,False,1107968000,0.007662666999976864,False,1,1023,0.008982250000144631,0.9990234375,0.0003134612769999914,0.010412831406785563,20.720879227490116,7.93693299400254e-07,complete,0.16743741699997372,0.19338695800001915,1024,1.0588579873646465e-07,0.0001084270579061398,0.08129328529029317,83.24432413726021,4096,17897.742405769724,73309152.89403279,17898.04460426238,73310390.69905871,32768,17934.61465289499,587681452.946063,0.06730699999980061,17934.17777466503,587667137.3202237,complete,complete
2029,1023,0.3,ridge,14.054459322577394,26106909.612500988,False,1107968000,0.007662666999976864,False,1,1023,0.008982250000144631,0.9990234375,0.24643431740328425,8.186271122626577,20.720879227490116,7.93693299400254e-07,complete,0.16743741699997372,0.19338695800001915,1024,0.06544437001284159,67.01503489314979,0.019007154332350156,19.46332603632656,4096,0.12249022130317713,501.71994645781353,0.033396103001755634,136.79043789519108,32768,0.1255975231416007,4115.5796383039715,0.06730699999980061,0.03338661626248028,1094.0126416889539,complete,complete
2029,1024,0.0,minimum_norm,12352.820639244983,54125420.319487765,False,1108049920,0.007216792000008354,True,0,1024,0.010553583000046274,1.0,4.2886784893069744e-13,1.3968988543715255e-11,20.712284459932583,3.8267202984611574e-07,complete,0.17290000000002692,0.20169341699988763,1024,1.9055921966254691e-25,1.9513264093444804e-22,1.9055921966254691e-25,1.9513264093444804e-22,4096,19.370859040284145,79343.03862900386,19.370859040284145,79343.03862900386,32768,19.419528139231954,636339.0980663527,0.059698624999782623,19.419528139231954,636339.0980663527,complete,complete
2029,1024,0.0,ridge,12.068643172334482,54125420.319487765,False,1108049920,0.007216792000008354,False,0,1024,0.010553583000046274,1.0,0.08048077248930997,2.6214018880072185,20.712284459932583,3.8267202984611574e-07,complete,0.17290000000002692,0.20169341699988763,1024,0.006710691268015447,6.871747858447818,0.006710691268015447,6.871747858447818,4096,0.018318252623907995,75.03156274752715,0.018318252623907995,75.03156274752715,32768,0.01791196571379945,586.9392925097803,0.059698624999782623,0.01791196571379945,586.9392925097803,complete,complete
2029,1024,0.3,minimum_norm,352412.6404154757,54125420.319487765,False,1108049920,0.007216792000008354,True,1,1024,0.010553583000046274,1.0,1.2593741041900984e-11,4.183499266802084e-10,20.712284459932583,3.8267202984611574e-07,complete,0.17290000000002692,0.20169341699988763,1024,1.7091470815755442e-22,1.7501666115333573e-19,0.08129337563900016,83.24441665433616,4096,17696.663948804155,72485535.53430182,17697.13297792311,72487456.67757306,32768,17683.59097806987,579455909.1693935,0.059698624999782623,17683.146218360976,579441335.2832525,complete,complete
2029,1024,0.3,ridge,14.061820245613994,54125420.319487765,False,1108049920,0.007216792000008354,False,1,1024,0.010553583000046274,1.0,0.24634322467702036,8.183245124614801,20.712284459932583,3.8267202984611574e-07,complete,0.17290000000002692,0.20169341699988763,1024,0.065395996845246,66.9655007695319,0.018997601324689042,19.45354375648158,4096,0.12262767504956254,502.28295700300816,0.03351450145567941,137.27539796246288,32768,0.12564532846409165,4117.146123111355,0.059698624999782623,0.03343967318423335,1095.7512109009583,complete,complete
2029,1025,0.0,minimum_norm,4339.370251062811,39624768.34947065,False,1108066304,0.007721875000015643,True,0,1024,0.009194750000006024,1.0009765625,4.036457643455195e-13,1.3147460393499682e-11,20.722847219807115,5.22977119690441e-07,complete,0.18018241699996906,0.20717245799983175,1024,1.6880440898304962e-25,1.728557147986428e-22,1.6880440898304962e-25,1.728557147986428e-22,4096,2.7483366954947845,11257.187104746637,2.7483366954947845,11257.187104746637,32768,2.72998691020371,89456.21107355517,0.0697788339998624,2.72998691020371,89456.21107355517,complete,complete
2029,1025,0.0,ridge,12.071897757117185,39624768.34947065,False,1108066304,0.007721875000015643,False,0,1024,0.009194750000006024,1.0009765625,0.0804939762789596,2.6218319589178947,20.722847219807115,5.22977119690441e-07,complete,0.18018241699996906,0.20717245799983175,1024,0.006712893379690665,6.874002820803241,0.006712893379690665,6.874002820803241,4096,0.01832471153652894,75.05801845362254,0.01832471153652894,75.05801845362254,32768,0.01791824638929427,587.1450976843946,0.0697788339998624,0.01791824638929427,587.1450976843946,complete,complete
2029,1025,0.3,minimum_norm,205288.35453786462,39624768.34947065,False,1108066304,0.007721875000015643,True,1,1024,0.009194750000006024,1.0009765625,2.0883336956951686e-11,6.937209885220945e-10,20.722847219807115,5.22977119690441e-07,complete,0.18018241699996906,0.20717245799983175,1024,4.6996954093366415e-22,4.812488099160721e-19,0.08129337563913155,83.24441665447071,4096,6074.573896305673,24881454.679268036,6076.395352341231,24888915.363189682,32768,5868.7082324286075,192305831.3602206,0.0697788339998624,5868.439370673643,192297021.29823393,complete,complete
2029,1025,0.3,ridge,14.065965145930235,39624768.34947065,False,1108066304,0.007721875000015643,False,1,1024,0.009194750000006024,1.0009765625,0.24632564968681986,8.182661303188164,20.722847219807115,5.22977119690441e-07,complete,0.18018241699996906,0.20717245799983175,1024,0.06538666601825482,66.95594600269294,0.018995375104389135,19.451264106894474,4096,0.12261212518918496,502.2192647749016,0.033498228190612635,137.20874266874935,32768,0.12565272906629654,4117.388626044405,0.0697788339998624,0.03344778103662052,1096.0168890079813,complete,complete
2029,1056,0.0,minimum_norm,480.50520714004983,697136.6629872158,False,1108066304,0.007100792000073852,True,0,1024,0.008051833000081388,1.03125,3.495890278689245e-14,1.1386736351268638e-12,20.753225889965574,2.9769236064903603e-05,complete,0.18390545900001598,0.20863699999995333,1024,1.2661891087236585e-27,1.2965776473330263e-24,1.2661891087236585e-27,1.2965776473330263e-24,4096,0.03980918486832164,163.05842122064544,0.03980918486832164,163.05842122064544,32768,0.03819516123829051,1251.5790434563035,0.05956324999988283,0.03819516123829051,1251.5790434563035,complete,complete
2029,1056,0.0,ridge,12.041149570575717,697136.6629872158,False,1108066304,0.007100792000073852,False,0,1024,0.008051833000081388,1.03125,0.07960155683328864,2.592764270482288,20.753225889965574,2.9769236064903603e-05,complete,0.18390545900001598,0.20863699999995333,1024,0.006564869689735884,6.722426562289545,0.006564869689735884,6.722426562289545,4096,0.018358970427763896,75.19834287212092,0.018358970427763896,75.19834287212092,32768,0.017963516829586298,588.6285194718838,0.05956324999988283,0.017963516829586298,588.6285194718838,complete,complete
2029,1056,0.3,minimum_norm,22419.310323811773,697136.6629872158,False,1108066304,0.007100792000073852,True,1,1024,0.008051833000081388,1.03125,1.0163540702954752e-12,3.3762140207153415e-11,20.753225889965574,2.9769236064903603e-05,complete,0.18390545900001598,0.20863699999995333,1024,1.1131661243823097e-24,1.1398821113674851e-21,0.081293375638939,83.24441665427354,4096,136.96418309284942,561005.2939483112,136.86419342658576,560595.7362752953,32768,126.67769699438881,4150974.7751121325,0.05956324999988283,126.56114745090073,4147155.6796711152,complete,complete
2029,1056,0.3,ridge,14.038106419977627,697136.6629872158,False,1108066304,0.007100792000073852,False,1,1024,0.008051833000081388,1.03125,0.24587375465654568,8.16764985804622,20.753225889965574,2.9769236064903603e-05,complete,0.18390545900001598,0.20863699999995333,1024,0.06514697676136956,66.71050420364243,0.01892770774295416,19.38197272878506,4096,0.12289662422396123,503.3845728213452,0.033670685321380775,137.91512707637565,32768,0.12573499703665683,4120.084382897171,0.05956324999988283,0.033520433052297814,1098.3975502576948,complete,complete
2029,1088,0.0,minimum_norm,315.5112647267974,404880.94888768677,False,1108082688,0.007298207999838269,True,0,1024,0.008314334000033341,1.0625,1.9649686680404894e-14,6.400252404337393e-13,20.804155960025504,5.13833906415699e-05,complete,0.18764000000010128,0.21320479199994224,1024,4.0003155116432204e-28,4.0963230839226577e-25,4.0003155116432204e-28,4.0963230839226577e-25,4096,0.026604945697632325,108.973857577502,0.026604945697632325,108.973857577502,32768,0.02482612419429826,813.5024375987654,0.06176412500008155,0.02482612419429826,813.5024375987654,complete,complete
2029,1088,0.0,ridge,12.081437803775986,404880.94888768677,False,1108082688,0.007298207999838269,False,0,1024,0.008314334000033341,1.0625,0.07994694405868721,2.604014146654558,20.804155960025504,5.13833906415699e-05,complete,0.18764000000010128,0.21320479199994224,1024,0.006621962574196357,6.780889675977069,0.006621962574196357,6.780889675977069,4096,0.01848499289523248,75.71453089887224,0.01848499289523248,75.71453089887224,32768,0.018028323622855173,590.7521084737183,0.06176412500008155,0.018028323622855173,590.7521084737183,complete,complete
2029,1088,0.3,minimum_norm,12939.348889273928,404880.94888768677,False,1108082688,0.007298207999838269,True,1,1024,0.008314334000033341,1.0625,7.897616964738024e-13,2.6234996155263163e-11,20.804155960025504,5.13833906415699e-05,complete,0.18764000000010128,0.21320479199994224,1024,6.721435774088603e-25,6.882750232666729e-22,0.08129337563895059,83.2444166542854,4096,63.532848700602145,260230.54827766638,63.431620625951844,259815.91808389875,32768,54.35941650248985,1781249.3599535874,0.06176412500008155,54.278317091181876,1778591.8944438477,complete,complete
2029,1088,0.3,ridge,14.060017761605057,404880.94888768677,False,1108082688,0.007298207999838269,False,1,1024,0.008314334000033341,1.0625,0.24590093219099357,8.168552665203029,20.804155960025504,5.13833906415699e-05,complete,0.18764000000010128,0.21320479199994224,1024,0.06516137953534723,66.72525264419556,0.01899126398060743,19.447054316142008,4096,0.12286671998080316,503.26208504136974,0.033607573372053695,137.65662053193194,32768,0.12559136072114152,4115.377708110365,0.06176412500008155,0.033420716241227735,1095.1300297925504,complete,complete
2029,1152,0.0,minimum_norm,200.82003354964323,213404.0701214894,False,1108148224,0.007253666999986308,True,0,1024,0.008861208000098486,1.125,9.366607464406417e-15,3.0508706280967765e-13,20.77808769305198,9.736500190096264e-05,complete,0.2014684580001358,0.22727624999993168,1024,9.08965975525744e-29,9.307811589383619e-26,9.08965975525744e-29,9.307811589383619e-26,4096,0.01820037137328731,74.54872114498482,0.01820037137328731,74.54872114498482,32768,0.01723106582763635,564.6275650399879,0.06698545800009015,0.01723106582763635,564.6275650399879,complete,complete
2029,1152,0.0,ridge,12.160043561064747,213404.0701214894,False,1108148224,0.007253666999986308,False,0,1024,0.008861208000098486,1.125,0.07997952747582579,2.6050754464975254,20.77808769305198,9.736500190096264e-05,complete,0.2014684580001358,0.22727624999993168,1024,0.006627361408148723,6.7864180819442925,0.006627361408148723,6.7864180819442925,4096,0.018811698081039316,77.05271533993704,0.018811698081039316,77.05271533993704,32768,0.018141566617009865,594.4628549061792,0.06698545800009015,0.018141566617009865,594.4628549061792,complete,complete
2029,1152,0.3,minimum_norm,9513.65269861699,213404.0701214894,False,1108148224,0.007253666999986308,True,1,1024,0.008861208000098486,1.125,4.208270614186078e-13,1.397940212552977e-11,20.77808769305198,9.736500190096264e-05,complete,0.2014684580001358,0.22727624999993168,1024,1.9084344119850219e-25,1.9542368378726624e-22,0.08129337563892053,83.24441665425462,4096,40.62800272970888,166412.29918088758,40.55149733291704,166098.93307562819,32768,36.53315431360613,1197118.4005482458,0.06698545800009015,36.44008004390075,1194068.5428785398,complete,complete
2029,1152,0.3,ridge,14.109526730081916,213404.0701214894,False,1108148224,0.007253666999986308,False,1,1024,0.008861208000098486,1.125,0.24524072829169705,8.146621433494694,20.77808769305198,9.736500190096264e-05,complete,0.2014684580001358,0.22727624999993168,1024,0.06481195388737807,66.36744078067514,0.01918053423996874,19.640867061727988,4096,0.12350253096215959,505.86636682100567,0.03427031984422303,140.37123008193754,32768,0.1260556809591682,4130.592553670023,0.06698545800009015,0.0337807818091075,1106.9286583208345,complete,complete
2029,1280,0.0,minimum_norm,133.37620625859955,124625.36271182324,False,1108164608,0.007648750000043947,True,0,1024,0.011443415999792705,1.25,6.3940186477604814e-15,2.0826455856172408e-13,20.84271157549951,0.00016724293612444715,complete,0.22380070799999885,0.2537745409999843,1024,4.235754526651348e-29,4.3374126352909803e-26,4.235754526651348e-29,4.3374126352909803e-26,4096,0.010934404917297457,44.78732254125038,0.010934404917297457,44.78732254125038,32768,0.01054451999184142,345.52283109265966,0.07385495800008357,0.01054451999184142,345.52283109265966,complete,complete
2029,1280,0.0,ridge,12.260066845108636,124625.36271182324,False,1108164608,0.007648750000043947,False,0,1024,0.011443415999792705,1.25,0.0799210176943346,2.603169678859817,20.84271157549951,0.00016724293612444715,complete,0.22380070799999885,0.2537745409999843,1024,0.0066176683368507,6.776492376935117,0.0066176683368507,6.776492376935117,4096,0.019079539473080543,78.1497936817379,0.019079539473080543,78.1497936817379,32768,0.018397499386904964,602.8492599101019,0.07385495800008357,0.018397499386904964,602.8492599101019,complete,complete
2029,1280,0.3,minimum_norm,6286.072976635989,124625.36271182324,False,1108164608,0.007648750000043947,True,1,1024,0.011443415999792705,1.25,3.820303213325433e-13,1.2690618013133394e-11,20.84271157549951,0.00016724293612444715,complete,0.22380070799999885,0.2537745409999843,1024,1.5727713433131424e-25,1.6105178555526578e-22,0.08129337563892441,83.2444166542586,4096,25.851503630445766,105887.75887030586,25.74758473438779,105462.10707205239,32768,27.273961161888636,893713.1593527668,0.07385495800008357,27.195790302579816,891151.6566349354,complete,complete
2029,1280,0.3,ridge,14.261646221562357,124625.36271182324,False,1108164608,0.007648750000043947,False,1,1024,0.011443415999792705,1.25,0.2452200636818826,8.145934978376077,20.84271157549951,0.00016724293612444715,complete,0.22380070799999885,0.2537745409999843,1024,0.06480103190618251,66.3562566719309,0.019166603891118066,19.6266023845049,4096,0.12397141687026207,507.78692350059345,0.03443176026226466,141.03249003423605,32768,0.12610286567556556,4132.138702456932,0.07385495800008357,0.033847424132172614,1109.1123939630322,complete,complete
2029,1536,0.0,minimum_norm,83.23356030486353,75927.60662014311,False,1108230144,0.008137750000059896,True,0,1024,0.012157167000168556,1.5,5.349292638838872e-15,1.7423597449711263e-13,20.81333094624685,0.00027412072989964635,complete,0.278229458999931,0.3100615000000744,1024,2.9646655086873514e-29,3.035817480895848e-26,2.9646655086873514e-29,3.035817480895848e-26,4096,0.008136565430092649,33.32737200165949,0.008136565430092649,33.32737200165949,32768,0.008076285477291657,264.643722519893,0.10070637499984514,0.008076285477291657,264.643722519893,complete,complete
2029,1536,0.0,ridge,12.328146232365764,75927.60662014311,False,1108230144,0.008137750000059896,False,0,1024,0.012157167000168556,1.5,0.07829045998613425,2.550059514499145,20.81333094624685,0.00027412072989964635,complete,0.278229458999931,0.3100615000000744,1024,0.006350394069812129,6.50280352748762,0.006350394069812129,6.50280352748762,4096,0.018829830251361153,77.12698470957528,0.018829830251361153,77.12698470957528,32768,0.018624438413404304,610.2855979304322,0.10070637499984514,0.018624438413404304,610.2855979304322,complete,complete
2029,1536,0.3,minimum_norm,3802.026985979702,75927.60662014311,False,1108230144,0.008137750000059896,True,1,1024,0.012157167000168556,1.5,1.650460585371095e-13,5.4826446135527905e-12,20.81333094624685,0.00027412072989964635,complete,0.278229458999931,0.3100615000000744,1024,2.935487495949163e-26,3.005939195851943e-23,0.08129337563892562,83.24441665425984,4096,16.569235768248546,67867.58970674605,16.4810556904179,67506.40410795172,32768,19.107743887704572,626122.5517123034,0.10070637499984514,19.031072551553713,623610.1853693121,complete,complete
2029,1536,0.3,ridge,14.375906829416254,75927.60662014311,False,1108230144,0.008137750000059896,False,1,1024,0.012157167000168556,1.5,0.24406132008839596,8.107442818201953,20.81333094624685,0.00027412072989964635,complete,0.278229458999931,0.3100615000000744,1024,0.0641900674320454,65.73062905041449,0.01894868553842983,19.403453991352144,4096,0.12332650531263162,505.1453657605391,0.03395013171214529,139.0597394929471,32768,0.1258811477594502,4124.873449781664,0.10070637499984514,0.03365899641125568,1102.937994404026,complete,complete
2029,2048,0.0,minimum_norm,54.44210067262909,45536.98725438768,False,1108262912,0.009000250000099186,True,0,1024,0.0170764169999984,2.0,6.569531210171425e-15,2.1398131485322394e-13,20.807462338617427,0.0004569354187262914,complete,0.3439837079999961,0.3846991660000185,1024,4.471484678351031e-29,4.5788003106314556e-26,4.471484678351031e-29,4.5788003106314556e-26,4096,0.004494163046966623,18.40809184037529,0.004494163046966623,18.40809184037529,32768,0.005017496733931426,164.41333297746496,0.1533094589999564,0.005017496733931426,164.41333297746496,complete,complete
2029,2048,0.0,ridge,12.56432185378066,45536.98725438768,False,1108262912,0.009000250000099186,False,0,1024,0.0170764169999984,2.0,0.07917674701110436,2.57892745908655,20.807462338617427,0.0004569354187262914,complete,0.3439837079999961,0.3846991660000185,1024,0.006494987147686142,6.650866839230609,0.006494987147686142,6.650866839230609,4096,0.01863538273701343,76.330527690807,0.01863538273701343,76.330527690807,32768,0.01852675597224193,607.0847396984236,0.1533094589999564,0.01852675597224193,607.0847396984236,complete,complete
2029,2048,0.3,minimum_norm,2343.22054249988,45536.98725438768,False,1108262912,0.009000250000099186,True,1,1024,0.0170764169999984,2.0,9.826004238285617e-14,3.264088199820334e-12,20.807462338617427,0.0004569354187262914,complete,0.3439837079999961,0.3846991660000185,1024,1.0404562281451514e-26,1.065427177620635e-23,0.08129337563892841,83.2444166542627,4096,10.667816440134885,43695.37613879249,10.534361263431144,43148.743735013966,32768,11.59049532221874,379797.35071846365,0.1533094589999564,11.51373242661485,377281.9841553154,complete,complete
2029,2048,0.3,ridge,14.72558105159055,45536.98725438768,False,1108262912,0.009000250000099186,False,1,1024,0.0170764169999984,2.0,0.2424047231335183,8.052412528766439,20.807462338617427,0.0004569354187262914,complete,0.3439837079999961,0.3846991660000185,1024,0.06332162845061995,64.84134753343483,0.019534763368784538,20.003597689635367,4096,0.1232067017236785,504.6546502601871,0.034137448459700355,139.82698889093265,32768,0.12607527765642274,4131.23469824566,0.1533094589999564,0.033842921219122184,1108.9648425081957,complete,complete
2029,3072,0.0,minimum_norm,41.402057314264916,28467.929512185285,False,1108328448,0.01063174999990224,True,0,1024,0.02065149999998539,3.0,7.958385253072446e-15,2.5921876098622154e-13,20.86760250336915,0.0007330214336254091,complete,0.5151529170000231,0.5668073340000319,1024,6.561949809299986e-29,6.719436604723186e-26,6.561949809299986e-29,6.719436604723186e-26,4096,0.004273448884344494,17.50404663027505,0.004273448884344494,17.50404663027505,32768,0.00450863266000817,147.7388750031477,0.17115754199994626,0.00450863266000817,147.7388750031477,complete,complete
2029,3072,0.0,ridge,12.575532044560248,28467.929512185285,False,1108328448,0.01063174999990224,False,0,1024,0.02065149999998539,3.0,0.07463328894492836,2.43093894972753,20.86760250336915,0.0007330214336254091,complete,0.5151529170000231,0.5668073340000319,1024,0.005770961110646857,5.9094641773023815,0.005770961110646857,5.9094641773023815,4096,0.018066300410066908,73.99956647963405,0.018066300410066908,73.99956647963405,32768,0.017836151635408866,584.4550167890777,0.17115754199994626,0.017836151635408866,584.4550167890777,complete,complete
2029,3072,0.3,minimum_norm,1622.0722660196475,28467.929512185285,False,1108328448,0.01063174999990224,True,1,1024,0.02065149999998539,3.0,7.876649186670755e-14,2.6165343552530554e-12,20.86760250336915,0.0007330214336254091,complete,0.5151529170000231,0.5668073340000319,1024,6.685793000214377e-27,6.846252032219522e-24,0.08129337563892441,83.2444166542586,4096,8.396761776136852,34393.13623505655,8.276650154179343,33901.15903151859,32768,8.281633812053316,271372.5767533631,0.17115754199994626,8.193391848242936,268481.0640832245,complete,complete
2029,3072,0.3,ridge,14.657585405077974,28467.929512185285,False,1108328448,0.01063174999990224,False,1,1024,0.02065149999998539,3.0,0.23925468527422367,7.947771810564338,20.86760250336915,0.0007330214336254091,complete,0.5151529170000231,0.5668073340000319,1024,0.061686598391407395,63.16707675280117,0.01941241204537726,19.878309934466316,4096,0.12253509365030585,501.90374359165276,0.033383822085964396,136.74013526411017,32768,0.12529375895769332,4105.625893525695,0.17115754199994626,0.03298416596507213,1080.8251503434835,complete,complete
2029,4096,0.0,minimum_norm,35.56489960850243,23416.31277299282,False,1108377600,0.012314042000070913,True,0,1024,0.027473374999999578,4.0,1.4121227243014167e-14,4.599534846752772e-13,20.79515842934121,0.0008880628914952522,complete,0.6744394580000517,0.7401094159999957,1024,2.065988360009087e-28,2.115572080649305e-25,2.065988360009087e-28,2.115572080649305e-25,4096,0.004148557612343777,16.99249198016011,0.004148557612343777,16.99249198016011,32768,0.0042426960608173,139.02466452086128,0.21658220800009076,0.0042426960608173,139.02466452086128,complete,complete
2029,4096,0.0,ridge,12.445625629782397,23416.31277299282,False,1108377600,0.012314042000070913,False,0,1024,0.027473374999999578,4.0,0.07246173975903475,2.360207730832257,20.79515842934121,0.0008880628914952522,complete,0.6744394580000517,0.7401094159999957,1024,0.00544002005144565,5.570580532680346,0.00544002005144565,5.570580532680346,4096,0.017241619930917104,70.62167523703646,0.017241619930917104,70.62167523703646,32768,0.016902000837461947,553.8447634419531,0.21658220800009076,0.016902000837461947,553.8447634419531,complete,complete
2029,4096,0.3,minimum_norm,1358.43137743355,23416.31277299282,False,1108377600,0.012314042000070913,True,1,1024,0.027473374999999578,4.0,6.550085066999274e-14,2.175864660398516e-12,20.79515842934121,0.0008880628914952522,complete,0.6744394580000517,0.7401094159999957,1024,4.6234248245812005e-27,4.734387020371149e-24,0.08129337563892611,83.24441665426033,4096,6.946022273608581,28450.90723270075,6.8216729595550945,27941.572442337667,32768,7.078886436325494,231960.95074551378,0.21658220800009076,6.993146679906272,229151.43040716872,complete,complete
2029,4096,0.3,ridge,14.585350072409314,23416.31277299282,False,1108377600,0.012314042000070913,False,1,1024,0.027473374999999578,4.0,0.23812793238303895,7.910342345574904,20.79515842934121,0.0008880628914952522,complete,0.6744394580000517,0.7401094159999957,1024,0.061106949242378444,62.57351602419553,0.019167334073260496,19.627350091018748,4096,0.1213592864889721,497.0876374588297,0.03266063546646138,133.7779628706258,32768,0.12436212827375687,4075.098219274465,0.21658220800009076,0.031976818337543636,1047.8163832846299,complete,complete
2029,8192,0.0,minimum_norm,29.800302322569454,17393.856807109507,False,1175519232,0.01873908300012772,True,0,1024,0.06295875000000706,8.0,1.5924728136767867e-14,5.18696716153785e-13,20.67204580017889,0.0011884682062996785,complete,1.3783605420001095,1.5090274169999702,1024,2.627405110827346e-28,2.6904628334872025e-25,2.627405110827346e-28,2.6904628334872025e-25,4096,0.003666725409208594,15.018907276118401,0.003666725409208594,15.018907276118401,32768,0.003457296513985757,113.28869217028529,0.43953987500026415,0.003457296513985757,113.28869217028529,complete,complete
2029,8192,0.0,ridge,12.531504864828186,17393.856807109507,False,1175519232,0.01873908300012772,False,0,1024,0.06295875000000706,8.0,0.07056757854460932,2.2985115314780025,20.67204580017889,0.0011884682062996785,complete,1.3783605420001095,1.5090274169999702,1024,0.005159331308923197,5.283155260337354,0.005159331308923197,5.283155260337354,4096,0.01724433709743091,70.632804751077,0.01724433709743091,70.632804751077,32768,0.016407854044068297,537.65256131603,0.43953987500026415,0.016407854044068297,537.65256131603,complete,complete
2029,8192,0.3,minimum_norm,1002.3414627192824,17393.856807109507,False,1175519232,0.01873908300012772,True,1,1024,0.06295875000000706,8.0,5.54853730902141e-14,1.843161748910414e-12,20.67204580017889,0.0011884682062996785,complete,1.3783605420001095,1.5090274169999702,1024,3.317622297506344e-27,3.397245232646496e-24,0.08129337563892522,83.24441665425942,4096,5.686003391994938,23289.869893611267,5.569533535606254,22812.809361843218,32768,5.11584428541347,167635.98554442858,0.43953987500026415,5.028754838428966,164782.23854564037,complete,complete
2029,8192,0.3,ridge,14.709247290586934,17393.856807109507,False,1175519232,0.01873908300012772,False,1,1024,0.06295875000000706,8.0,0.23675361794096242,7.864689164032949,20.67204580017889,0.0011884682062996785,complete,1.3783605420001095,1.5090274169999702,1024,0.0604036480926341,61.85333564685732,0.018925331671266463,19.379539631376858,4096,0.12064788994141286,494.17375720002707,0.03155166173727175,129.2356064758651,32768,0.123135948254159,4034.918752392282,0.43953987500026415,0.030842310650623143,1010.6408353996192,complete,complete
2030,64,0.0,minimum_norm,13.570612406724933,118.20381279165746,False,1175584768,0.005545041000004858,False,0,64,0.0007533749999311112,0.0625,0.2980888259388295,9.709283185790685,22.890880019523475,0.1936560207230393,complete,0.002714209000032497,0.014724541000077807,1024,0.0920607226385523,94.27017998187756,0.0920607226385523,94.27017998187756,4096,0.12731662721462345,521.4889050710976,0.12731662721462345,521.4889050710976,32768,0.12086654533652744,3960.554957587331,0.007944583000153216,0.12086654533652744,3960.554957587331,complete,complete
2030,64,0.0,ridge,10.550616095019562,118.20381279165746,False,1175584768,0.005545041000004858,False,0,64,0.0007533749999311112,0.0625,0.302285225327154,9.84596737679851,22.890880019523475,0.1936560207230393,complete,0.002714209000032497,0.014724541000077807,1024,0.09467097029783272,96.94307358498071,0.09467097029783272,96.94307358498071,4096,0.1227694729195315,502.863761078401,0.1227694729195315,502.863761078401,32768,0.11869227402463911,3889.3084352393744,0.007944583000153216,0.11869227402463911,3889.3084352393744,complete,complete
2030,64,0.3,minimum_norm,14.165855004715635,118.20381279165746,False,1175584768,0.005545041000004858,False,1,64,0.0007533749999311112,0.0625,0.37975448704488024,12.615017355297695,22.890880019523475,0.1936560207230393,complete,0.002714209000032497,0.014724541000077807,1024,0.15540885046334216,159.13866287446237,0.09814179634259797,100.49719945482032,4096,0.22000250105840158,901.1302443352129,0.12968144690830377,531.1752065364122,32768,0.21708532694012334,7113.4519931739615,0.007944583000153216,0.12479610913644776,4089.31890418312,complete,complete
2030,64,0.3,ridge,10.757870254342519,118.20381279165746,False,1175584768,0.005545041000004858,False,1,64,0.0007533749999311112,0.0625,0.38338299848117824,12.735552428099576,22.890880019523475,0.1936560207230393,complete,0.002714209000032497,0.014724541000077807,1024,0.15839286684460274,162.1942956488732,0.09969602475097339,102.08872934499675,4096,0.21315520819996203,873.0837327870445,0.12369517600494086,506.65544091623775,32768,0.21311474285748655,6983.343893954119,0.007944583000153216,0.12063094519642356,3952.8348121964073,complete,complete
2030,128,0.0,minimum_norm,22.96495093128636,281.49758015921,False,1175584768,0.005271792000030473,False,0,128,0.001165374999800406,0.125,0.22915088504605205,7.463851850801193,21.27164540722335,0.07556599738865424,complete,0.007552958000133003,0.019553708000103143,1024,0.0544034027838949,55.709084450708374,0.0544034027838949,55.709084450708374,4096,0.09491319858217702,388.76446139259707,0.09491319858217702,388.76446139259707,32768,0.09035109639894526,2960.624726800638,0.01111612500017145,0.09035109639894526,2960.624726800638,complete,complete
2030,128,0.0,ridge,10.532579487068002,281.49758015921,False,1175584768,0.005271792000030473,False,0,128,0.001165374999800406,0.125,0.24376369152607355,7.939816945456572,21.27164540722335,0.07556599738865424,complete,0.007552958000133003,0.019553708000103143,1024,0.061563176882186876,63.04069312735936,0.061563176882186876,63.04069312735936,4096,0.08803073333046929,360.5738837216022,0.08803073333046929,360.5738837216022,32768,0.08585948683295844,2813.443664542382,0.01111612500017145,0.08585948683295844,2813.443664542382,complete,complete
2030,128,0.3,minimum_norm,24.917070296965132,281.49758015921,False,1175584768,0.005271792000030473,False,1,128,0.001165374999800406,0.125,0.33160737853612415,11.015624510273646,21.27164540722335,0.07556599738865424,complete,0.007552958000133003,0.019553708000103143,1024,0.11849998374154457,121.34398335134163,0.06651132766312434,68.10759952703933,4096,0.1934324333549926,792.2992470220497,0.10531901914166589,431.3867024042635,32768,0.1929138285240659,6321.400333076592,0.01111612500017145,0.1004757802887796,3292.39036850273,complete,complete
2030,128,0.3,ridge,10.834901740356361,281.49758015921,False,1175584768,0.005271792000030473,False,1,128,0.001165374999800406,0.125,0.3419360790312189,11.358732335061227,21.27164540722335,0.07556599738865424,complete,0.007552958000133003,0.019553708000103143,1024,0.1259968752534819,129.02080025956548,0.07038652425379353,72.07580083588458,4096,0.1824204986483193,747.1943624635159,0.09459829169280594,387.4746027737331,32768,0.18494111434401872,6060.150434824805,0.01111612500017145,0.0923935595299997,3027.55215867903,complete,complete
2030,256,0.0,minimum_norm,68.94829961046639,1295.347655824152,False,1175617536,0.005376041999852532,False,0,256,0.002385541999956331,0.25,0.1179221529715391,3.840934236541136,21.87986158451621,0.016891111421817772,complete,0.017103208999969866,0.030946332999974402,1024,0.01440700762640022,14.752775809433825,0.01440700762640022,14.752775809433825,4096,0.059874278773720896,245.2450458571608,0.059874278773720896,245.2450458571608,32768,0.052261773752503675,1712.5138023220404,0.017834458999914204,0.052261773752503675,1712.5138023220404,complete,complete
2030,256,0.0,ridge,13.261608410448654,1295.347655824152,False,1175617536,0.005376041999852532,False,0,256,0.002385541999956331,0.25,0.1871012800065423,6.094221433111426,21.87986158451621,0.016891111421817772,complete,0.017103208999969866,0.030946332999974402,1024,0.03626907702714323,37.139534875794666,0.03626907702714323,37.139534875794666,4096,0.06293654492773476,257.7880880240016,0.06293654492773476,257.7880880240016,32768,0.05995071327440855,1964.4649725758193,0.017834458999914204,0.05995071327440855,1964.4649725758193,complete,complete
2030,256,0.3,minimum_norm,86.19281846814187,1295.347655824152,False,1175617536,0.005376041999852532,False,1,256,0.002385541999956331,0.25,0.25550463205138246,8.487576783539668,21.87986158451621,0.016891111421817772,complete,0.017103208999969866,0.030946332999974402,1024,0.0703505465395328,72.03895965648158,0.03562819071261181,36.48326728971449,4096,0.18286900123072325,749.0314290410424,0.09483617908940359,388.4489895501971,32768,0.1802404549351294,5906.119227314321,0.017834458999914204,0.08711424009080307,2854.559419295435,complete,complete
2030,256,0.3,ridge,14.134916186374141,1295.347655824152,False,1175617536,0.005376041999852532,False,1,256,0.002385541999956331,0.25,0.30115133137272815,10.00390884489798,21.87986158451621,0.016891111421817772,complete,0.017103208999969866,0.030946332999974402,1024,0.09773260954787893,100.07819217702803,0.045899340044817834,47.00092420589346,4096,0.16031006675944406,656.6300334466829,0.07169092469634139,293.64602755621434,32768,0.16185566554286246,5303.686448508517,0.017834458999914204,0.06899372401588845,2260.7863485526327,complete,complete
2030,384,0.0,minimum_norm,86.57871434537293,3911.4861505871913,False,1175683072,0.005781958999932613,False,0,384,0.0030345840000336466,0.375,0.05279497206685861,1.7196261314680397,21.383301172821295,0.005466797107184245,complete,0.02984100000003309,0.045811374999857435,1024,0.002887806671902084,2.957114032027734,0.002887806671902084,2.957114032027734,4096,0.03059710927224484,125.32575957911486,0.03059710927224484,125.32575957911486,32768,0.026031697584727276,853.0066664563434,0.023128584000005503,0.026031697584727276,853.0066664563434,complete,complete
2030,384,0.0,ridge,13.678799007472554,3911.4861505871913,False,1175683072,0.005781958999932613,False,0,384,0.0030345840000336466,0.375,0.14897497687451985,4.85237993579858,21.383301172821295,0.005466797107184245,complete,0.02984100000003309,0.045811374999857435,1024,0.02299374125130918,23.5455910413406,0.02299374125130918,23.5455910413406,4096,0.046834888587180656,191.83570365309197,0.046834888587180656,191.83570365309197,32768,0.04407016732765574,1444.0912429926234,0.023128584000005503,0.04407016732765574,1444.0912429926234,complete,complete
2030,384,0.3,minimum_norm,191.40047835350066,3911.4861505871913,False,1175683072,0.005781958999932613,False,1,384,0.0030345840000336466,0.375,0.21522827614818482,7.149641496241962,21.383301172821295,0.005466797107184245,complete,0.02984100000003309,0.045811374999857435,1024,0.049919310082797895,51.117373524785044,0.035964048872616186,36.827186045558975,4096,0.21359704930871287,874.8935139684879,0.1268659143116292,519.6427850204332,32768,0.21538483847597803,7057.730387180848,0.023128584000005503,0.12324133416957025,4038.372038068478,complete,complete
2030,384,0.3,ridge,14.869857533623662,3911.4861505871913,False,1175683072,0.005781958999932613,False,1,384,0.0030345840000336466,0.375,0.2798749159444413,9.297130231233721,21.383301172821295,0.005466797107184245,complete,0.02984100000003309,0.045811374999857435,1024,0.08441077200832027,86.43663053651996,0.03323256491718285,34.03014647519524,4096,0.1469088386049054,601.7386029256925,0.05788169918985911,237.0834398816629,32768,0.14761779582500628,4837.139933593806,0.023128584000005503,0.055351026937977055,1813.7424507036321,complete,complete
2030,512,0.0,minimum_norm,109.30500485544333,7871.445418824108,False,1179926528,0.005768208000063169,False,0,512,0.004072791999988112,0.5,0.030401304072517673,0.9902245397081011,21.41848832773641,0.00272103625040902,complete,0.05150379199994859,0.06849762499996359,1024,0.0009575631240626181,0.9805446390401209,0.0009575631240626181,0.9805446390401209,4096,0.02184851070243831,89.49149983718732,0.02184851070243831,89.49149983718732,32768,0.018259942042068815,598.3417808345109,0.029947333999643888,0.018259942042068815,598.3417808345109,complete,complete
2030,512,0.0,ridge,14.053938185379495,7871.445418824108,False,1179926528,0.005768208000063169,False,0,512,0.004072791999988112,0.5,0.14220196260787185,4.631770815919056,21.41848832773641,0.00272103625040902,complete,0.05150379199994859,0.06849762499996359,1024,0.020950489151561988,21.453300891199476,0.020950489151561988,21.453300891199476,4096,0.04426277676503962,181.30033362960228,0.04426277676503962,181.30033362960228,32768,0.041579334357353455,1362.471628221758,0.029947333999643888,0.041579334357353455,1362.471628221758,complete,complete
2030,512,0.3,minimum_norm,346.6256017452397,7871.445418824108,False,1179926528,0.005768208000063169,False,1,512,0.004072791999988112,0.5,0.19542909297623354,6.491934878267583,21.41848832773641,0.00272103625040902,complete,0.05150379199994859,0.06849762499996359,1024,0.04115743990592492,42.14521846366712,0.0419682081019451,42.97544509639178,4096,0.2974131974310375,1218.2044566775296,0.2103062583064753,861.4144340233229,32768,0.3058718619593528,10022.809172684072,0.029947333999643888,0.21439017443938235,7025.137236029681,complete,complete
2030,512,0.3,ridge,15.288236813489194,7871.445418824108,False,1179926528,0.005768208000063169,False,1,512,0.004072791999988112,0.5,0.2768044185156789,9.19513175675972,21.41848832773641,0.00272103625040902,complete,0.05150379199994859,0.06849762499996359,1024,0.08256879689860464,84.55044802417115,0.031784547294155155,32.54737642921488,4096,0.14587864430624042,597.5189270783608,0.05641990327615016,231.09592381911105,32768,0.14720412192597715,4823.584667270419,0.029947333999643888,0.054661004622331685,1791.1317994645647,complete,complete
2030,768,0.0,minimum_norm,210.53482542631673,41934.86704845536,False,1180024832,0.006036208000068655,False,0,768,0.005815250000068772,0.75,0.008080426329677301,0.26319385589064603,20.877637003388898,0.0004978586668526928,complete,0.09512691600002654,0.11507150000011279,1024,6.764746658065055e-05,0.06927100577858616,6.764746658065055e-05,0.06927100577858616,4096,0.01847478052724665,75.67270103960227,0.01847478052724665,75.67270103960227,32768,0.016150851609992203,529.2311055562245,0.04288783299989518,0.016150851609992203,529.2311055562245,complete,complete
2030,768,0.0,ridge,13.152090825614392,41934.86704845536,False,1180024832,0.006036208000068655,False,0,768,0.005815250000068772,0.75,0.1020179219783238,3.322905148805239,20.877637003388898,0.0004978586668526928,complete,0.09512691600002654,0.11507150000011279,1024,0.010782908816363655,11.041698627956382,0.010782908816363655,11.041698627956382,4096,0.02760481177431134,113.06930902757925,0.02760481177431134,113.06930902757925,32768,0.025267781823967723,827.9746748077744,0.04288783299989518,0.025267781823967723,827.9746748077744,complete,complete
2030,768,0.3,minimum_norm,1854.4185591921748,41934.86704845536,False,1180024832,0.006036208000068655,False,1,768,0.005815250000068772,0.75,0.13991894337999936,4.647950081666859,20.877637003388898,0.0004978586668526928,complete,0.09512691600002654,0.11507150000011279,1024,0.021097109337565374,21.603439961666943,0.060305411207381095,61.75274107635824,4096,1.637121637030969,6705.650225278849,1.5382774372557908,6300.784382999719,32768,1.565055248967481,51283.730398166415,0.04288783299989518,1.471459299032246,48216.778310688635,complete,complete
2030,768,0.3,ridge,14.674602170324212,41934.86704845536,False,1180024832,0.006036208000068655,False,1,768,0.005815250000068772,0.75,0.2528686964320284,8.400013964086613,20.877637003388898,0.0004978586668526928,complete,0.09512691600002654,0.11507150000011279,1024,0.06890647909848631,70.56023459684998,0.023176635155283343,23.732874399010143,4096,0.131256168457074,537.6252660001751,0.04164571573201074,170.58085163831598,32768,0.13285857068442808,4353.509644187339,0.04288783299989518,0.040290215682008135,1320.2297874680426,complete,complete
2030,896,0.0,minimum_norm,333.5892633295303,120694.83949567832,False,1180090368,0.007622083000114799,False,0,896,0.006575249999968946,0.875,0.004146914903315456,0.1350723933272427,20.83251810794292,0.00017260487851006144,complete,0.11874783400003253,0.1429870839999694,1024,1.781694476479433e-05,0.018244551439149395,1.781694476479433e-05,0.018244551439149395,4096,0.02568790595862576,105.21766280653111,0.02568790595862576,105.21766280653111,32768,0.023766325332096105,778.7749484821252,0.04936029200007397,0.023766325332096105,778.7749484821252,complete,complete
2030,896,0.0,ridge,12.706281561469329,120694.83949567832,False,1180090368,0.007622083000114799,False,0,896,0.006575249999968946,0.875,0.09227098743753828,3.0054301567393793,20.83251810794292,0.00017260487851006144,complete,0.11874783400003253,0.1429870839999694,1024,0.008820908620154777,9.032610427038492,0.008820908620154777,9.032610427038492,4096,0.023580257114717413,96.58473314188252,0.023580257114717413,96.58473314188252,32768,0.022086161190469578,723.7193298893071,0.04936029200007397,0.022086161190469578,723.7193298893071,complete,complete
2030,896,0.3,minimum_norm,6053.243246776262,120694.83949567832,False,1180090368,0.007622083000114799,False,1,896,0.006575249999968946,0.875,0.09483428078197172,3.1502882487346677,20.83251810794292,0.00017260487851006144,complete,0.11874783400003253,0.1429870839999694,1024,0.009691714892691144,9.924316050115731,0.07162014805000395,73.33903160320405,4096,8.456757994460855,34638.88074531166,8.372973998870805,34295.701499374816,32768,8.176280365085512,267920.35500312207,0.04936029200007397,8.091352782296884,265137.4479703043,complete,complete
2030,896,0.3,ridge,14.245586908221556,120694.83949567832,False,1180090368,0.007622083000114799,False,1,896,0.006575249999968946,0.875,0.2477832163672894,8.231080030544646,20.83251810794292,0.00017260487851006144,complete,0.11874783400003253,0.1429870839999694,1024,0.06616277194260822,67.75067846923082,0.022044357202192562,22.573421775045183,4096,0.127973862535403,524.1809409450107,0.038157846771497736,156.29454037605473,32768,0.13030676601488164,4269.892108775642,0.04936029200007397,0.03768894287259138,1234.9912800490742,complete,complete
2030,960,0.0,minimum_norm,474.8485288148766,318380.5275440179,False,1180106752,0.0072563329999866255,False,0,960,0.007360374999962005,0.9375,0.0020724104347495695,0.06750209346089442,20.8600815404307,6.551933845120812e-05,complete,0.13206175000004805,0.15669950000005883,1024,4.449738888284495e-06,0.004556532621603323,4.449738888284495e-06,0.004556532621603323,4096,0.04017976917994748,164.57633456106487,0.04017976917994748,164.57633456106487,32768,0.038689678628875485,1267.7833893109919,0.0532803750002131,0.038689678628875485,1267.7833893109919,complete,complete
2030,960,0.0,ridge,12.69317618256353,318380.5275440179,False,1180106752,0.0072563329999866255,False,0,960,0.007360374999962005,0.9375,0.0912753647190664,2.9730009541706326,20.8600815404307,6.551933845120812e-05,complete,0.13206175000004805,0.15669950000005883,1024,0.008631576829589354,8.838734673499498,0.008631576829589354,8.838734673499498,4096,0.02336534066194338,95.70443535132009,0.02336534066194338,95.70443535132009,32768,0.0219138512589786,718.0730780542108,0.0532803750002131,0.0219138512589786,718.0730780542108,complete,complete
2030,960,0.3,minimum_norm,10989.738414515283,318380.5275440179,False,1180106752,0.0072563329999866255,False,1,960,0.007360374999962005,0.9375,0.06697792316602567,2.224931349030654,20.8600815404307,6.551933845120812e-05,complete,0.13206175000004805,0.15669950000005883,1024,0.0048342963944329785,4.95031950789937,0.07645484277193348,78.28975899845989,4096,35.97113664631932,147337.77570332395,35.84283327851258,146812.24510878752,32768,32.653413584658765,1069987.0563420984,0.0532803750002131,32.57567894379467,1067439.8476302638,complete,complete
2030,960,0.3,ridge,14.299505047368115,318380.5275440179,False,1180106752,0.0072563329999866255,False,1,960,0.007360374999962005,0.9375,0.2469283470374573,8.202682231966248,20.8600815404307,6.551933845120812e-05,complete,0.13206175000004805,0.15669950000005883,1024,0.06570702714708478,67.28399579861481,0.02192767879998623,22.4539430911859,4096,0.1273359311370524,521.5679739373667,0.03791699875790572,155.30802691238182,32768,0.13017424128414995,4265.549538399026,0.0532803750002131,0.03754393768523277,1230.2397500697075,complete,complete
2030,992,0.0,minimum_norm,568.3771499252734,571604.6537614254,False,1180139520,0.0071798329997818655,False,0,992,0.0071909999999206775,0.96875,0.0013969419701688843,0.04550088430778473,20.882043326589763,3.653231860373454e-05,complete,0.13917608299993844,0.165032999999994,1024,2.0218071023343845e-06,0.0020703304727904097,2.0218071023343845e-06,0.0020703304727904097,4096,0.05355394165388043,219.35694501429424,0.05355394165388043,219.35694501429424,32768,0.05680409828707217,1861.3566926707808,0.05515612499993949,0.05680409828707217,1861.3566926707808,complete,complete
2030,992,0.0,ridge,12.736040216834525,571604.6537614254,False,1180139520,0.0071798329997818655,False,0,992,0.0071909999999206775,0.96875,0.09221965806689113,3.003758267852595,20.882043326589763,3.653231860373454e-05,complete,0.13917608299993844,0.165032999999994,1024,0.008811097394231266,9.022563731692816,0.008811097394231266,9.022563731692816,4096,0.023845880730062177,97.67272747033468,0.023845880730062177,97.67272747033468,32768,0.02240144341000879,734.0504976591681,0.05515612499993949,0.02240144341000879,734.0504976591681,complete,complete
2030,992,0.3,minimum_norm,20837.388186131477,571604.6537614254,False,1180139520,0.0071798329997818655,False,1,992,0.0071909999999206775,0.96875,0.04564851870841935,1.5163924993525766,20.882043326589763,3.653231860373454e-05,complete,0.13917608299993844,0.165032999999994,1024,0.002245552941496833,2.299446212092757,0.07904675176643267,80.94387380882705,4096,79.44748058109161,325416.88046015124,79.30494597303903,324833.05870556785,32768,73.12640910592435,2396206.173582929,0.05515612499993949,73.04224869123595,2393448.4051144198,complete,complete
2030,992,0.3,ridge,14.332349014881718,571604.6537614254,False,1180139520,0.0071798329997818655,False,1,992,0.0071909999999206775,0.96875,0.24689227176094264,8.20148385181577,20.882043326589763,3.653231860373454e-05,complete,0.13917608299993844,0.165032999999994,1024,0.06568782946444815,67.2643373715949,0.022176536580384758,22.708773458313992,4096,0.1278069780427579,523.4973820631363,0.038612332661101395,158.1561145798713,32768,0.13075040751686867,4284.429353512753,0.05515612499993949,0.03818180110340201,1251.141258556277,complete,complete
2030,1023,0.0,minimum_norm,2207.8694828532048,8044828.518324772,False,1180172288,0.007271749999972599,False,0,1023,0.009062958999948023,0.9990234375,4.120015744285659e-06,0.00013419623987983534,20.88676356351201,2.5962969273907405e-06,complete,0.17204704200003107,0.19853424999996605,1024,1.758655351356087e-11,1.800863079788633e-08,1.758655351356087e-11,1.800863079788633e-08,4096,0.8264845750328946,3385.2808193347364,0.8264845750328946,3385.2808193347364,32768,0.8514670757077634,27900.87313679199,0.06799287500007267,0.8514670757077634,27900.87313679199,complete,complete
2030,1023,0.0,ridge,12.746200008254325,8044828.518324772,False,1180172288,0.007271749999972599,False,0,1023,0.009062958999948023,0.9990234375,0.09157231670760528,2.9826732085405405,20.88676356351201,2.5962969273907405e-06,complete,0.17204704200003107,0.19853424999996605,1024,0.008687831512642099,8.89633946894551,0.008687831512642099,8.89633946894551,4096,0.02294606780584633,93.98709373274657,0.02294606780584633,93.98709373274657,32768,0.02179685016968931,714.2391863603793,0.06799287500007267,0.02179685016968931,714.2391863603793,complete,complete
2030,1023,0.3,minimum_norm,130803.28737484461,8044828.518324772,False,1180172288,0.007271749999972599,False,1,1023,0.009062958999948023,0.9990234375,0.0006645667373569745,0.022076160286477443,20.88676356351201,2.5962969273907405e-06,complete,0.17204704200003107,0.19853424999996605,1024,4.759344267521911e-07,0.0004873568529942437,0.08129289391831854,83.24392337235818,4096,2388.1677110926885,9781934.944635652,2386.7770406492155,9776238.758499186,32768,2137.6729058367696,70047265.77845927,0.06799287500007267,2137.4524872695865,70040043.10284981,complete,complete
2030,1023,0.3,ridge,14.363722575929227,8044828.518324772,False,1180172288,0.007271749999972599,False,1,1023,0.009062958999948023,0.9990234375,0.24632762668094707,8.182726976711656,20.88676356351201,2.5962969273907405e-06,complete,0.17204704200003107,0.19853424999996605,1024,0.06538771560098117,66.95702077540471,0.02210809466473934,22.638688936693086,4096,0.12699021470581956,520.1519194350369,0.037804952765576647,154.84908652780194,32768,0.1302264175112633,4267.259249009076,0.06799287500007267,0.037588661257598716,1231.7052520889947,complete,complete
2030,1024,0.0,minimum_norm,2232.0201693468334,11496075.60292234,False,1180221440,0.007050707999951555,True,0,1024,0.007953625000027387,1.0,8.427078702765546e-14,2.744849401731237e-12,20.896046515744338,1.8176678057364631e-06,complete,0.1624455000001035,0.18693612499987466,1024,7.357615466976884e-27,7.534198238184329e-24,7.357615466976884e-27,7.534198238184329e-24,4096,0.841008325653986,3444.7701018787266,0.841008325653986,3444.7701018787266,32768,0.8682057473824663,28449.365930228654,0.05903445800004192,0.8682057473824663,28449.365930228654,complete,complete
2030,1024,0.0,ridge,12.750044475752668,11496075.60292234,False,1180221440,0.007050707999951555,False,0,1024,0.007953625000027387,1.0,0.09157685666300593,2.982821082961854,20.896046515744338,1.8176678057364631e-06,complete,0.1624455000001035,0.18693612499987466,1024,0.008688692981407942,8.897221612961733,0.008688692981407942,8.897221612961733,4096,0.022945450808462046,93.98456651146054,0.022945450808462046,93.98456651146054,32768,0.02179732644868773,714.2547930705996,0.05903445800004192,0.02179732644868773,714.2547930705996,complete,complete
2030,1024,0.3,minimum_norm,126298.73099490891,11496075.60292234,False,1180221440,0.007050707999951555,True,1,1024,0.007953625000027387,1.0,4.354896905888461e-12,1.4466478191164222e-10,20.896046515744338,1.8176678057364631e-06,complete,0.1624455000001035,0.18693612499987466,1024,2.0437401489788095e-23,2.092789912554301e-20,0.08129337563890515,83.24441665423888,4096,2249.394082611165,9213518.16237533,2248.0571132791915,9208041.935991568,32768,2015.0967314867466,66030689.697357714,0.05903445800004192,2014.8858411890099,66023779.244081475,complete,complete
2030,1024,0.3,ridge,14.366322496200373,11496075.60292234,False,1180221440,0.007050707999951555,False,1,1024,0.007953625000027387,1.0,0.24635116769419313,8.183508982720252,20.896046515744338,1.8176678057364631e-06,complete,0.1624455000001035,0.18693612499987466,1024,0.0654002141311162,66.96981927026299,0.022109758447770148,22.64039265051663,4096,0.12698692725069188,520.138454018834,0.03780305967132194,154.84133241373468,32768,0.13022442131061782,4267.193837506325,0.05903445800004192,0.037587059768582995,1231.6527744969276,complete,complete
2030,1025,0.0,minimum_norm,1920.478347229878,10706766.875862906,False,1180270592,0.007470708000028026,True,0,1024,0.008911375000025146,1.0009765625,7.558548281335578e-14,2.4619535974159093e-12,20.902976343030048,1.952314511503304e-06,complete,0.17773508300001595,0.2036750419999862,1024,5.9191557771768925e-27,6.061215515829138e-24,5.9191557771768925e-27,6.061215515829138e-24,4096,0.7286847746877398,2984.6928371209824,0.7286847746877398,2984.6928371209824,32768,0.6861059131327989,22482.318561535554,0.06843691699987176,0.6861059131327989,22482.318561535554,complete,complete
2030,1025,0.0,ridge,12.753392951555178,10706766.875862906,False,1180270592,0.007470708000028026,False,0,1024,0.008911375000025146,1.0009765625,0.09161074394966429,2.983924852153899,20.902976343030048,1.952314511503304e-06,complete,0.17773508300001595,0.2036750419999862,1024,0.008695124534474276,8.903807523301658,0.008695124534474276,8.903807523301658,4096,0.022955503681968012,94.02574308134098,0.022955503681968012,94.02574308134098,32768,0.021804948452751154,714.5045508997498,0.06843691699987176,0.021804948452751154,714.5045508997498,complete,complete
2030,1025,0.3,minimum_norm,125288.09875759925,10706766.875862906,False,1180270592,0.007470708000028026,True,1,1024,0.008911375000025146,1.0009765625,4.35331957874169e-12,1.4461238487616192e-10,20.902976343030048,1.952314511503304e-06,complete,0.17773508300001595,0.2036750419999862,1024,2.042259947223749e-23,2.091274185957119e-20,0.08129337563886241,83.2444166541951,4096,2138.00230443148,8757257.438951341,2136.6739510878033,8751816.503655642,32768,1905.7901371555217,62448931.214312136,0.06843691699987176,1905.5948385259517,62442531.668818384,complete,complete
2030,1025,0.3,ridge,14.37636208257827,10706766.875862906,False,1180270592,0.007470708000028026,False,1,1024,0.008911375000025146,1.0009765625,0.24630284706852484,8.181903825830158,20.902976343030048,1.952314511503304e-06,complete,0.17773508300001595,0.2036750419999862,1024,0.06537456075696699,66.9435502151342,0.022116606329684263,22.647404881596685,4096,0.126978678476164,520.1046670383678,0.0378013646960446,154.83438979499869,32768,0.1302397826098815,4267.697196560597,0.06843691699987176,0.03760735484024498,1232.3178034051475,complete,complete
2030,1056,0.0,minimum_norm,576.3345131135483,836123.4862183552,False,1180319744,0.007416541999873516,True,0,1024,0.008018875000061598,1.03125,2.899949716849095e-14,9.445651958527062e-13,20.912001242609723,2.5010661208897692e-05,complete,0.18005091700001685,0.20792908300018098,1024,8.71292391812755e-28,8.922034092162612e-25,8.71292391812755e-28,8.922034092162612e-25,4096,0.08649629101469766,354.2888079962016,0.08649629101469766,354.2888079962016,32768,0.07577911657609784,2483.130091965574,0.05818633300032161,0.07577911657609784,2483.130091965574,complete,complete
2030,1056,0.0,ridge,12.745791507139645,836123.4862183552,False,1180319744,0.007416541999873516,False,0,1024,0.008018875000061598,1.03125,0.0898118841896676,2.9253327906557085,20.912001242609723,2.5010661208897692e-05,complete,0.18005091700001685,0.20792908300018098,1024,0.008357003843833501,8.557571936085505,0.008357003843833501,8.557571936085505,4096,0.022323607703812753,91.43749715481704,0.022323607703812753,91.43749715481704,32768,0.021171420992635425,693.7451230866776,0.05818633300032161,0.021171420992635425,693.7451230866776,complete,complete
2030,1056,0.3,minimum_norm,22857.262699834126,836123.4862183552,False,1180319744,0.007416541999873516,True,1,1024,0.008018875000061598,1.03125,1.0768454089188366e-12,3.57715945062114e-11,20.912001242609723,2.5010661208897692e-05,complete,0.18005091700001685,0.20792908300018098,1024,1.2496161850750132e-24,1.2796069735168136e-21,0.08129337563891227,83.24441665424617,4096,135.42719938084588,554709.8086639447,135.3747019229204,554494.7790762819,32768,148.98429274614193,4881917.304705579,0.05818633300032161,148.88749161976085,4878745.325396324,complete,complete
2030,1056,0.3,ridge,14.381914700734592,836123.4862183552,False,1180319744,0.007416541999873516,False,1,1024,0.008018875000061598,1.03125,0.24551283213857225,8.15566041754327,20.912001242609723,2.5010661208897692e-05,complete,0.18005091700001685,0.20792908300018098,1024,0.06495585629519729,66.51479684628202,0.021775541952481346,22.2981549593409,4096,0.12627298623433075,517.2141516158188,0.03722182915900091,152.46061223526772,32768,0.12972231278889462,4250.740745466499,0.05818633300032161,0.03713424402702092,1216.8149082774214,complete,complete
2030,1088,0.0,minimum_norm,352.7663366204291,474220.85883673036,False,1180352512,0.007141709000052288,True,0,1024,0.008184040999822173,1.0625,1.4192968401817593e-14,4.62290221802895e-13,20.92861065024208,4.41326235661169e-05,complete,0.1863114579998637,0.21121558300001197,1024,2.0870336833454085e-28,2.1371224917456983e-25,2.0870336833454085e-28,2.1371224917456983e-25,4096,0.03730886496512004,152.81711089713167,0.03730886496512004,152.81711089713167,32768,0.03763951139654855,1233.371509442103,0.06039379200001349,0.03763951139654855,1233.371509442103,complete,complete
2030,1088,0.0,ridge,12.69769047028934,474220.85883673036,False,1180352512,0.007141709000052288,False,0,1024,0.008184040999822173,1.0625,0.08790203093683477,2.863125473703604,20.92861065024208,4.41326235661169e-05,complete,0.1863114579998637,0.21121558300001197,1024,0.00800535886540086,8.19748747817048,0.00800535886540086,8.19748747817048,4096,0.02178392515230925,89.22695742385869,0.02178392515230925,89.22695742385869,32768,0.02066137228768214,677.0318471227683,0.06039379200001349,0.02066137228768214,677.0318471227683,complete,complete
2030,1088,0.3,minimum_norm,14975.6067945437,474220.85883673036,False,1180352512,0.007141709000052288,True,1,1024,0.008184040999822173,1.0625,5.626508031307576e-13,1.8690627467498112e-11,20.92861065024208,4.41326235661169e-05,complete,0.1863114579998637,0.21121558300001197,1024,3.411519093054637e-25,3.493395551287948e-22,0.08129337563892046,83.24441665425455,4096,69.57238126061404,284968.4736434751,69.39795409568958,284254.01997594454,32768,66.91432925887887,2192648.7411549427,0.06039379200001349,66.85715370593798,2190775.2126361756,complete,complete
2030,1088,0.3,ridge,14.380002539551562,474220.85883673036,False,1180352512,0.007141709000052288,False,1,1024,0.008184040999822173,1.0625,0.2448826030904124,8.134724916708992,20.92861065024208,4.41326235661169e-05,complete,0.1863114579998637,0.21121558300001197,1024,0.0646228022173106,66.17374947052605,0.02131987826898742,21.831555347443118,4096,0.12651984537049382,518.2252866375427,0.0371954564332828,152.35258955072635,32768,0.12961359985605553,4247.1784400832275,0.06039379200001349,0.0369677106085526,1211.3579412210515,complete,complete
2030,1152,0.0,minimum_norm,209.32672221043887,253701.94918269827,False,1180467200,0.007384208000075887,True,0,1024,0.008690750000141634,1.125,1.424152331264783e-14,4.638717415993074e-13,21.004987934154457,8.279395567051061e-05,complete,0.19706387499991251,0.22325404100001833,1024,2.1013378188903776e-28,2.1517699265437466e-25,2.1013378188903776e-28,2.1517699265437466e-25,4096,0.018532229774453735,75.9080131561625,0.018532229774453735,75.9080131561625,32768,0.018489482907171874,605.863375902208,0.06413970799985691,0.018489482907171874,605.863375902208,complete,complete
2030,1152,0.0,ridge,12.735139325929454,253701.94918269827,False,1180467200,0.007384208000075887,False,0,1024,0.008690750000141634,1.125,0.08763136179920396,2.8543092985295284,21.004987934154457,8.279395567051061e-05,complete,0.19706387499991251,0.22325404100001833,1024,0.007956134347336063,8.147081571672128,0.007956134347336063,8.147081571672128,4096,0.02129785132064088,87.23599900934505,0.02129785132064088,87.23599900934505,32768,0.0204762398517324,670.9654274615673,0.06413970799985691,0.0204762398517324,670.9654274615673,complete,complete
2030,1152,0.3,minimum_norm,10215.870900436466,253701.94918269827,False,1180467200,0.007384208000075887,True,1,1024,0.008690750000141634,1.125,5.593584919341204e-13,1.858126058889238e-11,21.004987934154457,8.279395567051061e-05,complete,0.19706387499991251,0.22325404100001833,1024,3.371711377659426e-25,3.452632450723252e-22,0.08129337563892537,83.24441665425958,4096,46.1830773623511,189165.8848761901,46.04061658240589,188582.36552153452,32768,47.018312508296745,1540696.0642718677,0.06413970799985691,46.909507030622734,1537130.7263794458,complete,complete
2030,1152,0.3,ridge,14.389222037698268,253701.94918269827,False,1180467200,0.007384208000075887,False,1,1024,0.008690750000141634,1.125,0.2448603729097521,8.133986455086001,21.004987934154457,8.279395567051061e-05,complete,0.19706387499991251,0.22325404100001833,1024,0.06461106997219,66.16173565152256,0.02137516446159908,21.88816840867746,4096,0.12592407666008054,515.7850179996899,0.036240730763392605,148.4420332068561,32768,0.12897547644568697,4226.2684121722705,0.06413970799985691,0.03635991875946461,1191.4418179101363,complete,complete
2030,1280,0.0,minimum_norm,126.40179030369559,126668.06999998543,False,1180532736,0.0076472499999908905,True,0,1024,0.009758791999956884,1.25,1.035234644302321e-14,3.3719433439397555e-13,21.036651514565406,0.00016607698778838128,complete,0.2248906249999436,0.2525162500000988,1024,1.110351749486291e-28,1.137000191473962e-25,1.110351749486291e-28,1.137000191473962e-25,4096,0.009520956645512424,38.99783842001889,0.009520956645512424,38.99783842001889,32768,0.010331581969463991,338.54527797539606,0.07262725000009596,0.010331581969463991,338.54527797539606,complete,complete
2030,1280,0.0,ridge,12.760301047402407,126668.06999998543,False,1180532736,0.0076472499999908905,False,0,1024,0.009758791999956884,1.25,0.08367086977291144,2.7253090298437406,21.036651514565406,0.00016607698778838128,complete,0.2248906249999436,0.2525162500000988,1024,0.007253231746238106,7.42730930814782,0.007253231746238106,7.42730930814782,4096,0.020212665860716773,82.7910793654959,0.020212665860716773,82.7910793654959,32768,0.019521304683038407,639.6741118538025,0.07262725000009596,0.019521304683038407,639.6741118538025,complete,complete
2030,1280,0.3,minimum_norm,6125.1806263173485,126668.06999998543,False,1180532736,0.0076472499999908905,True,1,1024,0.009758791999956884,1.25,3.277710622314569e-13,1.0888186393240759e-11,21.036651514565406,0.00016607698778838128,complete,0.2248906249999436,0.2525162500000988,1024,1.1577402630268868e-25,1.185526029339532e-22,0.08129337563891975,83.24441665425383,4096,23.67120911087757,96957.27251815452,23.55274718206707,96472.05245774671,32768,25.362358397612567,831073.7599729686,0.07262725000009596,25.262606748151267,827805.0979234207,complete,complete
2030,1280,0.3,ridge,14.481478096573383,126668.06999998543,False,1180532736,0.0076472499999908905,False,1,1024,0.009758791999956884,1.25,0.24285566512221948,8.067392314938196,21.036651514565406,0.00016607698778838128,complete,0.2248906249999436,0.2525162500000988,1024,0.06355744019836303,65.08281876312374,0.021163602346701102,21.67152880302193,4096,0.1249415258100658,511.76048971802953,0.035387385807595755,144.9467322679122,32768,0.12830163786322918,4204.188069502294,0.07262725000009596,0.035803436403285066,1173.207004062845,complete,complete
2030,1536,0.0,minimum_norm,86.19919467244765,77616.42141188763,False,1180532736,0.008339291999845955,True,0,1024,0.01212262500007455,1.5,7.167624226387021e-15,2.3346226804760026e-13,21.00229761134677,0.0002705909036941258,complete,0.2730939169998692,0.3057418329999564,1024,5.322717832219682e-29,5.450463060192954e-26,5.322717832219682e-29,5.450463060192954e-26,4096,0.007297945220534256,29.892383623308312,0.007297945220534256,29.892383623308312,32768,0.007766861201295713,254.5045078440579,0.08953250000013213,0.007766861201295713,254.5045078440579,complete,complete
2030,1536,0.0,ridge,12.917833909694039,77616.42141188763,False,1180532736,0.008339291999845955,False,0,1024,0.01212262500007455,1.5,0.08286541501566283,2.699073935969159,21.00229761134677,0.0002705909036941258,complete,0.2730939169998692,0.3057418329999564,1024,0.007114257921707081,7.285000111828051,0.007114257921707081,7.285000111828051,4096,0.020136019363812138,82.47713531417452,0.020136019363812138,82.47713531417452,32768,0.019598786784792564,642.2130453640827,0.08953250000013213,0.019598786784792564,642.2130453640827,complete,complete
2030,1536,0.3,minimum_norm,3839.900861911183,77616.42141188763,False,1180532736,0.008339291999845955,True,1,1024,0.01212262500007455,1.5,1.4259441919492833e-13,4.736826381988281e-12,21.00229761134677,0.0002705909036941258,complete,0.2730939169998692,0.3057418329999564,1024,2.191164470029315e-26,2.2437524173100186e-23,0.0812933756389293,83.2444166542636,4096,18.476934563014883,75681.52397010896,18.37665337025594,75270.77220456833,32768,17.266637766546424,565793.1863341932,0.08953250000013213,17.166069443376877,562497.7635205735,complete,complete
2030,1536,0.3,ridge,14.696808653602986,77616.42141188763,False,1180532736,0.008339291999845955,False,1,1024,0.01212262500007455,1.5,0.24229020223621262,8.048608273237301,21.00229761134677,0.0002705909036941258,complete,0.2730939169998692,0.3057418329999564,1024,0.06326181165627334,64.7800951360239,0.02087962461730518,21.380735608120503,4096,0.12439137336670607,509.50706531002805,0.034755956715215384,142.36039870552221,32768,0.12789591104406062,4190.893213091778,0.08953250000013213,0.03547894230909357,1162.573981584378,complete,complete
2030,2048,0.0,minimum_norm,54.355631900406706,45177.690082815636,False,1180598272,0.009341541000139841,True,0,1024,0.017784249999976964,2.0,1.6621936736799018e-14,5.4140604018145e-13,20.90606374395019,0.00046275194029679465,complete,0.35351570800003174,0.3956288750000567,1024,2.8625048861812285e-28,2.931205003449578e-25,2.8625048861812285e-28,2.931205003449578e-25,4096,0.0044803715772396835,18.351601980373744,0.0044803715772396835,18.351601980373744,32768,0.004460146700135107,146.15008707002718,0.12654337499998292,0.004460146700135107,146.15008707002718,complete,complete
2030,2048,0.0,ridge,12.563526449947226,45177.690082815636,False,1180598272,0.009341541000139841,False,0,1024,0.017784249999976964,2.0,0.07726512717556171,2.5166626013938735,20.90606374395019,0.00046275194029679465,complete,0.35351570800003174,0.3956288750000567,1024,0.006185147118412676,6.33359064925458,0.006185147118412676,6.33359064925458,4096,0.018838570453369254,77.16278457700047,0.018838570453369254,77.16278457700047,32768,0.017955456764688918,588.3644072653265,0.12654337499998292,0.017955456764688918,588.3644072653265,complete,complete
2030,2048,0.3,minimum_norm,2258.1489390935635,45177.690082815636,False,1180598272,0.009341541000139841,True,1,1024,0.017784249999976964,2.0,9.347695691485125e-14,3.105199475001598e-12,20.90606374395019,0.00046275194029679465,complete,0.35351570800003174,0.3956288750000567,1024,9.416273222216992e-27,9.6422637795502e-24,0.08129337563892422,83.2444166542584,4096,12.11078080815922,49605.758190220164,11.997119693755828,49140.20226562387,32768,11.113259654033644,364159.29234337446,0.12654337499998292,11.018914036319906,361067.7751421307,complete,complete
2030,2048,0.3,ridge,14.491781513002367,45177.690082815636,False,1180598272,0.009341541000139841,False,1,1024,0.017784249999976964,2.0,0.23939270088403972,7.952356534043657,20.90606374395019,0.00046275194029679465,complete,0.35351570800003174,0.3956288750000567,1024,0.06175778754350272,63.23997444454678,0.0200235565279517,20.504121884622542,4096,0.1230683282787832,504.08787262989597,0.03344324084393303,136.98351449674968,32768,0.12604359278559824,4130.196448398483,0.12654337499998292,0.03350498977584822,1097.8915049749944,complete,complete
2030,3072,0.0,minimum_norm,38.48314866998049,31021.40999334181,False,1180663808,0.01056070799995723,True,0,1024,0.020281500000010055,3.0,1.8701466664743357e-14,6.091400281970955e-13,20.8564688975046,0.0006723249814235094,complete,0.5385390420001386,0.5891963749998013,1024,3.6235505268745926e-28,3.710515739519583e-25,3.6235505268745926e-28,3.710515739519583e-25,4096,0.0032845437928176752,13.453491375381198,0.0032845437928176752,13.453491375381198,32768,0.0035050258807048144,114.85268805893536,0.15880312500030414,0.0035050258807048144,114.85268805893536,complete,complete
2030,3072,0.0,ridge,12.705835772393538,31021.40999334181,False,1180663808,0.01056070799995723,False,0,1024,0.020281500000010055,3.0,0.07516754829690461,2.44834072695503,20.8564688975046,0.0006723249814235094,complete,0.5385390420001386,0.5891963749998013,1024,0.005853879214127623,5.994372315266686,0.005853879214127623,5.994372315266686,4096,0.017883355170701887,73.25022277919493,0.017883355170701887,73.25022277919493,32768,0.01708595235401803,559.8724867364629,0.15880312500030414,0.01708595235401803,559.8724867364629,complete,complete
2030,3072,0.3,minimum_norm,1571.5152413286596,31021.40999334181,False,1180663808,0.01056070799995723,True,1,1024,0.020281500000010055,3.0,7.330140940552434e-14,2.4349904566346527e-12,20.8564688975046,0.0006723249814235094,complete,0.5385390420001386,0.5891963749998013,1024,5.790213402247884e-27,5.9291785239018335e-24,0.08129337563892944,83.24441665426374,4096,8.967931570439674,36732.647712520906,8.868654169085461,36326.00747657405,32768,8.446795715469484,276784.60200450406,0.15880312500030414,8.35295104965779,273709.49999518646,complete,complete
2030,3072,0.3,ridge,14.756553955387595,31021.40999334181,False,1180663808,0.01056070799995723,False,1,1024,0.020281500000010055,3.0,0.23930441553886972,7.949423794077358,20.8564688975046,0.0006723249814235094,complete,0.5385390420001386,0.5891963749998013,1024,0.061712244783050055,63.193338657843256,0.019632895684646212,20.10408518107772,4096,0.12253853492280499,501.91783904380924,0.03257921692979283,133.44447254443142,32768,0.12486865707554222,4091.6961550513674,0.15880312500030414,0.03235459002199459,1060.1952058407187,complete,complete
2030,4096,0.0,minimum_norm,32.34999764274572,24110.329992425814,False,1180680192,0.012994958000035695,True,0,1024,0.02793570800008638,4.0,1.5349453758887892e-14,4.999590065909568e-13,20.77105597911673,0.0008615002775010502,complete,0.6743702919998213,0.7401041670000268,1024,2.4410059401505506e-28,2.499590082714164e-25,2.4410059401505506e-28,2.499590082714164e-25,4096,0.0029535317149042744,12.097665904247908,0.0029535317149042744,12.097665904247908,32768,0.0031605997285167526,103.56653190403695,0.21203549999972893,0.0031605997285167526,103.56653190403695,complete,complete
2030,4096,0.0,ridge,12.498647817943448,24110.329992425814,False,1180680192,0.012994958000035695,False,0,1024,0.02793570800008638,4.0,0.07075663795663892,2.304669532753472,20.77105597911673,0.0008615002775010502,complete,0.6743702919998213,0.7401041670000268,1024,0.005187013335158305,5.311501655202104,0.005187013335158305,5.311501655202104,4096,0.015918225258824248,65.20105066014412,0.015918225258824248,65.20105066014412,32768,0.015362452115729175,503.3968309282136,0.21203549999972893,0.015362452115729175,503.3968309282136,complete,complete
2030,4096,0.3,minimum_norm,1288.5430051986264,24110.329992425814,False,1180680192,0.012994958000035695,True,1,1024,0.02793570800008638,4.0,8.717245597650531e-14,2.8957710377693992e-12,20.77105597911673,0.0008615002775010502,complete,0.6743702919998213,0.7401041670000268,1024,8.188954983578186e-27,8.385489903184063e-24,0.08129337563892725,83.2444166542615,4096,7.51743652493702,30791.420006142034,7.419481509285704,30390.196262034242,32768,6.961351227902691,228109.55703591538,0.21203549999972893,6.872589986540025,225201.02867894355,complete,complete
2030,4096,0.3,ridge,14.624795764253873,24110.329992425814,False,1180680192,0.012994958000035695,False,1,1024,0.02793570800008638,4.0,0.23699466441041692,7.872696456900676,20.77105597911673,0.0008615002775010502,complete,0.6743702919998213,0.7401041670000268,1024,0.060526708498531645,61.979349502496405,0.019049591269072415,19.506781459530153,4096,0.12028829137757809,492.70084148255984,0.03059913996935383,125.33407731447329,32768,0.1235384302268883,4048.107281674676,0.21203549999972893,0.03076870364145834,1008.2288809233069,complete,complete
2030,8192,0.0,minimum_norm,27.728911307594313,17567.763696531412,False,1076461568,0.01937358400004996,True,0,1024,0.062297459000092203,8.0,1.1667200564830045e-14,3.800214714945338e-13,20.820127987424403,0.0011851325158440706,complete,1.3448430000000826,1.4771235000000615,1024,1.410315613250691e-28,1.4441631879687076e-25,1.410315613250691e-28,1.4441631879687076e-25,4096,0.0030121859223469277,12.337913537933016,0.0030121859223469277,12.337913537933016,32768,0.003026608234449831,99.17589862645207,0.4355197079999016,0.003026608234449831,99.17589862645207,complete,complete
2030,8192,0.0,ridge,12.486056487962909,17567.763696531412,False,1076461568,0.01937358400004996,False,0,1024,0.062297459000092203,8.0,0.067892382393743,2.211375635241394,20.820127987424403,0.0011851325158440706,complete,1.3448430000000826,1.4771235000000615,1024,0.004775568554823523,4.890182200139288,0.004775568554823523,4.890182200139288,4096,0.015677446763478705,64.21482194320878,0.015677446763478705,64.21482194320878,32768,0.014918392425883682,488.8458830113565,0.4355197079999016,0.014918392425883682,488.8458830113565,complete,complete
2030,8192,0.3,minimum_norm,946.2432945738432,17567.763696531412,False,1076461568,0.01937358400004996,True,1,1024,0.062297459000092203,8.0,4.246024896542272e-14,1.4104817609324676e-12,20.820127987424403,0.0011851325158440706,complete,1.3448430000000826,1.4771235000000615,1024,1.9428308573468305e-27,1.9894587979231544e-24,0.08129337563892736,83.24441665426161,4096,5.311750273201208,21756.92911903215,5.2264686494161925,21407.615588008724,32768,5.186107068953644,169938.35643547302,0.4355197079999016,5.096176964699586,166991.52677927603,complete,complete
2030,8192,0.3,ridge,14.63657144830252,17567.763696531412,False,1076461568,0.01937358400004996,False,1,1024,0.062297459000092203,8.0,0.23619606112091804,7.8461677529598175,20.820127987424403,0.0011851325158440706,complete,1.3448430000000826,1.4771235000000615,1024,0.06011948086678373,61.56234840758654,0.018675501629057956,19.123713668155347,4096,0.12035056356087281,492.95590834533505,0.030392189071914016,124.48640643855981,32768,0.12277609194006525,4023.126980692058,0.4355197079999016,0.030246410802046146,991.1143891614481,complete,complete
2031,64,0.0,minimum_norm,6.987472388870462,65.3131843110294,False,1076494336,0.005646207999916442,False,0,64,0.0007835839999188465,0.0625,0.32422289120070097,10.560516168524211,20.545880590208114,0.31457478006838724,complete,0.002407915999810939,0.014299250000021857,1024,0.10891064623599746,111.5245017456614,0.10891064623599746,111.5245017456614,4096,0.14299611539988483,585.7120886779283,0.14299611539988483,585.7120886779283,32768,0.1457454405087172,4775.786594589646,0.007914166999853478,0.1457454405087172,4775.786594589646,complete,complete
2031,64,0.0,ridge,6.324150223117648,65.3131843110294,False,1076494336,0.005646207999916442,False,0,64,0.0007835839999188465,0.0625,0.3247537964854647,10.577808697817684,20.545880590208114,0.31457478006838724,complete,0.002407915999810939,0.014299250000021857,1024,0.10926761410901112,111.89003684762739,0.10926761410901112,111.89003684762739,4096,0.14038158560731417,575.0029746475589,0.14038158560731417,575.0029746475589,32768,0.14356598923731842,4704.37033532845,0.007914166999853478,0.14356598923731842,4704.37033532845,complete,complete
2031,64,0.3,minimum_norm,7.199799954837863,65.3131843110294,False,1076494336,0.005646207999916442,False,1,64,0.0007835839999188465,0.0625,0.4026526649433596,13.375669095957372,20.545880590208114,0.31457478006838724,complete,0.002407915999810939,0.014299250000021857,1024,0.17471535523881757,178.9085237645492,0.11531428456135888,118.08182739083149,4096,0.23865687523511137,977.5385609630162,0.15058394789967894,616.7918505970849,32768,0.2474501088240812,8108.445165947493,0.007914166999853478,0.15372299864268157,5037.19521952339,complete,complete
2031,64,0.3,ridge,6.499713913973938,65.3131843110294,False,1076494336,0.005646207999916442,False,1,64,0.0007835839999188465,0.0625,0.40311936795860426,13.39117244572131,20.545880590208114,0.31457478006838724,complete,0.002407915999810939,0.014299250000021857,1024,0.17512060495219328,179.32349947104592,0.11482667973033503,117.58252004386307,4096,0.23460910525346146,960.9588951181781,0.14651821119823621,600.1385930679755,32768,0.24382123237987058,7989.534142623599,0.007914166999853478,0.15030056908784362,4925.04904787046,complete,complete
2031,128,0.0,minimum_norm,23.073771678205617,320.0244146262631,False,1076559872,0.005327166999904875,False,0,128,0.0012323329999617272,0.125,0.21748499825734047,7.083873171331273,21.09055943696377,0.0659029701268078,complete,0.007394707999992534,0.01950808300011886,1024,0.04900513584717475,50.181259107506946,0.04900513584717475,50.181259107506946,4096,0.09988089112218825,409.11213003648305,0.09988089112218825,409.11213003648305,32768,0.09869747362975992,3234.118815899973,0.011151167000207352,0.09869747362975992,3234.118815899973,complete,complete
2031,128,0.0,ridge,10.873529562040956,320.0244146262631,False,1076559872,0.005327166999904875,False,0,128,0.0012323329999617272,0.125,0.2359038990592379,7.6838095268567495,21.09055943696377,0.0659029701268078,complete,0.007394707999992534,0.01950808300011886,1024,0.05765715707520952,59.04092884501455,0.05765715707520952,59.04092884501455,4096,0.09585035634366652,392.6030595836581,0.09585035634366652,392.6030595836581,32768,0.09456831000048073,3098.8143820957525,0.011151167000207352,0.09456831000048073,3098.8143820957525,complete,complete
2031,128,0.3,minimum_norm,28.896839219857938,320.0244146262631,False,1076559872,0.005327166999904875,False,1,128,0.0012323329999617272,0.125,0.32216598116506606,10.701991898264287,21.09055943696377,0.0659029701268078,complete,0.007394707999992534,0.01950808300011886,1024,0.11184827206104919,114.53263059051437,0.06154425492936223,63.021317047666926,4096,0.203510049144711,833.5771612967362,0.11517528863603371,471.7579822531941,32768,0.20873375051215443,6839.787536782276,0.011151167000207352,0.11646976451032298,3816.4812434742635,complete,complete
2031,128,0.3,ridge,11.012747266204029,320.0244146262631,False,1076559872,0.005327166999904875,False,1,128,0.0012323329999617272,0.125,0.3377777220945837,11.220596390089558,21.09055943696377,0.0659029701268078,complete,0.007394707999992534,0.01950808300011886,1024,0.12295096030204195,125.90178334929095,0.06604545484802837,67.63054576438105,4096,0.18934073800602702,775.5396628726867,0.10065467883136597,412.281564493275,32768,0.19364043770947256,6345.209862863997,0.011151167000207352,0.10121742496033301,3316.692581100192,complete,complete
2031,256,0.0,minimum_norm,48.79910207126075,959.5061727718072,False,1076576256,0.005145291999951951,False,0,256,0.0022194579998995323,0.25,0.10798555004184517,3.5172814077398518,21.182230311060515,0.022076179301556344,complete,0.017173834000004717,0.03112366599998495,1024,0.01208131689573477,12.371268501232404,0.01208131689573477,12.371268501232404,4096,0.042817558962197765,175.38072150916204,0.042817558962197765,175.38072150916204,32768,0.042098119044024475,1379.471164834594,0.017653625000093598,0.042098119044024475,1379.471164834594,complete,complete
2031,256,0.0,ridge,12.883904250856073,959.5061727718072,False,1076576256,0.005145291999951951,False,0,256,0.0022194579998995323,0.25,0.17299717786468158,5.634825743436214,21.182230311060515,0.022076179301556344,complete,0.017173834000004717,0.03112366599998495,1024,0.03100709097547998,31.7512611588915,0.03100709097547998,31.7512611588915,4096,0.061931099109286306,253.6697819516367,0.061931099109286306,253.6697819516367,32768,0.059963695874919454,1964.8903864293607,0.017653625000093598,0.059963695874919454,1964.8903864293607,complete,complete
2031,256,0.3,minimum_norm,72.48741724177222,959.5061727718072,False,1076576256,0.005145291999951951,False,1,256,0.0022194579998995323,0.25,0.2443977968888202,8.118620199435911,21.182230311060515,0.022076179301556344,complete,0.017173834000004717,0.03112366599998495,1024,0.06436718158465699,65.91199394268875,0.03631559248512326,37.18716670476622,4096,0.18846757477396547,771.9631862741626,0.1008825085178152,413.2147548889711,32768,0.18765444191382707,6149.060752632286,0.017653625000093598,0.09585405240997864,3140.94558937018,complete,complete
2031,256,0.3,ridge,13.776158234484067,959.5061727718072,False,1076576256,0.005145291999951951,False,1,256,0.0022194579998995323,0.25,0.296580804982048,9.852081093789769,21.182230311060515,0.022076179301556344,complete,0.017173834000004717,0.03112366599998495,1024,0.0947885760533299,97.06350187860981,0.041304559754372666,42.29586918847761,4096,0.15874113895750452,650.2037051699385,0.07026344204818287,287.79905862935703,32768,0.16208675666018751,5311.2588422410245,0.017653625000093598,0.06963454645830912,2281.784818345873,complete,complete
2031,384,0.0,minimum_norm,87.84872705364884,2281.8205145775423,False,1076609024,0.006039042000111294,False,0,384,0.0030088749999777065,0.375,0.048681016948982844,1.5856272969686696,20.992775953745177,0.009200011928910103,complete,0.030561125000076572,0.046174166999890076,1024,0.0024552870360275143,2.5142139248921747,0.0024552870360275143,2.5142139248921747,4096,0.0294495543809027,120.62537474417746,0.0294495543809027,120.62537474417746,32768,0.02772197419844984,908.3936505348044,0.02354137499969511,0.02772197419844984,908.3936505348044,complete,complete
2031,384,0.0,ridge,13.088420993385759,2281.8205145775423,False,1076609024,0.006039042000111294,False,0,384,0.0030088749999777065,0.375,0.1502150457692034,4.892771185052733,20.992775953745177,0.009200011928910103,complete,0.030561125000076572,0.046174166999890076,1024,0.023378134637971032,23.939209869282337,0.023378134637971032,23.939209869282337,4096,0.04821108345477908,197.4725978307751,0.04821108345477908,197.4725978307751,32768,0.04646580593484871,1522.5915288731226,0.02354137499969511,0.04646580593484871,1522.5915288731226,complete,complete
2031,384,0.3,minimum_norm,157.61721666262858,2281.8205145775423,False,1076609024,0.006039042000111294,False,1,384,0.0030088749999777065,0.375,0.21386232429402063,7.104266110473984,20.992775953745177,0.009200011928910103,complete,0.030561125000076572,0.046174166999890076,1024,0.04928769235198159,50.47059696842915,0.036615948751640315,37.49473152167968,4096,0.2508531378672792,1027.4944527043756,0.16511742771950777,676.3209839391038,32768,0.23754458745649,7783.861041774264,0.02354137499969511,0.1442810936940942,4727.802878168079,complete,complete
2031,384,0.3,ridge,14.34422910652375,2281.8205145775423,False,1076609024,0.006039042000111294,False,1,384,0.0030088749999777065,0.375,0.2820132187863366,9.368162248975763,20.992775953745177,0.009200011928910103,complete,0.030561125000076572,0.046174166999890076,1024,0.08570553117493612,87.76246392313459,0.034353194903922024,35.17767158161615,4096,0.14879228202614828,609.4531871791033,0.06009752574009679,246.15946543143644,32768,0.15173558197252468,4972.071550075689,0.02354137499969511,0.05905467799530489,1935.1036885501505,complete,complete
2031,512,0.0,minimum_norm,112.61562653544314,7013.924371099222,False,1076690944,0.005929375000050641,False,0,512,0.004046541999969122,0.5,0.029806495078841536,0.9708505529681825,20.926477820214245,0.0029835619423616124,complete,0.05215229199984606,0.06950116699999853,1024,0.0009204597619127204,0.9425507961986257,0.0009204597619127204,0.9425507961986257,4096,0.023245212001421482,95.21238835782239,0.023245212001421482,95.21238835782239,32768,0.02453815370910826,804.0662207400594,0.03071770899987314,0.02453815370910826,804.0662207400594,complete,complete
2031,512,0.0,ridge,13.536945101209998,7013.924371099222,False,1076690944,0.005929375000050641,False,0,512,0.004046541999969122,0.5,0.13408825203434133,4.367492833012988,20.926477820214245,0.0029835619423616124,complete,0.05215229199984606,0.06950116699999853,1024,0.01862792348283185,19.074993646419813,0.01862792348283185,19.074993646419813,4096,0.04189062837257412,171.58401381406358,0.04189062837257412,171.58401381406358,32768,0.040049202952379216,1312.3322823435622,0.03071770899987314,0.040049202952379216,1312.3322823435622,complete,complete
2031,512,0.3,minimum_norm,296.8578183985269,7013.924371099222,False,1076690944,0.005929375000050641,False,1,512,0.004046541999969122,0.5,0.19059027688932484,6.331194844909575,20.926477820214245,0.0029835619423616124,complete,0.05215229199984606,0.06950116699999853,1024,0.03914455875411098,40.08402816420964,0.04347274461381127,44.516090484542744,4096,0.32470286127938525,1329.982919800362,0.23879447650668786,978.1021757713935,32768,0.34118892917871324,11180.078831328075,0.03071770899987314,0.2485327272921959,8143.920407910675,complete,complete
2031,512,0.3,ridge,14.919504510777916,7013.924371099222,False,1076690944,0.005929375000050641,False,1,512,0.004046541999969122,0.5,0.27136258853974426,9.014360279574035,20.926477820214245,0.0029835619423616124,complete,0.05215229199984606,0.06950116699999853,1024,0.07935419067379107,81.25869124996206,0.029974004690987613,30.693380803571316,4096,0.14078393439519768,576.6509952827297,0.051885056619782835,212.5211919146305,32768,0.14369979335059763,4708.754828512383,0.03071770899987314,0.05108028715092361,1673.7988493614648,complete,complete
2031,768,0.0,minimum_norm,265.5510047657029,39294.431052960135,False,1076707328,0.0065925839999181335,False,0,768,0.005765957999983584,0.75,0.008901673120114636,0.2899433243709374,21.275791475722162,0.0005414454645506163,complete,0.09708854199993766,0.11735124999995605,1024,8.2096807956319e-05,0.08406713134727066,8.2096807956319e-05,0.08406713134727066,4096,0.023698031675071365,97.06713774109231,0.023698031675071365,97.06713774109231,32768,0.02296676580885892,752.5749820246891,0.04412091699987286,0.02296676580885892,752.5749820246891,complete,complete
2031,768,0.0,ridge,13.872209279064823,39294.431052960135,False,1076707328,0.0065925839999181335,False,0,768,0.005765957999983584,0.75,0.12048585720933841,3.924438642890514,21.275791475722162,0.0005414454645506163,complete,0.09708854199993766,0.11735124999995605,1024,0.015040252599426115,15.401218661812342,0.015040252599426115,15.401218661812342,4096,0.03572460419993626,146.32797880293893,0.03572460419993626,146.32797880293893,32768,0.03466060563884689,1135.7587255737349,0.04412091699987286,0.03466060563884689,1135.7587255737349,complete,complete
2031,768,0.3,minimum_norm,1978.7399671557887,39294.431052960135,False,1076707328,0.0065925839999181335,False,1,768,0.005765957999983584,0.75,0.13671919916455816,4.541658174165227,21.275791475722162,0.0005414454645506163,complete,0.09708854199993766,0.11735124999995605,1024,0.020143221651329916,20.626658970961834,0.061316367499334404,62.78796031931843,4096,1.9762290753115412,8094.634292476073,1.8733137431212927,7673.093091824815,32768,1.972403348267691,64631.7129160357,0.04412091699987286,1.8786278349305983,61558.876895005844,complete,complete
2031,768,0.3,ridge,15.232920972608321,39294.431052960135,False,1076707328,0.0065925839999181335,False,1,768,0.005765957999983584,0.75,0.2637197240769046,8.760472909886378,21.275791475722162,0.0005414454645506163,complete,0.09708854199993766,0.11735124999995605,1024,0.07494715391098936,76.7458856048531,0.027682102000979997,28.346472449003517,4096,0.137174705678862,561.8675944606188,0.04829956858370354,197.8350329188497,32768,0.14019369323481534,4593.866939918429,0.04412091699987286,0.04755519777122083,1558.2887205673642,complete,complete
2031,896,0.0,minimum_norm,312.14088735085454,132293.09099959928,False,1076756480,0.006533042000000933,False,0,896,0.006771249999928841,0.875,0.004081573468562687,0.13294410659330555,21.2236378657594,0.00016042892115827642,complete,0.12169841699983408,0.14394791699987763,1024,1.7259897927629107e-05,0.017674135477892206,1.7259897927629107e-05,0.017674135477892206,4096,0.026361436796601245,107.9764451188787,0.026361436796601245,107.9764451188787,32768,0.026763341071438157,876.9811602288855,0.05675583299989739,0.026763341071438157,876.9811602288855,complete,complete
2031,896,0.0,ridge,13.644184199053164,132293.09099959928,False,1076756480,0.006533042000000933,False,0,896,0.006771249999928841,0.875,0.10957358129306477,3.5690064097670686,21.2236378657594,0.00016042892115827642,complete,0.12169841699983408,0.14394791699987763,1024,0.012439264407185954,12.737806752958416,0.012439264407185954,12.737806752958416,4096,0.03166904194124414,129.716395791336,0.03166904194124414,129.716395791336,32768,0.03021580578196191,990.1115238633279,0.05675583299989739,0.03021580578196191,990.1115238633279,complete,complete
2031,896,0.3,minimum_norm,6238.058820491518,132293.09099959928,False,1076756480,0.006533042000000933,False,1,896,0.006771249999928841,0.875,0.09326509528914131,3.0981616698500383,21.2236378657594,0.00016042892115827642,complete,0.12169841699983408,0.14394791699987763,1024,0.009373638410671866,9.598605732527991,0.07188611155148542,73.61137822872107,4096,8.874420573588488,36349.626669418445,8.75464920953825,35859.043162268674,32768,8.654107657559326,283577.799722904,0.05675583299989739,8.550777470482156,280191.8761527593,complete,complete
2031,896,0.3,ridge,15.04962792413135,132293.09099959928,False,1076756480,0.006533042000000933,False,1,896,0.006771249999928841,0.875,0.25808350414900677,8.573244016919267,21.2236378657594,0.00016042892115827642,complete,0.12169841699983408,0.14394791699987763,1024,0.07177784470082227,73.500512973642,0.02497997131304936,25.579490624562546,4096,0.13391578258722897,548.5190454772899,0.044646815324485195,182.87335556909136,32768,0.13647964409091323,4472.164977571045,0.05675583299989739,0.04387673264314028,1437.7527752504207,complete,complete
2031,960,0.0,minimum_norm,509.7079467664138,297187.28869311704,False,1076854784,0.007077416000129233,False,0,960,0.007262750000109008,0.9375,0.002484347404427805,0.08091961315726579,21.254957118180574,7.152041129231799e-05,complete,0.1334676250000939,0.15655212500018933,1024,6.394515423360886e-06,0.006547983793521547,6.394515423360886e-06,0.006547983793521547,4096,0.037306822414385626,152.80874460932353,0.037306822414385626,152.80874460932353,32768,0.04393158466104798,1439.5501661732203,0.05866679099972316,0.04393158466104798,1439.5501661732203,complete,complete
2031,960,0.0,ridge,13.726200825655297,297187.28869311704,False,1076854784,0.007077416000129233,False,0,960,0.007262750000109008,0.9375,0.10880156108768817,3.5438603387073906,21.254957118180574,7.152041129231799e-05,complete,0.1334676250000939,0.15655212500018933,1024,0.01226459580103833,12.55894610026325,0.01226459580103833,12.55894610026325,4096,0.0309500520378276,126.77141314694185,0.0309500520378276,126.77141314694185,32768,0.02977464997070032,975.655730239908,0.05866679099972316,0.02977464997070032,975.655730239908,complete,complete
2031,960,0.3,minimum_norm,14459.602893063675,297187.28869311704,False,1076854784,0.007077416000129233,False,1,960,0.007262750000109008,0.9375,0.06185249007401484,2.0546702208152223,21.254957118180574,7.152041129231799e-05,complete,0.1334676250000939,0.15655212500018933,1024,0.004122724332328976,4.221669716304872,0.07720166806651402,79.05450810011035,4096,35.80100370524898,146640.91117669982,35.64205237130613,145989.8465128699,32768,34.722061094081994,1137772.4979308788,0.05866679099972316,34.61799825308101,1134362.5667569586,complete,complete
2031,960,0.3,ridge,15.146438376973752,297187.28869311704,False,1076854784,0.007077416000129233,False,1,960,0.007262750000109008,0.9375,0.25808852082368167,8.573410665215071,21.254957118180574,7.152041129231799e-05,complete,0.1334676250000939,0.15655212500018933,1024,0.07178063518986678,73.50337043442359,0.024711685912317167,25.30476637421278,4096,0.13330040720352565,545.9984679056411,0.043868834371648416,179.6867455862719,32768,0.13582528150026735,4450.72282420076,0.05866679099972316,0.04323335908149148,1416.6707103823128,complete,complete
2031,992,0.0,minimum_norm,711.8380990868488,688010.2101775388,False,1076887552,0.007005040999956691,False,0,992,0.007408166999994137,0.96875,0.0013766259917914843,0.04483915676183822,21.250637679322775,3.088709639038513e-05,complete,0.14112833300009697,0.16468254100004742,1024,1.963427713977248e-06,0.002010549979112702,1.963427713977248e-06,0.002010549979112702,4096,0.0732115754412295,299.874613007276,0.0732115754412295,299.874613007276,32768,0.07552529810513542,2474.8129683090774,0.0633582089999436,0.07552529810513542,2474.8129683090774,complete,complete
2031,992,0.0,ridge,13.758570804881167,688010.2101775388,False,1076887552,0.007005040999956691,False,0,992,0.007408166999994137,0.96875,0.10914960813903365,3.5551968501410203,21.250637679322775,3.088709639038513e-05,complete,0.14112833300009697,0.16468254100004742,1024,0.012343188128176398,12.639424643252632,0.012343188128176398,12.639424643252632,4096,0.031152736426877128,127.60160840448872,0.031152736426877128,127.60160840448872,32768,0.02996968751369388,982.0467204487211,0.0633582089999436,0.02996968751369388,982.0467204487211,complete,complete
2031,992,0.3,minimum_norm,24232.01788387053,688010.2101775388,False,1076887552,0.007005040999956691,False,1,992,0.007408166999994137,0.96875,0.04094110069217849,1.3600173622590646,21.250637679322775,3.088709639038513e-05,complete,0.14112833300009697,0.16468254100004742,1024,0.0018062961187950235,1.849647225646104,0.07949239749342357,81.40021503326574,4096,104.3612339628337,427463.6143117668,104.15929220711935,426636.46088036086,32768,109.2077517855706,3578519.610509577,0.0633582089999436,109.10322438944544,3575094.4567933483,complete,complete
2031,992,0.3,ridge,15.184201660726306,688010.2101775388,False,1076887552,0.007005040999956691,False,1,992,0.007408166999994137,0.96875,0.25765889804286846,8.559139079174406,21.250637679322775,3.088709639038513e-05,complete,0.14112833300009697,0.16468254100004742,1024,0.07154185720376026,73.2588617766505,0.024837437029723665,25.433535518437033,4096,0.1335561936588746,547.0461692267504,0.04400363288516734,180.23888029764544,32768,0.13610243676332515,4459.804647860638,0.0633582089999436,0.04355850077786782,1427.3249534891727,complete,complete
2031,1023,0.0,minimum_norm,1533.6400590238159,7290743.726310394,False,1076936704,0.007449208000025465,False,0,1023,0.008978167000122994,0.9990234375,2.9006934995002317e-05,0.0009448074590897068,21.24076463997313,2.913387911760051e-06,complete,0.16601641699980973,0.19247774999985268,1024,8.717393894058095e-10,8.926611347515489e-07,8.717393894058095e-10,8.926611347515489e-07,4096,0.3324866501081599,1361.865318843023,0.3324866501081599,1361.865318843023,32768,0.35942846643535653,11777.751988153763,0.07375729100022,0.35942846643535653,11777.751988153763,complete,complete
2031,1023,0.0,ridge,13.82405441023867,7290743.726310394,False,1076936704,0.007449208000025465,False,0,1023,0.008978167000122994,0.9990234375,0.10943365325506328,3.5644487047195557,21.24076463997313,2.913387911760051e-06,complete,0.16601641699980973,0.19247774999985268,1024,0.012407514227125905,12.705294568576926,0.012407514227125905,12.705294568576926,4096,0.03135223548497798,128.4187565464698,0.03135223548497798,128.4187565464698,32768,0.030145368683936285,987.8034410352242,0.07375729100022,0.030145368683936285,987.8034410352242,complete,complete
2031,1023,0.3,minimum_norm,87920.71918924911,7290743.726310394,False,1076936704,0.007449208000025465,False,1,1023,0.008978167000122994,0.9990234375,0.004360775685233345,0.14486006835589407,21.24076463997313,2.913387911760051e-06,complete,0.16601641699980973,0.19247774999985268,1024,2.049261660554131e-05,0.020984439404074302,0.081273150336552,83.22370594462924,4096,1127.5836279413616,4618582.540047817,1127.5236671557607,4618336.940669996,32768,1109.7778644545674,36365201.062447265,0.07375729100022,1109.6039435600158,36359502.022574596,complete,complete
2031,1023,0.3,ridge,15.244382106990809,7290743.726310394,False,1076936704,0.007449208000025465,False,1,1023,0.008978167000122994,0.9990234375,0.25768550711915444,8.560023002789814,21.24076463997313,2.913387911760051e-06,complete,0.16601641699980973,0.19247774999985268,1024,0.0715566345784089,73.27399380829071,0.025099363834567637,25.70174856659726,4096,0.13422905885583072,549.8022250734826,0.04442424252646017,181.96169738838086,32768,0.1363829030980526,4468.994968716987,0.07375729100022,0.04379602380230635,1435.1081079539745,complete,complete
2031,1024,0.0,minimum_norm,1522.2816975507774,20960590.840342425,False,1076985856,0.006942417000118439,True,0,1024,0.007890749999887703,1.0,6.95506142298477e-14,2.265387195163932e-12,21.23951780980669,1.0133072093047787e-06,complete,0.16525316599995676,0.1900271669999256,1024,5.01169838282491e-27,5.131979144012708e-24,5.01169838282491e-27,5.131979144012708e-24,4096,0.30060507835351885,1231.2784009360132,0.30060507835351885,1231.2784009360132,32768,0.325340715052427,10660.764550837928,0.06467966699983663,0.325340715052427,10660.764550837928,complete,complete
2031,1024,0.0,ridge,13.827277109801644,20960590.840342425,False,1076985856,0.006942417000118439,False,0,1024,0.007890749999887703,1.0,0.1094763629761115,3.565839836289608,21.23951780980669,1.0133072093047787e-06,complete,0.16525316599995676,0.1900271669999256,1024,0.012417200916083898,12.715213738069911,0.012417200916083898,12.715213738069911,4096,0.0313631727522939,128.46355559339582,0.0313631727522939,128.46355559339582,32768,0.0301592072093513,988.2569018360234,0.06467966699983663,0.0301592072093513,988.2569018360234,complete,complete
2031,1024,0.3,minimum_norm,200576.80713555816,20960590.840342425,False,1076985856,0.006942417000118439,True,1,1024,0.007890749999887703,1.0,9.825571588927891e-12,3.263944478565085e-10,21.23951780980669,1.0133072093047787e-06,complete,0.16525316599995676,0.1900271669999256,1024,1.0403646053862799e-22,1.0653333559155506e-19,0.0812933756391906,83.24441665453118,4096,6318.959776911223,25882459.24622837,6318.764629658262,25881659.92308024,32768,5917.598752079593,193907875.90814412,0.06467966699983663,5917.212485634358,193895218.72926664,complete,complete
2031,1024,0.3,ridge,15.254327660205911,20960590.840342425,False,1076985856,0.006942417000118439,False,1,1024,0.007890749999887703,1.0,0.2575301850461151,8.554863378048314,21.23951780980669,1.0133072093047787e-06,complete,0.16525316599995676,0.1900271669999256,1024,0.07147039786823466,73.18568741707229,0.025156642068384187,25.760401478025408,4096,0.13403062904188118,548.9894565555453,0.04434097520609349,181.62063444415892,32768,0.13635195873644623,4467.98098387587,0.06467966699983663,0.04379330483682459,1435.019012893068,complete,complete
2031,1025,0.0,minimum_norm,1495.173657892515,5700935.212373553,False,1077035008,0.0071812080000199785,True,0,1024,0.009167832999992243,1.0009765625,7.371513622878118e-14,2.401033082908137e-12,21.23090178770869,3.724108588644936e-06,complete,0.1791331250001349,0.20536566600003425,1024,5.629843618378275e-27,5.7649598652193535e-24,5.629843618378275e-27,5.7649598652193535e-24,4096,0.2969101917068674,1216.1441452313288,0.2969101917068674,1216.1441452313288,32768,0.32398658312998524,10616.392356003356,0.07662966699990648,0.32398658312998524,10616.392356003356,complete,complete
2031,1025,0.0,ridge,13.832060424100181,5700935.212373553,False,1077035008,0.0071812080000199785,False,0,1024,0.009167832999992243,1.0009765625,0.10948283494021056,3.566050639670138,21.23090178770869,3.724108588644936e-06,complete,0.1791331250001349,0.20536566600003425,1024,0.01241866910614434,12.716717164691804,0.01241866910614434,12.716717164691804,4096,0.03135173452962358,128.41670463333818,0.03135173452962358,128.41670463333818,32768,0.030154917979355024,988.1163523475054,0.07662966699990648,0.030154917979355024,988.1163523475054,complete,complete
2031,1025,0.3,minimum_norm,89001.95277791008,5700935.212373553,False,1077035008,0.0071812080000199785,True,1,1024,0.009167832999992243,1.0009765625,5.417560588993782e-12,1.7996527542137104e-10,21.23090178770869,3.724108588644936e-06,complete,0.1791331250001349,0.20536566600003425,1024,3.162841831786127e-23,3.238750035748994e-20,0.08129337563893839,83.24441665427291,4096,1151.8952216291805,4718162.827793123,1151.9666200588867,4718455.2757612,32768,1174.0106689488007,38469981.6001143,0.07662966699990648,1173.9242456877355,38467149.68269572,complete,complete
2031,1025,0.3,ridge,15.25706093993265,5700935.212373553,False,1077035008,0.0071812080000199785,False,1,1024,0.009167832999992243,1.0009765625,0.2575423004552212,8.555265838325555,21.23090178770869,3.724108588644936e-06,complete,0.1791331250001349,0.20536566600003425,1024,0.07147712262150402,73.19257356442012,0.025158871146375043,25.762684053888044,4096,0.13399457832191913,548.8417928065808,0.04431513142729495,181.51477832620012,32768,0.13633736532332213,4467.50278691462,0.07662966699990648,0.04378073228358588,1434.607035468542,complete,complete
2031,1056,0.0,minimum_norm,568.8776706700571,760731.057597021,False,1077133312,0.007276416999957291,True,0,1024,0.007827167000186819,1.03125,3.866961895610395e-14,1.2595382599429587e-12,21.16859534999903,2.7826647983672288e-05,complete,0.19153866699980426,0.21648149999987254,1024,1.549254519785289e-27,1.5864366282601358e-24,1.549254519785289e-27,1.5864366282601358e-24,4096,0.05569445857870109,228.12450233835966,0.05569445857870109,228.12450233835966,32768,0.061966684043078896,2030.5243027236093,0.06595441699982985,0.061966684043078896,2030.5243027236093,complete,complete
2031,1056,0.0,ridge,13.83254283346837,760731.057597021,False,1077133312,0.007276416999957291,False,0,1024,0.007827167000186819,1.03125,0.10755104794376792,3.503128901681413,21.16859534999903,2.7826647983672288e-05,complete,0.19153866699980426,0.21648149999987254,1024,0.011984289161909786,12.271912101795621,0.011984289161909786,12.271912101795621,4096,0.030535062511604795,125.07161604753324,0.030535062511604795,125.07161604753324,32768,0.02934756789090356,961.6611046491279,0.06595441699982985,0.02934756789090356,961.6611046491279,complete,complete
2031,1056,0.3,minimum_norm,18867.963852912355,760731.057597021,False,1077133312,0.007276416999957291,True,1,1024,0.007827167000186819,1.03125,1.0603492229676128e-12,3.522360974455587e-11,21.16859534999903,2.7826647983672288e-05,complete,0.19153866699980426,0.21648149999987254,1024,1.211623714293722e-24,1.2407026834367713e-21,0.0812933756389057,83.24441665423943,4096,84.9022647462808,347759.6764007662,84.71383891816755,346987.8842088143,32768,75.10045492530406,2460891.7069923636,0.06595441699982985,75.00532779460838,2457774.5811737273,complete,complete
2031,1056,0.3,ridge,15.239534389234498,760731.057597021,False,1077133312,0.007276416999957291,False,1,1024,0.007827167000186819,1.03125,0.25569102792982334,8.493768645181081,21.16859534999903,2.7826647983672288e-05,complete,0.19153866699980426,0.21648149999987254,1024,0.07045322831822398,72.14410579786136,0.025031169694439026,25.631917767105563,4096,0.1335305053915277,546.9409500836974,0.043640760453961064,178.75255481942452,32768,0.13558375058168193,4442.808339060553,0.06595441699982985,0.04298892344762188,1408.6610435316738,complete,complete
2031,1088,0.0,minimum_norm,394.4724142374163,439267.4820692258,False,1077149696,0.007377375000032771,True,0,1024,0.00818037500016544,1.0625,1.8222399059248216e-14,5.935359443061901e-13,21.122320439757704,4.808532682696726e-05,complete,0.18851108400008343,0.21414758299988534,1024,3.4402823943695384e-28,3.5228491718344074e-25,3.4402823943695384e-28,3.5228491718344074e-25,4096,0.04781541371509284,195.85193457702027,0.04781541371509284,195.85193457702027,32768,0.04731398421756994,1550.3846348413317,0.06640383400008432,0.04731398421756994,1550.3846348413317,complete,complete
2031,1088,0.0,ridge,13.867838207413534,439267.4820692258,False,1077149696,0.007377375000032771,False,0,1024,0.00818037500016544,1.0625,0.10787873690776396,3.513802314004989,21.122320439757704,4.808532682696726e-05,complete,0.18851108400008343,0.21414758299988534,1024,0.012057428419830884,12.346806701906825,0.012057428419830884,12.346806701906825,4096,0.03082939655409221,126.2772082855617,0.03082939655409221,126.2772082855617,32768,0.029754185508472808,974.985150741637,0.06640383400008432,0.029754185508472808,974.985150741637,complete,complete
2031,1088,0.3,minimum_norm,14268.072102100898,439267.4820692258,False,1077149696,0.007377375000032771,True,1,1024,0.00818037500016544,1.0625,9.333863652382393e-13,3.1006046270329025e-11,21.122320439757704,4.808532682696726e-05,complete,0.18851108400008343,0.21414758299988534,1024,9.38842680974399e-25,9.613749053177845e-22,0.0812933756389071,83.24441665424087,4096,76.77118092769149,314454.75707982434,76.60030507690226,313754.84959499165,32768,63.96313578304976,2095944.0333389745,0.06640383400008432,63.87332663072614,2093001.1670356342,complete,complete
2031,1088,0.3,ridge,15.281595380544474,439267.4820692258,False,1077149696,0.007377375000032771,False,1,1024,0.00818037500016544,1.0625,0.25597683591790227,8.503262865402032,21.122320439757704,4.808532682696726e-05,complete,0.18851108400008343,0.21414758299988534,1024,0.0706108196856691,72.30547935812515,0.02509256143331484,25.694782907714398,4096,0.13335962105851173,546.2410078556641,0.04355673126576063,178.40837126455554,32768,0.13568839703013474,4446.237393883455,0.06640383400008432,0.04304034379000701,1410.3459853109498,complete,complete
2031,1152,0.0,minimum_norm,266.5488336617007,240351.33977473192,False,1077198848,0.007388999999875523,True,0,1024,0.008695915999851422,1.125,1.219664723201336e-14,3.972664910193876e-13,21.16144064100329,8.804378066224528e-05,complete,0.1975432090000595,0.2238389169999664,1024,1.5412174305357145e-28,1.5782066488685717e-25,1.5412174305357145e-28,1.5782066488685717e-25,4096,0.023977891626808162,98.21344410340623,0.023977891626808162,98.21344410340623,32768,0.026190801634580645,858.2201879619386,0.0722164580001845,0.026190801634580645,858.2201879619386,complete,complete
2031,1152,0.0,ridge,13.718863446692897,240351.33977473192,False,1077198848,0.007388999999875523,False,0,1024,0.008695915999851422,1.125,0.10238229720358993,3.3347734979016965,21.16144064100329,8.804378066224528e-05,complete,0.1975432090000595,0.2238389169999664,1024,0.010860072541315944,11.120714282307526,0.010860072541315944,11.120714282307526,4096,0.029243229668835566,119.78026872355048,0.029243229668835566,119.78026872355048,32768,0.028446650243146375,932.1398351674204,0.0722164580001845,0.028446650243146375,932.1398351674204,complete,complete
2031,1152,0.3,minimum_norm,10563.378650795834,240351.33977473192,False,1077198848,0.007388999999875523,True,1,1024,0.008695915999851422,1.125,4.696610455776389e-13,1.5601612207860423e-11,21.16144064100329,8.804378066224528e-05,complete,0.1975432090000595,0.2238389169999664,1024,2.3770537449654236e-25,2.434103034844594e-22,0.08129337563891163,83.24441665424551,4096,55.624540423827824,227838.11757599877,55.49668136423881,227314.40686792217,32768,48.40165271740007,1586025.3562437654,0.0722164580001845,48.31973866466902,1583341.1965638744,complete,complete
2031,1152,0.3,ridge,15.140154544539817,240351.33977473192,False,1077198848,0.007388999999875523,False,1,1024,0.008695915999851422,1.125,0.2536933595955533,8.427408347760903,21.16144064100329,8.804378066224528e-05,complete,0.1975432090000595,0.2238389169999664,1024,0.06935665181631849,71.02121145991013,0.02386544645541433,24.438217170344274,4096,0.13201047717082204,540.7149144916871,0.04182370957278124,171.30991441011196,32768,0.1344813827503555,4406.685949963649,0.0722164580001845,0.04184655575980098,1371.2279391371585,complete,complete
2031,1280,0.0,minimum_norm,161.92802622493954,140232.2040178553,False,1077248000,0.007732541999985187,True,0,1024,0.010031250000338332,1.25,6.87346210460539e-15,2.238808845995102e-13,21.147539980613164,0.00015080373391207995,complete,0.22087166599999364,0.24952258299981622,1024,4.894790086822188e-29,5.0122650489059205e-26,4.894790086822188e-29,5.0122650489059205e-26,4096,0.013621175222305151,55.7923337105619,0.013621175222305151,55.7923337105619,32768,0.014150445704153249,463.68180483369366,0.07988783299970237,0.014150445704153249,463.68180483369366,complete,complete
2031,1280,0.0,ridge,13.49347882561552,140232.2040178553,False,1077248000,0.007732541999985187,False,0,1024,0.010031250000338332,1.25,0.0949988806189886,3.094282488979179,21.147539980613164,0.00015080373391207995,complete,0.22087166599999364,0.24952258299981622,1024,0.009350179806253116,9.574584121603191,0.009350179806253116,9.574584121603191,4096,0.024956213889754133,102.22065209243293,0.024956213889754133,102.22065209243293,32768,0.02428696874568642,795.8353918586527,0.07988783299970237,0.02428696874568642,795.8353918586527,complete,complete
2031,1280,0.3,minimum_norm,6491.907086048183,140232.2040178553,False,1077248000,0.007732541999985187,True,1,1024,0.010031250000338332,1.25,2.6670140727888987e-13,8.859521075541359e-12,21.147539980613164,0.00015080373391207995,complete,0.22087166599999364,0.24952258299981622,1024,7.665147821089992e-26,7.849111368796152e-23,0.08129337563892876,83.24441665426305,4096,37.004644451733846,151571.02367430183,36.89865467084991,151136.88953180122,32768,31.168261599948373,1021321.5961071083,0.07988783299970237,31.081967877228177,1018493.9234010129,complete,complete
2031,1280,0.3,ridge,15.029637231674185,140232.2040178553,False,1077248000,0.007732541999985187,False,1,1024,0.010031250000338332,1.25,0.2494386563137258,8.286071885459794,21.147539980613164,0.00015080373391207995,complete,0.22087166599999364,0.24952258299981622,1024,0.06704979227637432,68.6589872910073,0.022398862944973022,22.936435655652375,4096,0.1270308941285999,520.3185423507452,0.037430530428483044,153.31545263506655,32768,0.13050232997107838,4276.3003484922965,0.07988783299970237,0.03792427924662509,1242.7027823534108,complete,complete
2031,1536,0.0,minimum_norm,95.4711755120043,83090.04346636195,False,1077313536,0.00801383399993938,True,0,1024,0.012117624999973486,1.5,6.32334546262783e-15,2.0596260723586146e-13,21.291145191034804,0.00025624183479521564,complete,0.2766401250000854,0.3084143330002007,1024,4.1426362870501697e-29,4.242059557939374e-26,4.1426362870501697e-29,4.242059557939374e-26,4096,0.009341589208055306,38.263149396194535,0.009341589208055306,38.263149396194535,32768,0.009188987708063492,301.1047492178245,0.09801462499990521,0.009188987708063492,301.1047492178245,complete,complete
2031,1536,0.0,ridge,13.45946204872878,83090.04346636195,False,1077313536,0.00801383399993938,False,0,1024,0.012117624999973486,1.5,0.0898403510704718,2.9262600075893643,21.291145191034804,0.00025624183479521564,complete,0.2766401250000854,0.3084143330002007,1024,0.008362302375016504,8.5629976320169,0.008362302375016504,8.5629976320169,4096,0.023442693389607024,96.02127212383037,0.023442693389607024,96.02127212383037,32768,0.022731814250807263,744.8760893704524,0.09801462499990521,0.022731814250807263,744.8760893704524,complete,complete
2031,1536,0.3,minimum_norm,3932.3523753064487,83090.04346636195,False,1077313536,0.00801383399993938,True,1,1024,0.012117624999973486,1.5,2.7398366315532117e-13,9.101429433179916e-12,21.291145191034804,0.00025624183479521564,complete,0.2766401250000854,0.3084143330002007,1024,8.089454856167352e-26,8.283601772715368e-23,0.08129337563892863,83.24441665426292,4096,21.965685665737407,89971.44848686042,21.83862929842708,89451.02560635732,32768,19.450781891764265,637363.2210293314,0.09801462499990521,19.361155254315374,634426.3353734062,complete,complete
2031,1536,0.3,ridge,15.057196873723736,83090.04346636195,False,1077313536,0.00801383399993938,False,1,1024,0.012117624999973486,1.5,0.24664958476638085,8.193422062547326,21.291145191034804,0.00025624183479521564,complete,0.2766401250000854,0.3084143330002007,1024,0.06555875497562236,67.1321650950373,0.021414236348108944,21.92817802046356,4096,0.12670882626768915,518.9993523924547,0.03638687906467743,149.04065664891874,32768,0.12927447160090952,4236.065885418603,0.09801462499990521,0.0367807067016849,1205.2301972008108,complete,complete
2031,2048,0.0,minimum_norm,57.97157886604947,50756.12437412134,False,1077346304,0.009062665999863384,True,0,1024,0.017783959000098548,2.0,6.886194363735217e-15,2.2429559692258038e-13,21.243262808329842,0.00041853595147940394,complete,0.353888083000129,0.3952182910002193,1024,4.9129408983258444e-29,5.0308514798856646e-26,4.9129408983258444e-29,5.0308514798856646e-26,4096,0.005469880849155959,22.404631958142808,0.005469880849155959,22.404631958142808,32768,0.005039285865577795,165.1273192432532,0.13864124999963678,0.005039285865577795,165.1273192432532,complete,complete
2031,2048,0.0,ridge,12.853206918954934,50756.12437412134,False,1077346304,0.009062665999863384,False,0,1024,0.017783959000098548,2.0,0.08090901383852522,2.635350470341027,21.243262808329842,0.00041853595147940394,complete,0.353888083000129,0.3952182910002193,1024,0.006782296974147135,6.945072101526666,0.006782296974147135,6.945072101526666,4096,0.019725855023312637,80.79710217548856,0.019725855023312637,80.79710217548856,32768,0.018842266484212434,617.423388154673,0.13864124999963678,0.018842266484212434,617.423388154673,complete,complete
2031,2048,0.3,minimum_norm,2452.0347057820677,50756.12437412134,False,1077346304,0.009062665999863384,True,1,1024,0.017783959000098548,2.0,2.154215781447251e-13,7.156062771366701e-12,21.243262808329842,0.00041853595147940394,complete,0.353888083000129,0.3952182910002193,1024,5.0009017956777797e-26,5.1209234387740464e-23,0.0812933756389194,83.24441665425347,4096,12.508111254356145,51233.22369784277,12.413462628750448,50845.542927361836,32768,12.871390256940103,421769.7159394133,0.13864124999963678,12.79824011156477,419372.7319757544,complete,complete
2031,2048,0.3,ridge,14.701545904244359,50756.12437412134,False,1077346304,0.009062665999863384,False,1,1024,0.017783959000098548,2.0,0.24255896881124425,8.0575363968651,21.243262808329842,0.00041853595147940394,complete,0.353888083000129,0.3952182910002193,1024,0.06340223904961502,64.92389278680578,0.019889392342175256,20.366737758387462,4096,0.1231053012866563,504.2393140701442,0.033457968806251154,137.04384023040473,32768,0.12610975611181857,4132.364488272071,0.13864124999963678,0.033684683315684694,1103.779702888356,complete,complete
2031,3072,0.0,minimum_norm,42.81606166065165,32859.19500314794,False,1077346304,0.010864249999940512,True,0,1024,0.01997299999993629,3.0,8.550878844364304e-15,2.785173309527431e-13,21.063827667442844,0.0006410329792140345,complete,0.5137689160001173,0.5630319159999999,1024,7.575381214945297e-29,7.757190364103984e-26,7.575381214945297e-29,7.757190364103984e-26,4096,0.003806646494026262,15.59202403953157,0.003806646494026262,15.59202403953157,32768,0.003900244281037689,127.80320460104299,0.16933720799988805,0.003900244281037689,127.80320460104299,complete,complete
2031,3072,0.0,ridge,12.758921647865815,32859.19500314794,False,1077346304,0.010864249999940512,False,0,1024,0.01997299999993629,3.0,0.07601853306871854,2.4760588143751616,21.063827667442844,0.0006410329792140345,complete,0.5137689160001173,0.5630319159999999,1024,0.005987175051020432,6.130867252244922,0.005987175051020432,6.130867252244922,4096,0.019017781164057508,77.89683164797955,0.019017781164057508,77.89683164797955,32768,0.01796873071535754,588.7993680808358,0.16933720799988805,0.01796873071535754,588.7993680808358,complete,complete
2031,3072,0.3,minimum_norm,1660.630551592022,32859.19500314794,False,1077346304,0.010864249999940512,True,1,1024,0.01997299999993629,3.0,7.426407438908723e-14,2.466969105707331e-12,21.063827667442844,0.0006410329792140345,complete,0.5137689160001173,0.5630319159999999,1024,5.943297430189872e-27,6.085936568514429e-24,0.08129337563892497,83.24441665425917,4096,9.467556996939656,38779.11345946483,9.36177120654968,38345.81486202749,32768,8.911063908373958,291997.74214959785,0.16933720799988805,8.834997727294962,289505.2055280013,complete,complete
2031,3072,0.3,ridge,14.730016108890863,32859.19500314794,False,1077346304,0.010864249999940512,False,1,1024,0.01997299999993629,3.0,0.2400694794152637,7.9748383564008325,21.063827667442844,0.0006410329792140345,complete,0.5137689160001173,0.5630319159999999,1024,0.062107467588595616,63.59804681072191,0.019459227060908003,19.926248510369795,4096,0.1232306008180023,504.7525409505374,0.033478237857628663,137.126862264847,32768,0.12559904713619718,4115.629576558909,0.16933720799988805,0.03324796422871676,1089.4692918465907,complete,complete
2031,4096,0.0,minimum_norm,37.77831003482731,25718.082048980534,False,1144487936,0.01250987499997791,True,0,1024,0.03187758300009591,4.0,1.0330146762562259e-14,3.3647125132116803e-13,20.95652030834226,0.0008148554883847949,complete,0.6762091660002625,0.7451588750000155,1024,1.105594755523756e-28,1.1321290296563262e-25,1.105594755523756e-28,1.1321290296563262e-25,4096,0.0038752753082340564,15.873127662526695,0.0038752753082340564,15.873127662526695,32768,0.003878140614851263,127.07891166744619,0.2255480419999003,0.003878140614851263,127.07891166744619,complete,complete
2031,4096,0.0,ridge,12.796359860024095,25718.082048980534,False,1144487936,0.01250987499997791,False,0,1024,0.03187758300009591,4.0,0.07540703438162039,2.4561412146393247,20.95652030834226,0.0008148554883847949,complete,0.6762091660002625,0.7451588750000155,1024,0.005891239908447204,6.032629666249937,0.005891239908447204,6.032629666249937,4096,0.019155278822595417,78.46002205735083,0.019155278822595417,78.46002205735083,32768,0.018098136302441923,593.0397303584169,0.2255480419999003,0.018098136302441923,593.0397303584169,complete,complete
2031,4096,0.3,minimum_norm,1317.7111444131417,25718.082048980534,False,1144487936,0.01250987499997791,True,1,1024,0.03187758300009591,4.0,6.301688973569899e-14,2.0933502692195285e-12,20.95652030834226,0.0008148554883847949,complete,0.6762091660002625,0.7451588750000155,1024,4.27940952113425e-27,4.382115349641472e-24,0.08129337563892786,83.24441665426212,4096,7.515604912034404,30783.91771969292,7.420025510770398,30392.42449211555,32768,7.117667134259625,233231.71665541938,0.2255480419999003,7.03873795804233,230645.36540913107,complete,complete
2031,4096,0.3,ridge,14.761171389503126,25718.082048980534,False,1144487936,0.01250987499997791,False,1,1024,0.03187758300009591,4.0,0.23923763912879953,7.947205556766945,20.95652030834226,0.0008148554883847949,complete,0.6762091660002625,0.7451588750000155,1024,0.061677808751472045,63.158076161507374,0.01956438090713073,20.03392604890187,4096,0.1233590347086609,505.27860616667505,0.03340060602063985,136.80888226054083,32768,0.12547622176268614,4111.604834719699,0.2255480419999003,0.0329306393011977,1079.0711886216463,complete,complete
2031,8192,0.0,minimum_norm,31.781463292059048,18292.379138075627,False,1144520704,0.018840457999885984,True,0,1024,0.05761575000042285,8.0,9.464003658259121e-15,3.0825943005409133e-13,20.948360382900905,0.0011451960526718391,complete,1.327326790999905,1.452589208000063,1024,9.279675411843087e-29,9.502387621727321e-26,9.279675411843087e-29,9.502387621727321e-26,4096,0.0034754656506078355,14.235507304889694,0.0034754656506078355,14.235507304889694,32768,0.003483151776933029,114.1359174265415,0.4488947500003633,0.003483151776933029,114.1359174265415,complete,complete
2031,8192,0.0,ridge,12.920570615554864,18292.379138075627,False,1144520704,0.018840457999885984,False,0,1024,0.05761575000042285,8.0,0.07417296788156758,2.41594547405303,20.948360382900905,0.0011451960526718391,complete,1.327326790999905,1.452589208000063,1024,0.005699992708591131,5.836792533597318,0.005699992708591131,5.836792533597318,4096,0.018309570403476274,74.99600037263882,0.018309570403476274,74.99600037263882,32768,0.017518051374236045,574.0315074309667,0.4488947500003633,0.017518051374236045,574.0315074309667,complete,complete
2031,8192,0.3,minimum_norm,980.7872909896396,18292.379138075627,False,1144520704,0.018840457999885984,True,1,1024,0.05761575000042285,8.0,4.4363158403072795e-14,1.4736942742810682e-12,20.948360382900905,0.0011451960526718391,complete,1.327326790999905,1.452589208000063,1024,2.120873841844535e-27,2.171774814048804e-24,0.08129337563892652,83.24441665426076,4096,5.419784564715253,22199.437577073677,5.318397862530007,21784.157644922907,32768,5.311460571619222,174045.94001081865,0.4488947500003633,5.225249807878576,171220.9857045652,complete,complete
2031,8192,0.3,ridge,14.97687457796514,18292.379138075627,False,1144520704,0.018840457999885984,False,1,1024,0.05761575000042285,8.0,0.23804311205227063,7.907524709493627,20.948360382900905,0.0011451960526718391,complete,1.327326790999905,1.452589208000063,1024,0.06106342483520731,62.52894703125229,0.01944219769885039,19.908810443622798,4096,0.12291155632144796,503.44573469265083,0.032775711721490755,134.24931521122613,32768,0.12498999278626824,4095.6720836204377,0.4488947500003633,0.03262864405505466,1069.1754083960311,complete,complete
2032,64,0.0,minimum_norm,10.497968878162915,62.15211401032006,False,1144520704,0.005189292000068235,False,0,64,0.0008382920000258309,0.0625,0.30184506327108096,9.831630515842408,20.337018655235564,0.32721362706759577,complete,0.002455374999954074,0.014000125000166008,1024,0.09439546738285509,96.66095860004361,0.09439546738285509,96.66095860004361,4096,0.11924826235684069,488.44088261361946,0.11924826235684069,488.44088261361946,32768,0.12247496602312155,4013.259686645647,0.008373874999961117,0.12247496602312155,4013.259686645647,complete,complete
2032,64,0.0,ridge,8.245242460395698,62.15211401032006,False,1144520704,0.005189292000068235,False,0,64,0.0008382920000258309,0.0625,0.30451364532945946,9.9185509793241,20.337018655235564,0.32721362706759577,complete,0.002455374999954074,0.014000125000166008,1024,0.09607192727485458,98.3776535294511,0.09607192727485458,98.3776535294511,4096,0.11801885372777741,483.4052248689763,0.11801885372777741,483.4052248689763,32768,0.12136214820684815,3976.7948724420003,0.008373874999961117,0.12136214820684815,3976.7948724420003,complete,complete
2032,64,0.3,minimum_norm,10.081919811860024,62.15211401032006,False,1144520704,0.005189292000068235,False,1,64,0.0008382920000258309,0.0625,0.3931038332558,13.05846763667048,20.337018655235564,0.32721362706759577,complete,0.002455374999954074,0.014000125000166008,1024,0.16652693068161156,170.52357701797024,0.10003667343247792,102.43755359485739,4096,0.21509117227146002,881.0134416239002,0.123225967609572,504.7335633288069,32768,0.21999326225523183,7208.739217579437,0.008373874999961117,0.12733849014472726,4172.627645062423,complete,complete
2032,64,0.3,ridge,7.912538105878258,62.15211401032006,False,1144520704,0.005189292000068235,False,1,64,0.0008382920000258309,0.0625,0.3949026335128747,13.118221760020784,20.337018655235564,0.32721362706759577,complete,0.002455374999954074,0.014000125000166008,1024,0.16805443568855719,172.08774214508256,0.10183442883310345,104.27845512509793,4096,0.21374363728276743,875.4939383102154,0.12230863242432674,500.97615841004233,32768,0.21905894961242867,7178.1236609000625,0.008373874999961117,0.1264064055879031,4142.085098304408,complete,complete
2032,128,0.0,minimum_norm,13.781639355353814,154.99716314576523,False,1144569856,0.005082292000224697,False,0,128,0.001085166999928333,0.125,0.2124733817112398,6.920635907702107,19.77552412499738,0.1275863617348901,complete,0.00665366700013692,0.018440208000356506,1024,0.04677265758493726,47.895201366975755,0.04677265758493726,47.895201366975755,4096,0.08168977653485868,334.60132468678114,0.08168977653485868,334.60132468678114,32768,0.0813042577792686,2664.1779189110734,0.011269874999925378,0.0813042577792686,2664.1779189110734,complete,complete
2032,128,0.0,ridge,9.050632407042967,154.99716314576523,False,1144569856,0.005082292000224697,False,0,128,0.001085166999928333,0.125,0.21983994661071585,7.160578027270843,19.77552412499738,0.1275863617348901,complete,0.00665366700013692,0.018440208000356506,1024,0.050072146176400406,51.273877684634016,0.050072146176400406,51.273877684634016,4096,0.07842760355232464,321.23946415032174,0.07842760355232464,321.23946415032174,32768,0.07830939817688407,2566.042359460137,0.011269874999925378,0.07830939817688407,2566.042359460137,complete,complete
2032,128,0.3,minimum_norm,15.295795563161722,154.99716314576523,False,1144569856,0.005082292000224697,False,1,128,0.001085166999928333,0.125,0.32331473599324057,10.74015224287844,19.77552412499738,0.1275863617348901,complete,0.00665366700013692,0.018440208000356506,1024,0.11264733417988947,115.35087020020681,0.0597153563103776,61.148524861826665,4096,0.18083916274701295,740.717210611765,0.0930558992674589,381.15696339951165,32768,0.18576445380385648,6087.129622244769,0.011269874999925378,0.09324553017537823,3055.469532786794,complete,complete
2032,128,0.3,ridge,9.428709204234032,154.99716314576523,False,1144569856,0.005082292000224697,False,1,128,0.001085166999928333,0.125,0.3291088849621489,10.932627361133779,19.77552412499738,0.1275863617348901,complete,0.00665366700013692,0.018440208000356506,1024,0.11672103614981551,119.52234101741108,0.05951182923712228,60.94011313881322,4096,0.17435335752161552,714.1513524085372,0.08575051159549704,351.2340954951559,32768,0.1783338741223137,5843.644387239975,0.011269874999925378,0.08628173390795528,2827.2798566958786,complete,complete
2032,256,0.0,minimum_norm,62.06844850458762,982.5427637742831,False,1144602624,0.00565016700011256,False,0,256,0.0022237500002120214,0.25,0.09652396387481199,3.1439571628488245,19.985407644826363,0.020340496497125042,complete,0.016524875000413886,0.029980209000314062,1024,0.009652799454910571,9.884466641828425,0.009652799454910571,9.884466641828425,4096,0.042101872771479504,172.44927087198005,0.042101872771479504,172.44927087198005,32768,0.038860272444409386,1273.3734074584067,0.017667292000169255,0.038860272444409386,1273.3734074584067,complete,complete
2032,256,0.0,ridge,12.114611307080471,982.5427637742831,False,1144602624,0.00565016700011256,False,0,256,0.0022237500002120214,0.25,0.1649621954232121,5.373112075802487,19.985407644826363,0.020340496497125042,complete,0.016524875000413886,0.029980209000314062,1024,0.028193684940561077,28.870333379134543,0.028193684940561077,28.870333379134543,4096,0.05539212954220463,226.88616260487015,0.05539212954220463,226.88616260487015,32768,0.054443088540933736,1783.9911253093167,0.017667292000169255,0.054443088540933736,1783.9911253093167,complete,complete
2032,256,0.3,minimum_norm,74.64923667207975,982.5427637742831,False,1144602624,0.00565016700011256,False,1,256,0.0022237500002120214,0.25,0.24521054580759385,8.145618805286794,19.985407644826363,0.020340496497125042,complete,0.016524875000413886,0.029980209000314062,1024,0.0647960016807049,66.35110572104182,0.033824069374838256,34.635847039834374,4096,0.17296321396550995,708.4573244027288,0.08627186616531718,353.36956381313917,32768,0.18055845826277336,5916.539560354558,0.017667292000169255,0.08726543884008808,2859.5138999120063,complete,complete
2032,256,0.3,ridge,13.002467447581662,982.5427637742831,False,1144602624,0.00565016700011256,False,1,256,0.0022237500002120214,0.25,0.289733347094983,9.624616236804982,19.985407644826363,0.020340496497125042,complete,0.016524875000413886,0.029980209000314062,1024,0.09046214619704099,92.63323770576997,0.03951791365849893,40.466343586302905,4096,0.15500857758823605,634.9151338014149,0.06653978918746806,272.54697651186916,32768,0.1601116936415481,5246.539977246248,0.017667292000169255,0.06760662966072492,2215.334040722634,complete,complete
2032,384,0.0,minimum_norm,74.52445157681443,2527.429171946528,False,1144651776,0.005902874999719643,False,0,384,0.003013167000062822,0.375,0.04608066765992739,1.5009292961298528,20.220317290318423,0.008000349728790032,complete,0.028600749999895925,0.04337004200033334,1024,0.002199989015606304,2.252788751980855,0.002199989015606304,2.252788751980855,4096,0.022501953919376386,92.16800325376568,0.022501953919376386,92.16800325376568,32768,0.019401624560265153,635.7524335907685,0.02363412500017148,0.019401624560265153,635.7524335907685,complete,complete
2032,384,0.0,ridge,12.532196867220934,2527.429171946528,False,1144651776,0.005902874999719643,False,0,384,0.003013167000062822,0.375,0.12910166142267895,4.205070708574916,20.220317290318423,0.008000349728790032,complete,0.028600749999895925,0.04337004200033334,1024,0.017268183265737043,17.682619664114732,0.017268183265737043,17.682619664114732,4096,0.03831823283968212,156.95148171133798,0.03831823283968212,156.95148171133798,32768,0.03750865779678082,1229.083698684914,0.02363412500017148,0.03750865779678082,1229.083698684914,complete,complete
2032,384,0.3,minimum_norm,120.95693656226527,2527.429171946528,False,1144651776,0.005902874999719643,False,1,384,0.003013167000062822,0.375,0.21327356115122054,7.084708060423333,20.220317290318423,0.008000349728790032,complete,0.028600749999895925,0.04337004200033334,1024,0.04901668779436259,50.193088301427295,0.03609765420168676,36.96399790252724,4096,0.19369037602082473,793.3557801812981,0.10802685347947233,442.47799185191866,32768,0.20269271488221172,6641.8348812603135,0.02363412500017148,0.10832736558900011,3549.6711156203555,complete,complete
2032,384,0.3,ridge,13.813028832262889,2527.429171946528,False,1144651776,0.005902874999719643,False,1,384,0.003013167000062822,0.375,0.2671905389881725,8.875769481319637,20.220317290318423,0.008000349728790032,complete,0.028600749999895925,0.04337004200033334,1024,0.07693289441945808,78.77928388552507,0.029475582823519867,30.182996811284344,4096,0.13701467388135607,561.2121042180345,0.04827204481511144,197.72229556269644,32768,0.1420328407540234,4654.1321258278385,0.02363412500017148,0.049626245782606535,1626.152821804451,complete,complete
2032,512,0.0,minimum_norm,91.90088416922309,5969.026376711058,False,1144668160,0.006012374999954773,False,0,512,0.004012791000150173,0.5,0.028792769571325788,0.9378317103660463,20.32231237938148,0.0034046276723908703,complete,0.05109020800000508,0.06812512499982404,1024,0.0008589143720391627,0.8795283169681026,0.0008589143720391627,0.8795283169681026,4096,0.020541281291952,84.13708817183539,0.020541281291952,84.13708817183539,32768,0.01980391515953987,648.9346919478024,0.031053167000209214,0.01980391515953987,648.9346919478024,complete,complete
2032,512,0.0,ridge,12.606319384515976,5969.026376711058,False,1144668160,0.006012374999954773,False,0,512,0.004012791000150173,0.5,0.12013366005532132,3.912966955232275,20.32231237938148,0.0034046276723908703,complete,0.05109020800000508,0.06812512499982404,1024,0.014952451555409883,15.31131039273972,0.014952451555409883,15.31131039273972,4096,0.037567981732620194,153.87845317681231,0.037567981732620194,153.87845317681231,32768,0.03511937650541344,1150.7917293293876,0.031053167000209214,0.03511937650541344,1150.7917293293876,complete,complete
2032,512,0.3,minimum_norm,328.21867870492,5969.026376711058,False,1144668160,0.006012374999954773,False,1,512,0.004012791000150173,0.5,0.19130032286964596,6.354781774545384,20.32231237938148,0.0034046276723908703,complete,0.05109020800000508,0.06812512499982404,1024,0.03943676894735758,40.38325140209416,0.043690445600373176,44.73901629478213,4096,0.3144312091900543,1287.9102328424624,0.22937671116915703,939.5270089488672,32768,0.31959397118967814,10472.455247943373,0.031053167000209214,0.2273242245156823,7448.960188929877,complete,complete
2032,512,0.3,ridge,14.054121954640438,5969.026376711058,False,1144668160,0.006012374999954773,False,1,512,0.004012791000150173,0.5,0.2609011643491727,8.666843522755322,20.32231237938148,0.0034046276723908703,complete,0.05109020800000508,0.06812512499982404,1024,0.07335368813274012,75.11417664792589,0.027583218492835234,28.24521573666328,4096,0.13651151047593207,559.1511469094178,0.04807993697062983,196.93542183169978,32768,0.13958844944701626,4574.034311479829,0.031053167000209214,0.04742762102559213,1554.1082857666029,complete,complete
2032,768,0.0,minimum_norm,215.44329838559733,37386.63990858001,False,1144668160,0.006184332999964681,False,0,768,0.005552541000270139,0.75,0.009599508530149794,0.31267306471515977,20.421457605945996,0.0005462234010834281,complete,0.09184774999994261,0.11145900000019537,1024,9.547309120934617e-05,0.09776444539837048,9.547309120934617e-05,0.09776444539837048,4096,0.019709114011942544,80.72853099291666,0.019709114011942544,80.72853099291666,32768,0.021069628960059143,690.409601763218,0.04359558400028618,0.021069628960059143,690.409601763218,complete,complete
2032,768,0.0,ridge,13.017437632579037,37386.63990858001,False,1144668160,0.006184332999964681,False,0,768,0.005552541000270139,0.75,0.10980601694267747,3.5765772522414725,20.421457605945996,0.0005462234010834281,complete,0.09184774999994261,0.11145900000019537,1024,0.012492094571534334,12.791904841251158,0.012492094571534334,12.791904841251158,4096,0.033719926349267494,138.11681832659966,0.033719926349267494,138.11681832659966,32768,0.03082270056934828,1009.9982522564044,0.04359558400028618,0.03082270056934828,1009.9982522564044,complete,complete
2032,768,0.3,minimum_norm,1853.738442183532,37386.63990858001,False,1144668160,0.006184332999964681,False,1,768,0.005552541000270139,0.75,0.1324266980283247,4.399066109611635,20.421457605945996,0.0005462234010834281,complete,0.09184774999994261,0.11145900000019537,1024,0.018898225231185173,19.351782636733617,0.06254913358709958,64.05031279318997,4096,1.8172818224808807,7443.586344881687,1.7257193541630467,7068.546474651839,32768,1.9037657057716368,62382.594646724996,0.04359558400028618,1.816656972730744,59528.21568244102,complete,complete
2032,768,0.3,ridge,14.672414444243207,37386.63990858001,False,1144668160,0.006184332999964681,False,1,768,0.005552541000270139,0.75,0.2551693575489384,8.47643934129367,20.421457605945996,0.0005462234010834281,complete,0.09184774999994261,0.11145900000019537,1024,0.07016603897131934,71.85002390663101,0.02538887202161972,25.998204950138593,4096,0.13485066075483684,552.3483064518117,0.04582496013778663,187.69903672437403,32768,0.1362005686122661,4463.020232286735,0.04359558400028618,0.0439627570201266,1440.5716220355084,complete,complete
2032,896,0.0,minimum_norm,414.83985517660125,117706.60260147073,False,1144733696,0.006852625000192347,False,0,896,0.006402250000064669,0.875,0.004207542719931683,0.1370471491357141,20.51007801018311,0.0001742474725876324,complete,0.11813149999989037,0.13977308300036384,1024,1.834171981076822e-05,0.018781921086226658,1.834171981076822e-05,0.018781921086226658,4096,0.03552878384544575,145.5258986309458,0.03552878384544575,145.5258986309458,32768,0.039355719478749086,1289.60821587965,0.05059625000012602,0.039355719478749086,1289.60821587965,complete,complete
2032,896,0.0,ridge,13.094606548998728,117706.60260147073,False,1144733696,0.006852625000192347,False,0,896,0.006402250000064669,0.875,0.10321140259325724,3.361778934934741,20.51007801018311,0.0001742474725876324,complete,0.11813149999989037,0.13977308300036384,1024,0.011036677350948198,11.301557607370954,0.011036677350948198,11.301557607370954,4096,0.02958678688151213,121.18747906667369,0.02958678688151213,121.18747906667369,32768,0.027329138530753253,895.5212113757226,0.05059625000012602,0.027329138530753253,895.5212113757226,complete,complete
2032,896,0.3,minimum_norm,5843.896672895489,117706.60260147073,False,1144733696,0.006852625000192347,False,1,896,0.006402250000064669,0.875,0.08828354638177066,2.9326802125754643,20.51007801018311,0.0001742474725876324,complete,0.11813149999989037,0.13977308300036384,1024,0.008399036356671538,8.600613229231655,0.07301392504351481,74.76625924455917,4096,7.368295694093567,30180.53916300725,7.301238497478087,29905.872885670244,32768,8.247172291616307,270243.34165168315,0.05059625000012602,8.13459151961417,266554.29491471715,complete,complete
2032,896,0.3,ridge,14.820193224149605,117706.60260147073,False,1144733696,0.006852625000192347,False,1,896,0.006402250000064669,0.875,0.25109927998899095,8.34123593802203,20.51007801018311,0.0001742474725876324,complete,0.11813149999989037,0.13977308300036384,1024,0.06794552438842809,69.57621697375036,0.024254948920647477,24.837067694743016,4096,0.13181792551261953,539.9262228996896,0.042329029783372135,173.37970599269227,32768,0.13313039343087335,4362.416731942858,0.05059625000012602,0.04091318574729885,1340.6432705674888,complete,complete
2032,960,0.0,minimum_norm,607.1374097159752,270067.3394841088,False,1144766464,0.006925415999830875,False,0,960,0.007133625000278698,0.9375,0.0027406830872142803,0.08926892221626295,20.53560728449156,7.60388402526545e-05,complete,0.13003491699964798,0.15340691600022183,1024,7.782168431301957e-06,0.007968940473653204,7.782168431301957e-06,0.007968940473653204,4096,0.05658572647613673,231.77513564625605,0.05658572647613673,231.77513564625605,32768,0.06262621822325949,2052.135918739767,0.05471191700007694,0.06262621822325949,2052.135918739767,complete,complete
2032,960,0.0,ridge,13.06180304242716,270067.3394841088,False,1144766464,0.006925415999830875,False,0,960,0.007133625000278698,0.9375,0.10226093228587939,3.3308204266949493,20.53560728449156,7.60388402526545e-05,complete,0.13003491699964798,0.15340691600022183,1024,0.01083434054188313,11.094364714888325,0.01083434054188313,11.094364714888325,4096,0.029078206690555716,119.10433460451621,0.029078206690555716,119.10433460451621,32768,0.026842467721014045,879.5739822821882,0.05471191700007694,0.026842467721014045,879.5739822821882,complete,complete
2032,960,0.3,minimum_norm,12065.824037258126,270067.3394841088,False,1144766464,0.006925415999830875,False,1,960,0.007133625000278698,0.9375,0.06350580602719734,2.109591519061062,20.53560728449156,7.60388402526545e-05,complete,0.13003491699964798,0.15340691600022183,1024,0.004346070680951521,4.450376377294358,0.07701582725483004,78.86420710894596,4096,32.259861645017615,132136.39329799215,32.19965236564428,131889.77608967898,32768,35.83751058365857,1174323.546805324,0.05471191700007694,35.73163845999607,1170854.3290571512,complete,complete
2032,960,0.3,ridge,14.846591864625347,270067.3394841088,False,1144766464,0.006925415999830875,False,1,960,0.007133625000278698,0.9375,0.2502468536819727,8.312919293916446,20.53560728449156,7.60388402526545e-05,complete,0.13003491699964798,0.15340691600022183,1024,0.06748498748746892,69.10462718716818,0.023970692140723927,24.5459887521013,4096,0.13162213890669455,539.1242809618209,0.04189470791593385,171.60072362366506,32768,0.13279728050760647,4351.501287673249,0.05471191700007694,0.04060251142009561,1330.463094213693,complete,complete
2032,992,0.0,minimum_norm,857.4144963176745,570447.2786177341,False,1144815616,0.007063874999857944,False,0,992,0.007431041000018013,0.96875,0.0017701108433574515,0.05765565815581124,20.47949934860337,3.590077491162336e-05,complete,0.13845499999979438,0.1619185419999667,1024,3.2462645677536794e-06,0.0033241749173797677,3.2462645677536794e-06,0.0033241749173797677,4096,0.11379480015008994,466.1035014147684,0.11379480015008994,466.1035014147684,32768,0.10960430246526372,3591.5137831817615,0.05601462499998888,0.10960430246526372,3591.5137831817615,complete,complete
2032,992,0.0,ridge,13.091511822552906,570447.2786177341,False,1144815616,0.007063874999857944,False,0,992,0.007431041000018013,0.96875,0.10213816814360688,3.3268217802558198,20.47949934860337,3.590077491162336e-05,complete,0.13845499999979438,0.1619185419999667,1024,0.010808342927328612,11.067743157584498,0.010808342927328612,11.067743157584498,4096,0.029169571230219207,119.47856375897787,0.029169571230219207,119.47856375897787,32768,0.026958827875791604,883.3868718339393,0.05601462499998888,0.026958827875791604,883.3868718339393,complete,complete
2032,992,0.3,minimum_norm,19731.722637774386,570447.2786177341,False,1144815616,0.007063874999857944,False,1,992,0.007431041000018013,0.96875,0.04603250784262811,1.5291481869284729,20.47949934860337,3.590077491162336e-05,complete,0.13845499999979438,0.1619185419999667,1024,0.002283490407799448,2.3382941775866346,0.0790231091130397,80.91966373175265,4096,74.25296150333283,304140.13031765126,74.10026684568436,303514.69299992314,32768,79.32785658715272,2599415.2046478204,0.05601462499998888,79.21490561321335,2595714.027133775,complete,complete
2032,992,0.3,ridge,14.886119878781644,570447.2786177341,False,1144815616,0.007063874999857944,False,1,992,0.007431041000018013,0.96875,0.2497909484860912,8.297774635578978,20.47949934860337,3.590077491162336e-05,complete,0.13845499999979438,0.1619185419999667,1024,0.0672393202176347,68.85306390285793,0.023959872037788377,24.534908966695298,4096,0.13170668177829947,539.4705685639146,0.04166804455395941,170.67231049301773,32768,0.13267778946552278,4347.58580520625,0.05601462499998888,0.04060236577365973,1330.458321671282,complete,complete
2032,1023,0.0,minimum_norm,5169.047609832256,9826501.667065509,False,1144832000,0.007743916999970679,False,0,1023,0.008858042000156274,0.9990234375,0.0002233448727007859,0.007274739703229604,20.426099857221853,2.0786746442716177e-06,complete,0.16539262499964025,0.1912828750000699,1024,5.168148217748547e-08,5.292183774974512e-05,5.168148217748547e-08,5.292183774974512e-05,4096,4.976306350144066,20382.950810190094,4.976306350144066,20382.950810190094,32768,5.055307500818588,165652.3161868235,0.06996808299982149,5.055307500818588,165652.3161868235,complete,complete
2032,1023,0.0,ridge,13.073863709955527,9826501.667065509,False,1144832000,0.007743916999970679,False,0,1023,0.008858042000156274,0.9990234375,0.09995207834885977,3.2556169478709847,20.426099857221853,2.0786746442716177e-06,complete,0.16539262499964025,0.1912828750000699,1024,0.010350626671156984,10.599041711264752,0.010350626671156984,10.599041711264752,4096,0.028221001441757404,115.59322190543833,0.028221001441757404,115.59322190543833,32768,0.026002971608164442,852.0653736563324,0.06996808299982149,0.026002971608164442,852.0653736563324,complete,complete
2032,1023,0.3,minimum_norm,254682.2931823219,9826501.667065509,False,1144832000,0.007743916999970679,False,1,1023,0.008858042000156274,0.9990234375,0.015456337999237993,0.5134421810971022,20.426099857221853,2.0786746442716177e-06,complete,0.16539262499964025,0.1912828750000699,1024,0.00025744421223608375,0.26362287332974976,0.08102863619572978,82.9733234644273,4096,10469.83592216131,42884447.937172726,10468.73414702079,42879935.06619716,32768,12323.745699604995,403824499.0846565,0.06996808299982149,12324.080460200737,403835468.51985776,complete,complete
2032,1023,0.3,ridge,14.924684265960575,9826501.667065509,False,1144832000,0.007743916999970679,False,1,1023,0.008858042000156274,0.9990234375,0.24817438710450174,8.244074282902842,20.426099857221853,2.0786746442716177e-06,complete,0.16539262499964025,0.1912828750000699,1024,0.06637183670119137,67.96476078201997,0.023523736671402902,24.08830635151657,4096,0.13094905328388518,536.3673222507937,0.04066913768235263,166.58078794691636,32768,0.13183233045562648,4319.881804369968,0.06996808299982149,0.03974071117926533,1302.2236239221663,complete,complete
2032,1024,0.0,minimum_norm,18123.068153947825,39034609.43755496,False,1144913920,0.006778375000067172,True,0,1024,0.007911499999863736,1.0,8.702185179268648e-13,2.8344564736568987e-11,20.42021731251781,5.231310779523682e-07,complete,0.16276987500032192,0.18710533399962515,1024,7.845843262749512e-25,8.0341435010555e-22,7.845843262749512e-25,8.0341435010555e-22,4096,58.05856223475525,237807.8709135575,58.05856223475525,237807.8709135575,32768,62.910742138974015,2061459.1984099005,0.05905104199973721,62.910742138974015,2061459.1984099005,complete,complete
2032,1024,0.0,ridge,13.077005778048168,39034609.43755496,False,1144913920,0.006778375000067172,False,0,1024,0.007911499999863736,1.0,0.099993030249039,3.2569508240892024,20.42021731251781,5.231310779523682e-07,complete,0.16276987500032192,0.18710533399962515,1024,0.010359110029819645,10.607728670535316,0.010359110029819645,10.607728670535316,4096,0.028234180487670683,115.64720327749912,0.028234180487670683,115.64720327749912,32768,0.02601613566316506,852.4967334105927,0.05905104199973721,0.02601613566316506,852.4967334105927,complete,complete
2032,1024,0.3,minimum_norm,749447.8467894597,39034609.43755496,False,1144913920,0.006778375000067172,True,1,1024,0.007911499999863736,1.0,3.793212282395671e-11,1.2600624984608694e-09,20.42021731251781,5.231310779523682e-07,complete,0.16276987500032192,0.18710533399962515,1024,1.5505444336205555e-21,1.5877575000274488e-18,0.08129337563823247,83.24441665355005,4096,108693.1262685418,445207045.19594723,108694.44563721986,445212449.33005255,32768,110392.07101783564,3617327383.112438,0.05905104199973721,110390.73151497754,3617283490.282784,complete,complete
2032,1024,0.3,ridge,14.927459616437467,39034609.43755496,False,1144913920,0.006778375000067172,False,1,1024,0.007911499999863736,1.0,0.24818766839786013,8.24451547254492,20.42021731251781,5.231310779523682e-07,complete,0.16276987500032192,0.18710533399962515,1024,0.06637894079788347,67.97203537703267,0.02353331625316592,24.098115843241903,4096,0.13095105836439216,536.3755350605503,0.040687993746712905,166.65802238653606,32768,0.13185726646979834,4320.698907682352,0.05905104199973721,0.039766001335021714,1303.0523317459915,complete,complete
2032,1025,0.0,minimum_norm,2388.0849810568457,4450801.310918207,False,1144963072,0.007459583000127168,True,0,1024,0.009100415999910183,1.0009765625,1.6998151720842904e-13,5.536600312772766e-12,20.428981303964992,4.589955802756439e-06,complete,0.17823887500026103,0.20461887500005105,1024,2.9935491233784664e-26,3.0653943023395496e-23,2.9935491233784664e-26,3.0653943023395496e-23,4096,1.1227447514055635,4598.762501757188,1.1227447514055635,4598.762501757188,32768,0.959767796842302,31449.67116692855,0.06984191699984876,0.959767796842302,31449.67116692855,complete,complete
2032,1025,0.0,ridge,13.080242812649747,4450801.310918207,False,1144963072,0.007459583000127168,False,0,1024,0.009100415999910183,1.0009765625,0.10003231284672325,3.2582303281564506,20.428981303964992,4.589955802756439e-06,complete,0.17823887500026103,0.20461887500005105,1024,0.01036725085089696,10.616064871318487,0.01036725085089696,10.616064871318487,4096,0.028244878948137243,115.69102417157015,0.028244878948137243,115.69102417157015,32768,0.026027323441765476,852.8633345397711,0.06984191699984876,0.026027323441765476,852.8633345397711,complete,complete
2032,1025,0.3,minimum_norm,166952.72206982522,4450801.310918207,False,1144963072,0.007459583000127168,True,1,1024,0.009100415999910183,1.0009765625,7.005928826620738e-12,2.32729083533794e-10,20.428981303964992,4.589955802756439e-06,complete,0.17823887500026103,0.20461887500005105,1024,5.2893385080546546e-23,5.4162826322479663e-20,0.08129337563883349,83.24441665416549,4096,7007.781575538918,28703873.33340741,7007.090008473204,28701040.674706243,32768,5841.1075512419975,191401412.23909777,0.06984191699984876,5841.0423764017905,191399276.58993387,complete,complete
2032,1025,0.3,ridge,14.929998934439116,4450801.310918207,False,1144963072,0.007459583000127168,False,1,1024,0.009100415999910183,1.0009765625,0.2482132513847142,8.245365310622347,20.428981303964992,4.589955802756439e-06,complete,0.17823887500026103,0.20461887500005105,1024,0.06639262607970152,67.98604910561436,0.023538440175386525,24.103362739595802,4096,0.1309649046727988,536.4322495397839,0.04070052147204806,166.70933594950884,32768,0.1318677775062536,4321.0433333249175,0.06984191699984876,0.03977718662011677,1303.4188511679863,complete,complete
2032,1056,0.0,minimum_norm,731.6815091969411,651055.0270957026,False,1145044992,0.0073047910000241245,True,0,1024,0.007837042000119254,1.03125,3.292540862680807e-14,1.072439113941013e-12,20.376044870831254,3.129696265725332e-05,complete,0.18108220800013441,0.20514629199988121,1024,1.1231695831158054e-27,1.1501256531105848e-24,1.1231695831158054e-27,1.1501256531105848e-24,4096,0.12092287435584748,495.30009336155126,0.12092287435584748,495.30009336155126,32768,0.10886635669096716,3567.3327760496118,0.07435125000029075,0.10886635669096716,3567.3327760496118,complete,complete
2032,1056,0.0,ridge,13.122707049018112,651055.0270957026,False,1145044992,0.0073047910000241245,False,0,1024,0.007837042000119254,1.03125,0.10024158056735565,3.265046549981826,20.376044870831254,3.129696265725332e-05,complete,0.18108220800013441,0.20514629199988121,1024,0.010410672825730688,10.660528973548224,0.010410672825730688,10.660528973548224,4096,0.028116177589446886,115.16386340637445,0.028116177589446886,115.16386340637445,32768,0.025958585121721993,850.6109172685863,0.07435125000029075,0.025958585121721993,850.6109172685863,complete,complete
2032,1056,0.3,minimum_norm,22747.165633951,651055.0270957026,False,1145044992,0.0073047910000241245,True,1,1024,0.007837042000119254,1.03125,1.6519351350904089e-12,5.487542902035211e-11,20.376044870831254,3.129696265725332e-05,complete,0.18108220800013441,0.20514629199988121,1024,2.9407350685231466e-24,3.011312710167702e-21,0.08129337563896322,83.24441665429833,4096,135.22056350925052,553863.4281338901,135.14991533984073,553574.0532319876,32768,128.87292830832428,4222908.11480717,0.07435125000029075,128.7670879059632,4219439.936502602,complete,complete
2032,1056,0.3,ridge,14.975293067866643,651055.0270957026,False,1145044992,0.0073047910000241245,False,1,1024,0.007837042000119254,1.03125,0.24832495349700512,8.249075929280572,20.376044870831254,3.129696265725332e-05,complete,0.18108220800013441,0.20514629199988121,1024,0.06645239617874617,68.04725368703608,0.023463872015126785,24.02700494348983,4096,0.13051850386743746,534.6037918410238,0.040384632970323554,165.41545664644528,32768,0.13160011071832095,4312.272428017941,0.07435125000029075,0.03949145765543536,1294.0560844533059,complete,complete
2032,1088,0.0,minimum_norm,313.79850972078214,353646.18312348716,False,1145094144,0.017676625000149215,True,0,1024,0.00823766700023043,1.0625,2.3771840219274828e-14,7.742911120850656e-13,20.36641861225552,5.758981599171937e-05,complete,0.18992400000024645,0.22528270799966776,1024,5.854753186073511e-28,5.995267262539275e-25,5.854753186073511e-28,5.995267262539275e-25,4096,0.04317671465386684,176.85182322223858,0.04317671465386684,176.85182322223858,32768,0.03857456567216978,1264.0113679456595,0.061285582999971666,0.03857456567216978,1264.0113679456595,complete,complete
2032,1088,0.0,ridge,13.012609876068016,353646.18312348716,False,1145094144,0.017676625000149215,False,0,1024,0.00823766700023043,1.0625,0.09815167365882929,3.19697456525407,20.36641861225552,5.758981599171937e-05,complete,0.18992400000024645,0.22528270799966776,1024,0.009981099971563932,10.220646370881466,0.009981099971563932,10.220646370881466,4096,0.027574467716658585,112.94501976743356,0.027574467716658585,112.94501976743356,32768,0.025326666181816775,829.9041974457721,0.061285582999971666,0.025326666181816775,829.9041974457721,complete,complete
2032,1088,0.3,minimum_norm,14228.441445203647,353646.18312348716,False,1145094144,0.017676625000149215,True,1,1024,0.00823766700023043,1.0625,1.2277731887605095e-12,4.0785245765252984e-11,20.36641861225552,5.758981599171937e-05,complete,0.18992400000024645,0.22528270799966776,1024,1.6244494845039905e-24,1.6634362721320863e-21,0.08129337563892547,83.24441665425968,4096,66.01491070450189,270397.0742456397,65.90843655935292,269960.95614710957,32768,68.88480678569044,2257217.3487535045,0.061285582999971666,68.76555080491693,2253309.568775518,complete,complete
2032,1088,0.3,ridge,14.895131911149763,353646.18312348716,False,1145094144,0.017676625000149215,False,1,1024,0.00823766700023043,1.0625,0.24737862738263464,8.217640039083587,20.36641861225552,5.758981599171937e-05,complete,0.18992400000024645,0.22528270799966776,1024,0.06594688262885716,67.52960781194973,0.023082246777202105,23.636220699854956,4096,0.12921716854088594,529.2735223434688,0.03980746902002209,163.0513931060105,32768,0.1309402582539938,4290.650382466869,0.061285582999971666,0.03886360387310718,1273.482571713976,complete,complete
2032,1152,0.0,minimum_norm,230.9441327432161,220857.6672264782,False,1145143296,0.007119916999727138,True,0,1024,0.008660416000111582,1.125,1.1148322593936537e-14,3.6312069320334294e-13,20.453378771039976,9.260886899645683e-05,complete,0.19802245900018534,0.2240034160004143,1024,1.2876624788327765e-28,1.318566378324763e-25,1.2876624788327765e-28,1.318566378324763e-25,4096,0.027420961987438576,112.31626030054841,0.027420961987438576,112.31626030054841,32768,0.028328653977783117,928.2733335439972,0.06563520800000333,0.028328653977783117,928.2733335439972,complete,complete
2032,1152,0.0,ridge,13.023475134224688,220857.6672264782,False,1145143296,0.007119916999727138,False,0,1024,0.008660416000111582,1.125,0.0966179288831851,3.147017770280104,20.453378771039976,9.260886899645683e-05,complete,0.19802245900018534,0.2240034160004143,1024,0.009671602389119897,9.903720846458775,0.009671602389119897,9.903720846458775,4096,0.02674275846467644,109.5383386713147,0.02674275846467644,109.5383386713147,32768,0.024558210708962427,804.7234485112808,0.06563520800000333,0.024558210708962427,804.7234485112808,complete,complete
2032,1152,0.3,minimum_norm,9346.618682043918,220857.6672264782,False,1145143296,0.007119916999727138,True,1,1024,0.008660416000111582,1.125,3.379897071113229e-13,1.1227638294152463e-11,20.453378771039976,9.260886899645683e-05,complete,0.19802245900018534,0.2240034160004143,1024,1.2310533365656134e-25,1.2605986166431882e-22,0.08129337563892927,83.24441665426357,4096,48.99428204689464,200680.57926408044,48.8845297897534,200231.03401882993,32768,45.67104101886186,1496548.6721060653,0.06563520800000333,45.58108119480654,1493600.8685914208,complete,complete
2032,1152,0.3,ridge,14.880080936824434,220857.6672264782,False,1145143296,0.007119916999727138,False,1,1024,0.008660416000111582,1.125,0.247347115920777,8.216593263727967,20.453378771039976,9.260886899645683e-05,complete,0.19802245900018534,0.2240034160004143,1024,0.06593008287259744,67.51240486153978,0.02282310230456367,23.3708567598732,4096,0.128838350990004,527.7218856550564,0.03925332022726336,160.78159965087073,32768,0.13033452557445246,4270.801734023658,0.06563520800000333,0.038230668364458945,1252.7425409665907,complete,complete
2032,1280,0.0,minimum_norm,155.85443502487507,118958.23351173034,False,1145159680,0.007423459000165167,True,0,1024,0.00993975000028513,1.25,1.2385583432581285e-14,4.034204790784294e-13,20.323856383094892,0.00017084867337989495,complete,0.22242400000004636,0.25072829100008676,1024,1.5893367474596631e-28,1.627480829398695e-25,1.5893367474596631e-28,1.627480829398695e-25,4096,0.01838173785872069,75.29159826931995,0.01838173785872069,75.29159826931995,32768,0.018014991654260633,590.3152465268124,0.07298045800007458,0.018014991654260633,590.3152465268124,complete,complete
2032,1280,0.0,ridge,13.038954556998902,118958.23351173034,False,1145159680,0.007423459000165167,False,0,1024,0.00993975000028513,1.25,0.09491821208283009,3.0916549712945445,20.323856383094892,0.00017084867337989495,complete,0.22242400000004636,0.25072829100008676,1024,0.009334307091338149,9.558330461530264,0.009334307091338149,9.558330461530264,4096,0.026413826754425208,108.19103438612565,0.026413826754425208,108.19103438612565,32768,0.024334660988357317,797.3981712664926,0.07298045800007458,0.024334660988357317,797.3981712664926,complete,complete
2032,1280,0.3,minimum_norm,5628.446790440627,118958.23351173034,False,1145159680,0.007423459000165167,True,1,1024,0.00993975000028513,1.25,2.890779047236532e-13,9.602843177705496e-12,20.323856383094892,0.00017084867337989495,complete,0.22242400000004636,0.25072829100008676,1024,9.005331747617676e-26,9.2214597095605e-23,0.08129337563892496,83.24441665425915,4096,28.331896142025343,116047.4465977358,28.166750935570242,115371.01183209571,32768,26.32604567180873,862651.8645738284,0.07298045800007458,26.23488628848171,859664.7539009687,complete,complete
2032,1280,0.3,ridge,14.853895305015161,118958.23351173034,False,1145159680,0.007423459000165167,False,1,1024,0.00993975000028513,1.25,0.24743235118248702,8.219424683348898,20.323856383094892,0.00017084867337989495,complete,0.22242400000004636,0.25072829100008676,1024,0.06597552941918462,67.55894212524505,0.02265338475382197,23.197065987913696,4096,0.12923614293017138,529.351241441982,0.03954009356114016,161.9562232264301,32768,0.1306820376152297,4282.189008575847,0.07298045800007458,0.038347564180702946,1256.5729830732741,complete,complete
2032,1536,0.0,minimum_norm,102.88891434568744,70199.98173023309,False,1145192448,0.008035666000068886,True,0,1024,0.011963458000082028,1.5,9.690693220792795e-15,3.1564311225341706e-13,20.26892607964753,0.0002887312158789109,complete,0.27921691700021256,0.3106823749999421,1024,9.729548272756176e-29,9.963057431302324e-26,9.729548272756176e-29,9.963057431302324e-26,4096,0.00951170560025547,38.95994613864641,0.00951170560025547,38.95994613864641,32768,0.009782381092811094,320.5490636492339,0.09037966699997924,0.009782381092811094,320.5490636492339,complete,complete
2032,1536,0.0,ridge,12.860128355146221,70199.98173023309,False,1145192448,0.008035666000068886,False,0,1024,0.011963458000082028,1.5,0.08958441599696479,2.9179237470870483,20.26892607964753,0.0002887312158789109,complete,0.27921691700021256,0.3106823749999421,1024,0.008314725579896983,8.51427899381451,0.008314725579896983,8.51427899381451,4096,0.025875193214334007,105.98479140591209,0.025875193214334007,105.98479140591209,32768,0.02284553140327695,748.6023730225791,0.09037966699997924,0.02284553140327695,748.6023730225791,complete,complete
2032,1536,0.3,minimum_norm,3499.056788502925,70199.98173023309,False,1145192448,0.008035666000068886,True,1,1024,0.011963458000082028,1.5,1.3922051121409034e-13,4.624748949896165e-12,20.26892607964753,0.0002887312158789109,complete,0.27921691700021256,0.3106823749999421,1024,2.088701450152899e-26,2.1388302849565685e-23,0.08129337563892575,83.24441665425996,4096,20.16191676508905,82583.21106980475,20.05700673280475,82153.49957756826,32768,17.49859708875824,573394.02940443,0.09037966699997924,17.41276265131905,570581.4065584226,complete,complete
2032,1536,0.3,ridge,14.73214327171714,70199.98173023309,False,1145192448,0.008035666000068886,False,1,1024,0.011963458000082028,1.5,0.24576666764815466,8.16409254795387,20.26892607964753,0.0002887312158789109,complete,0.27921691700021256,0.3106823749999421,1024,0.06509024133941006,66.6524071315559,0.021753216062197142,22.275293247689874,4096,0.12936440230644902,529.8765918472152,0.03941688328051306,161.45155391698148,32768,0.12960328659596357,4246.840495176534,0.09037966699997924,0.03737744643561401,1224.7841648022,complete,complete
2032,2048,0.0,minimum_norm,64.57523302049808,42803.51035502484,False,1145225216,0.009339541999906942,True,0,1024,0.016883374999906664,2.0,1.0107418228960914e-14,3.2921658687851254e-13,20.285328938777706,0.0004739174140280844,complete,0.34516041699998823,0.3850377080002545,1024,1.058433213632199e-28,1.0838356107593718e-25,1.058433213632199e-28,1.0838356107593718e-25,4096,0.008140367604757736,33.34294570908769,0.008140367604757736,33.34294570908769,32768,0.007426154263741418,243.3402229142788,0.12698349999982383,0.007426154263741418,243.3402229142788,complete,complete
2032,2048,0.0,ridge,12.851782126030464,42803.51035502484,False,1145225216,0.009339541999906942,False,0,1024,0.016883374999906664,2.0,0.08533570353260612,2.7795356261585495,20.285328938777706,0.0004739174140280844,complete,0.34516041699998823,0.3850377080002545,1024,0.007544744430746677,7.725818297084597,0.007544744430746677,7.725818297084597,4096,0.02445638645683702,100.17335892720443,0.02445638645683702,100.17335892720443,32768,0.021710284331838043,711.402596985669,0.12698349999982383,0.021710284331838043,711.402596985669,complete,complete
2032,2048,0.3,minimum_norm,2311.6501949381545,42803.51035502484,False,1145225216,0.009339541999906942,True,1,1024,0.016883374999906664,2.0,1.2088163581318524e-13,4.015552115227247e-12,20.285328938777706,0.0004739174140280844,complete,0.34516041699998823,0.3850377080002545,1024,1.574673709971291e-26,1.612465879010602e-23,0.08129337563892594,83.24441665426016,4096,13.69498306341276,56094.650627738665,13.573555469184194,55597.28320177846,32768,11.360766886841727,372269.6093480297,0.12698349999982383,11.2763732382042,369504.19826947525,complete,complete
2032,2048,0.3,ridge,14.798443387910254,42803.51035502484,False,1145225216,0.009339541999906942,False,1,1024,0.016883374999906664,2.0,0.24369535452730767,8.095285853473253,20.285328938777706,0.0004739174140280844,complete,0.34516041699998823,0.3850377080002545,1024,0.0639977080560978,65.53365304944414,0.020876693008558052,21.377733640763445,4096,0.128210958500066,525.1520860162703,0.037955935598330146,155.46751221076028,32768,0.12865928173444324,4215.907343874236,0.12698349999982383,0.036332309012103325,1190.5371017086018,complete,complete
2032,3072,0.0,minimum_norm,40.65273828822235,31038.9749324051,False,1145274368,0.010738749999745778,True,0,1024,0.020350459000383125,3.0,5.1027054377153804e-15,1.6620419082270274e-13,20.436181989068984,0.0006584038948958118,complete,0.514952166999592,0.5655590420001317,1024,2.697639945998964e-29,2.762383304702939e-26,2.697639945998964e-29,2.762383304702939e-26,4096,0.004513550997631819,18.48750488629993,0.004513550997631819,18.48750488629993,32768,0.004044625599613229,132.5342916481263,0.1625518750001902,0.004044625599613229,132.5342916481263,complete,complete
2032,3072,0.0,ridge,12.565094185284057,31038.9749324051,False,1145274368,0.010738749999745778,False,0,1024,0.020350459000383125,3.0,0.07248746408481183,2.361045617871285,20.436181989068984,0.0006584038948958118,complete,0.514952166999592,0.5655590420001317,1024,0.005443883212567578,5.5745364096692,0.005443883212567578,5.5745364096692,4096,0.018025822400901767,73.83376855409364,0.018025822400901767,73.83376855409364,32768,0.01625209559424337,532.5486684321668,0.1625518750001902,0.01625209559424337,532.5486684321668,complete,complete
2032,3072,0.3,minimum_norm,1560.0873423262356,31038.9749324051,False,1145274368,0.010738749999745778,True,1,1024,0.020350459000383125,3.0,8.128091727087945e-14,2.7000607418905387e-12,20.436181989068984,0.0006584038948958118,complete,0.514952166999592,0.5655590420001317,1024,7.119460947166491e-27,7.290328009898487e-24,0.08129337563892541,83.24441665425962,4096,8.710292229044047,35677.356970164416,8.604305315528965,35243.23457240664,32768,7.814276275662775,256058.2050009178,0.1625518750001902,7.729190161124425,253270.10319972516,complete,complete
2032,3072,0.3,ridge,14.576849308521215,31038.9749324051,False,1145274368,0.010738749999745778,False,1,1024,0.020350459000383125,3.0,0.23938545044227905,7.952115682515196,20.436181989068984,0.0006584038948958118,complete,0.514952166999592,0.5655590420001317,1024,0.06175404670713305,63.23614382810425,0.01894663399175456,19.40135320755667,4096,0.12164141071415736,498.24321828518856,0.03214336849246385,131.65923734513194,32768,0.12363926882502317,4051.4115608583593,0.1625518750001902,0.031193547547892324,1022.1501660493357,complete,complete
2032,4096,0.0,minimum_norm,34.01072307035675,25077.502737606534,False,1145356288,0.012119459000132338,True,0,1024,0.028548958000101265,4.0,6.430469355598452e-15,2.0945182294040964e-13,20.56963000408551,0.0008202423590303925,complete,0.6755393749999712,0.7409179999999651,1024,4.28418614580671e-29,4.387006613306071e-26,4.28418614580671e-29,4.387006613306071e-26,4096,0.003847428846458068,15.759068555092247,0.003847428846458068,15.759068555092247,32768,0.0032899455691078683,107.80493640852663,0.2140960830001859,0.0032899455691078683,107.80493640852663,complete,complete
2032,4096,0.0,ridge,12.28214657843139,25077.502737606534,False,1145356288,0.012119459000132338,False,0,1024,0.028548958000101265,4.0,0.06772377168604639,2.2058836846322865,20.56963000408551,0.0008202423590303925,complete,0.6755393749999712,0.7409179999999651,1024,0.004751877763795818,4.865922830126918,0.004751877763795818,4.865922830126918,4096,0.01649734512400803,67.57312562793689,0.01649734512400803,67.57312562793689,32768,0.014856014818513117,486.80189357303783,0.2140960830001859,0.014856014818513117,486.80189357303783,complete,complete
2032,4096,0.3,minimum_norm,1282.1792444333637,25077.502737606534,False,1145356288,0.012119459000132338,True,1,1024,0.028548958000101265,4.0,6.723450100336664e-14,2.2334545764880258e-12,20.56963000408551,0.0008202423590303925,complete,0.6755393749999712,0.7409179999999651,1024,4.871405610581354e-27,4.988319345235306e-24,0.08129337563892725,83.2444166542615,4096,7.154685906884733,29305.593474599867,7.051945077177739,28884.767036120018,32768,6.709865810679215,219868.88288433652,0.2140960830001859,6.621877729239019,216985.68943170417,complete,complete
2032,4096,0.3,ridge,14.401640457383774,25077.502737606534,False,1145356288,0.012119459000132338,False,1,1024,0.028548958000101265,4.0,0.23688914100404102,7.869191087910355,20.56963000408551,0.0008202423590303925,complete,0.6755393749999712,0.7409179999999651,1024,0.0604728206816873,61.924168378047796,0.018382322785911467,18.823498532773343,4096,0.1194650338398946,489.32877860820827,0.030561368267475228,125.17936442357853,32768,0.12199357097862176,3997.485333827478,0.2140960830001859,0.029712337707466174,973.6138819982516,complete,complete
2032,8192,0.0,minimum_norm,29.209585999305816,18259.156574410248,False,1145405440,0.019345624999914435,True,0,1024,0.056414958000004845,8.0,1.2438230047283872e-14,4.0513527294670243e-13,20.72538035173314,0.001135067781870015,complete,1.3331337919998987,1.4594283750002432,1024,1.602876849468741e-28,1.6413458938559909e-25,1.602876849468741e-28,1.6413458938559909e-25,4096,0.003745317632765502,15.340821023807496,0.003745317632765502,15.340821023807496,32768,0.0033383866214981776,109.39225281325228,0.43444687500004875,0.0033383866214981776,109.39225281325228,complete,complete
2032,8192,0.0,ridge,12.503748510615733,18259.156574410248,False,1145405440,0.019345624999914435,False,0,1024,0.056414958000004845,8.0,0.06838656928206077,2.2274721810621574,20.72538035173314,0.001135067781870015,complete,1.3331337919998987,1.4594283750002432,1024,0.004845344059966604,4.961632317405803,0.004845344059966604,4.961632317405803,4096,0.017424783028378583,71.37191128423868,0.017424783028378583,71.37191128423868,32768,0.015774556273480112,516.9006599693963,0.43444687500004875,0.015774556273480112,516.9006599693963,complete,complete
2032,8192,0.3,minimum_norm,949.8147241269791,18259.156574410248,False,1145405440,0.019345624999914435,True,1,1024,0.056414958000004845,8.0,6.753684440099539e-14,2.2434980844345046e-12,20.72538035173314,0.001135067781870015,complete,1.3331337919998987,1.4594283750002432,1024,4.9153160692004794e-27,5.033283654861291e-24,0.08129337563892569,83.24441665425991,4096,5.280121617910254,21627.3781469604,5.174357649286415,21194.168931477157,32768,4.881999941456224,159973.37408163754,0.43444687500004875,4.792021464552683,157024.9593504623,complete,complete
2032,8192,0.3,ridge,14.745978852096327,18259.156574410248,False,1145405440,0.019345624999914435,False,1,1024,0.056414958000004845,8.0,0.23578249634615528,7.832429595836857,20.72538035173314,0.001135067781870015,complete,1.3331337919998987,1.4594283750002432,1024,0.059909134154044,61.34695337374106,0.018654273189772187,19.10197574632672,4096,0.12134818785554166,497.04217745629865,0.031720367278094616,129.92662437107555,32768,0.12321083072193315,4037.3725010963053,0.43444687500004875,0.030885408980764487,1012.0530814816907,complete,complete
2033,64,0.0,minimum_norm,10.537520837204063,65.09389503000683,False,1145438208,0.005329875000370521,False,0,64,0.0007231670001601742,0.0625,0.31348571169989,10.21078713704608,21.23070492406332,0.3261550858844203,complete,0.002440416999888839,0.014024124999650667,1024,0.10181657613092354,104.2601739580657,0.10181657613092354,104.2601739580657,4096,0.1483154084527189,607.4999130223366,0.1483154084527189,607.4999130223366,32768,0.14204159438096564,4654.418964675482,0.008235624999997526,0.14204159438096564,4654.418964675482,complete,complete
2033,64,0.0,ridge,8.865152428541583,65.09389503000683,False,1145438208,0.005329875000370521,False,0,64,0.0007231670001601742,0.0625,0.3154988094962081,10.27635731239091,21.23070492406332,0.3261550858844203,complete,0.002440416999888839,0.014024124999650667,1024,0.10312843712102551,105.60351961193012,0.10312843712102551,105.60351961193012,4096,0.14322673691131876,586.6567143887617,0.14322673691131876,586.6567143887617,32768,0.13841028372452135,4535.428177085116,0.008235624999997526,0.13841028372452135,4535.428177085116,complete,complete
2033,64,0.3,minimum_norm,10.5648556585661,65.09389503000683,False,1145438208,0.005329875000370521,False,1,64,0.0007231670001601742,0.0625,0.39411858539042377,13.092176562374606,21.23070492406332,0.3261550858844203,complete,0.002440416999888839,0.014024124999650667,1024,0.16738778041053823,171.40508714039115,0.1092491114137886,111.87109008771952,4096,0.24886468259494354,1019.3497399088888,0.1558527216080322,638.3727477064999,32768,0.24246558902680737,7945.112421230424,0.008235624999997526,0.15072542295286218,4938.970659319388,complete,complete
2033,64,0.3,ridge,8.844523978004235,65.09389503000683,False,1145438208,0.005329875000370521,False,1,64,0.0007231670001601742,0.0625,0.3956824935651395,13.14412783468123,21.23070492406332,0.3261550858844203,complete,0.002440416999888839,0.014024124999650667,1024,0.16871884427191602,172.768096534442,0.1098914704386639,112.52886572919184,4096,0.24229285158713748,992.4315201009151,0.14957176636306638,612.6459550231199,32768,0.23741976992504787,7779.771020903969,0.008235624999997526,0.14573142961718513,4775.327485695922,complete,complete
2033,128,0.0,minimum_norm,18.329436876401115,203.4895879598381,False,1145454592,0.004941624999901251,False,0,128,0.0012479580000217538,0.125,0.2288300765042398,7.453402546064373,20.696308719446872,0.10170696656740795,complete,0.006743041999925481,0.018271292000008543,1024,0.054251181165702086,55.55320951367894,0.054251181165702086,55.55320951367894,4096,0.10973893799157416,449.4906900134878,0.10973893799157416,449.4906900134878,32768,0.10421159338561094,3414.805492059699,0.011629791999894223,0.10421159338561094,3414.805492059699,complete,complete
2033,128,0.0,ridge,10.404347715807264,203.4895879598381,False,1145454592,0.004941624999901251,False,0,128,0.0012479580000217538,0.125,0.24096786814085613,7.848752005672139,20.696308719446872,0.10170696656740795,complete,0.006743041999925481,0.018271292000008543,1024,0.0601590898892017,61.60290804654254,0.0601590898892017,61.60290804654254,4096,0.10428951420826613,427.16985019705805,0.10428951420826613,427.16985019705805,32768,0.10083437621040574,3304.140839662575,0.011629791999894223,0.10083437621040574,3304.140839662575,complete,complete
2033,128,0.3,minimum_norm,20.134642160267344,203.4895879598381,False,1145454592,0.004941624999901251,False,1,128,0.0012479580000217538,0.125,0.337863225632253,11.223436721536412,20.696308719446872,0.10170696656740795,complete,0.006743041999925481,0.018271292000008543,1024,0.12301321468977741,125.96553184233207,0.06870614277635864,70.35509020299125,4096,0.22137653167639354,906.7582737465079,0.1299170670958772,532.140306824713,32768,0.2186995655405034,7166.347363631216,0.011629791999894223,0.12669007443079733,4151.380358948367,complete,complete
2033,128,0.3,ridge,10.626101289019475,203.4895879598381,False,1145454592,0.004941624999901251,False,1,128,0.0012479580000217538,0.125,0.347520364039252,11.544236008346173,20.696308719446872,0.10170696656740795,complete,0.006743041999925481,0.018271292000008543,1024,0.13014588380507464,133.26938501639643,0.07086789907089194,72.56872864859335,4096,0.20846166847435046,853.8589940709395,0.1160885385723645,475.49865399240497,32768,0.2066195675339859,6770.50998895365,0.011629791999894223,0.11484980883686412,3763.3985359663634,complete,complete
2033,256,0.0,minimum_norm,63.758904155570484,950.5293557144531,False,1145470976,0.005453583999951661,False,0,256,0.0021918340003139747,0.25,0.106918614761406,3.4825294282046624,20.92504127285078,0.02201409261802624,complete,0.016976832999716862,0.030478749999929278,1024,0.011843760955382313,12.128011218311489,0.011843760955382313,12.128011218311489,4096,0.05084683339090716,208.26862956915573,0.05084683339090716,208.26862956915573,32768,0.042718104610894994,1399.7868518898072,0.01758074999997916,0.042718104610894994,1399.7868518898072,complete,complete
2033,256,0.0,ridge,12.331784369831382,950.5293557144531,False,1145470976,0.005453583999951661,False,0,256,0.0021918340003139747,0.25,0.17952116860485326,5.847323724191795,20.92504127285078,0.02201409261802624,complete,0.016976832999716862,0.030478749999929278,1024,0.03338983860888298,34.19119473549617,0.03338983860888298,34.19119473549617,4096,0.0644779391880584,264.1016389142872,0.0644779391880584,264.1016389142872,32768,0.061516580502665376,2015.775309911339,0.01758074999997916,0.061516580502665376,2015.775309911339,complete,complete
2033,256,0.3,minimum_norm,76.43127454897656,950.5293557144531,False,1145470976,0.005453583999951661,False,1,256,0.0021918340003139747,0.25,0.25745311266816373,8.552303120253768,20.92504127285078,0.02201409261802624,complete,0.016976832999716862,0.030478749999929278,1024,0.07142762564521701,73.14188866070222,0.03540260806497565,36.25227065853507,4096,0.19126165345303475,783.4077325436303,0.10581896761247594,433.43449134070147,32768,0.18575049068111782,6086.672078638869,0.01758074999997916,0.09214093493961503,3019.2741561013054,complete,complete
2033,256,0.3,ridge,13.072114858534633,950.5293557144531,False,1145470976,0.005453583999951661,False,1,256,0.0021918340003139747,0.25,0.3028446824406673,10.060160064671296,20.92504127285078,0.02201409261802624,complete,0.016976832999716862,0.030478749999929278,1024,0.09883478567070995,101.206820526807,0.045054626926379404,46.13593797261251,4096,0.1660333589416051,680.0726382248145,0.0774576347310875,317.2664718585344,32768,0.16871857963765607,5528.570417566714,0.01758074999997916,0.07625665558290698,2498.778090140696,complete,complete
2033,384,0.0,minimum_norm,78.955601179518,2569.375878929623,False,1145487360,0.006385208000210696,False,0,384,0.0029263329997775145,0.375,0.04830833536517588,1.5734883950024037,20.657461708569006,0.008039875316792771,complete,0.028997082999921986,0.04406033299983392,1024,0.0024178376261789467,2.4758657292072415,0.0024178376261789467,2.4758657292072415,4096,0.024960505451315194,102.23823032858704,0.024960505451315194,102.23823032858704,32768,0.021541789474273182,705.8813574929836,0.023286208000172337,0.021541789474273182,705.8813574929836,complete,complete
2033,384,0.0,ridge,13.094070854631331,2569.375878929623,False,1145487360,0.006385208000210696,False,0,384,0.0029263329997775145,0.375,0.14223909629548553,4.632980326163657,20.657461708569006,0.008039875316792771,complete,0.028997082999921986,0.04406033299983392,1024,0.02096143232677688,21.464506702619524,0.02096143232677688,21.464506702619524,4096,0.044512762016313476,182.32427321882,0.044512762016313476,182.32427321882,32768,0.04371930700289232,1432.5942518707755,0.023286208000172337,0.04371930700289232,1432.5942518707755,complete,complete
2033,384,0.3,minimum_norm,150.56031245594443,2569.375878929623,False,1145487360,0.006385208000210696,False,1,384,0.0029263329997775145,0.375,0.21647169520453383,7.190946480148305,20.657461708569006,0.008039875316792771,complete,0.028997082999921986,0.04406033299983392,1024,0.05049776492222393,51.709711280357304,0.03590679397476039,36.76855703015464,4096,0.2285838931481547,936.2796263348416,0.13915191667030863,569.9662506815841,32768,0.22142572281286724,7255.678085132034,0.023286208000172337,0.1290722582694038,4229.439758971824,complete,complete
2033,384,0.3,ridge,14.363418645045245,2569.375878929623,False,1145487360,0.006385208000210696,False,1,384,0.0029263329997775145,0.375,0.2788673410950122,9.263659726879133,20.657461708569006,0.008039875316792771,complete,0.028997082999921986,0.04406033299983392,1024,0.0838040932962914,85.8153915354024,0.03250369989711015,33.28378869464079,4096,0.14600409738448628,598.0327828868558,0.05782059740843854,236.83316698496427,32768,0.1517009732430103,4970.937491226961,0.023286208000172337,0.058956231755916584,1931.8778021778746,complete,complete
2033,512,0.0,minimum_norm,85.55855830306531,6514.185298746788,False,1145487360,0.006300375000137137,False,0,512,0.0038538750000043365,0.5,0.02749394980077592,0.8955268406016219,20.75188282931056,0.003185645154015322,complete,0.04938604199969632,0.06611679199977516,1024,0.0007831721896854717,0.801968322237923,0.0007831721896854717,0.801968322237923,4096,0.015121636723614211,61.93822401992381,0.015121636723614211,61.93822401992381,32768,0.01346063444338855,441.078069440956,0.0303253750003023,0.01346063444338855,441.078069440956,complete,complete
2033,512,0.0,ridge,12.842776907840983,6514.185298746788,False,1145487360,0.006300375000137137,False,0,512,0.0038538750000043365,0.5,0.12224345453066424,3.9816867133795486,20.75188282931056,0.003185645154015322,complete,0.04938604199969632,0.06611679199977516,1024,0.015482254964358629,15.853829083503236,0.015482254964358629,15.853829083503236,4096,0.03745050445184135,153.39726623474218,0.03745050445184135,153.39726623474218,32768,0.03593759458640458,1177.6030994073053,0.0303253750003023,0.03593759458640458,1177.6030994073053,complete,complete
2033,512,0.3,minimum_norm,379.6416042679079,6514.185298746788,False,1145487360,0.006300375000137137,False,1,512,0.0038538750000043365,0.5,0.19136496006383716,6.3569289495079895,20.75188282931056,0.003185645154015322,complete,0.04938604199969632,0.06611679199977516,1024,0.03946342350497343,40.41054566909279,0.04330766043915314,44.34704428969282,4096,0.34025130576206264,1393.6693484014086,0.2548900691778183,1044.0297233523438,32768,0.3307295447813273,10837.345723394534,0.0303253750003023,0.23747731923718104,7781.6567967639485,complete,complete
2033,512,0.3,ridge,14.384624304479491,6514.185298746788,False,1145487360,0.006300375000137137,False,1,512,0.0038538750000043365,0.5,0.2660111181712639,8.836590447017027,20.75188282931056,0.003185645154015322,complete,0.04938604199969632,0.06611679199977516,1024,0.07625520578936772,78.08533072831254,0.027925694372484506,28.595911037424134,4096,0.1429171330210947,585.3885768544039,0.05272877205564061,215.97705033990394,32768,0.14500683796658134,4751.584066488937,0.0303253750003023,0.051716882080332205,1694.6587920083257,complete,complete
2033,768,0.0,minimum_norm,213.39753323795884,45492.576284411974,False,1145503744,0.006412041000203317,False,0,768,0.005617416999939451,0.75,0.008647404191821013,0.2816613331813149,21.048740087288913,0.00046268516330435344,complete,0.09226583399959054,0.11197012499997072,1024,7.747373692331607e-05,0.07933310660947565,7.747373692331607e-05,0.07933310660947565,4096,0.017740586308729645,72.66544152055663,0.017740586308729645,72.66544152055663,32768,0.017062383819046508,559.100192982516,0.04324237499986339,0.017062383819046508,559.100192982516,complete,complete
2033,768,0.0,ridge,13.017517066328141,45492.576284411974,False,1145503744,0.006412041000203317,False,0,768,0.005617416999939451,0.75,0.10175763570844863,3.3144271620989887,21.048740087288913,0.00046268516330435344,complete,0.09226583399959054,0.11197012499997072,1024,0.01072795645787066,10.985427412859556,0.01072795645787066,10.985427412859556,4096,0.028098763406170513,115.09253491167442,0.028098763406170513,115.09253491167442,32768,0.027741252945857102,909.0253765298455,0.04324237499986339,0.027741252945857102,909.0253765298455,complete,complete
2033,768,0.3,minimum_norm,2275.2516960020866,45492.576284411974,False,1145503744,0.006412041000203317,False,1,768,0.005617416999939451,0.75,0.13027472844291932,4.32758009800658,21.048740087288913,0.00046268516330435344,complete,0.09226583399959054,0.11197012499997072,1024,0.018289013188147074,18.727949504662604,0.06303109974017397,64.54384613393815,4096,1.9922808019906424,8160.382164953671,1.901524122010973,7788.642803756946,32768,2.256282541549028,73933.86632147855,0.04324237499986339,2.1660002287546885,70975.49549583363,complete,complete
2033,768,0.3,ridge,14.711966011764229,45492.576284411974,False,1145503744,0.006412041000203317,False,1,768,0.005617416999939451,0.75,0.2535843391820268,8.423786812122389,21.048740087288913,0.00046268516330435344,complete,0.09226583399959054,0.11197012499997072,1024,0.069297054937585,70.96018425608705,0.023624638640691163,24.19162996806775,4096,0.1321352348596134,541.2259219849765,0.0430141785931413,176.18607551750677,32768,0.13560638090098992,4443.549889363638,0.04324237499986339,0.04295716645799672,1407.6204304956366,complete,complete
2033,896,0.0,minimum_norm,436.207547957422,128105.30911702444,False,1145569280,0.0064116670000657905,False,0,896,0.006777708000299754,0.875,0.0041798541088598085,0.13614528183132474,21.01961804454575,0.00016408077221330688,complete,0.12044479199994385,0.14373487500006377,1024,1.8101111098565286e-05,0.018535537764930853,1.8101111098565286e-05,0.018535537764930853,4096,0.02800732522471066,114.71800412041486,0.02800732522471066,114.71800412041486,32768,0.0304041728913423,996.2839373035044,0.049071583000113606,0.0304041728913423,996.2839373035044,complete,complete
2033,896,0.0,ridge,13.123551798537349,128105.30911702444,False,1145569280,0.0064116670000657905,False,0,896,0.006777708000299754,0.875,0.10046198874921633,3.2722256364417452,21.01961804454575,0.00016408077221330688,complete,0.12044479199994385,0.14373487500006377,1024,0.010456504507604089,10.707460615786587,0.010456504507604089,10.707460615786587,4096,0.028893441075315305,118.34753464449149,0.028893441075315305,118.34753464449149,32768,0.028123972667937445,921.5663363829742,0.049071583000113606,0.028123972667937445,921.5663363829742,complete,complete
2033,896,0.3,minimum_norm,5354.829845933331,128105.30911702444,False,1145569280,0.0064116670000657905,False,1,896,0.006777708000299754,0.875,0.09126379656783601,3.0316807750517687,21.01961804454575,0.00016408077221330688,complete,0.12044479199994385,0.14373487500006377,1024,0.008975672189275873,9.191088321818494,0.0722534172524865,73.98749926654618,4096,7.975830716190529,32669.002613516408,7.8769074737810865,32263.81301260733,32768,7.8435680040510025,257018.03635674325,0.049071583000113606,7.757517725045188,254198.34081428073,complete,complete
2033,896,0.3,ridge,14.86690225653281,128105.30911702444,False,1145569280,0.0064116670000657905,False,1,896,0.006777708000299754,0.875,0.25291729876831465,8.401628479086895,21.01961804454575,0.00016408077221330688,complete,0.12044479199994385,0.14373487500006377,1024,0.06893296982480862,70.58736110060403,0.02340110850355179,23.962735107637034,4096,0.13266109907548496,543.3798618131864,0.04325300190750933,177.16429581315822,32768,0.1354834881586733,4439.522939983407,0.049071583000113606,0.042976237372572654,1408.2453462244607,complete,complete
2033,960,0.0,minimum_norm,734.9441717598879,298987.01289835555,False,1145602048,0.00672549999990224,False,0,960,0.00751691599998594,0.9375,0.0024446838928879736,0.07962770204831959,20.983017058425656,7.018036286933673e-05,complete,0.13342895799996768,0.15734895800005688,1024,6.191963802242151e-06,0.006340570933495963,6.191963802242151e-06,0.006340570933495963,4096,0.06105714765304262,250.09007678686257,0.06105714765304262,250.09007678686257,32768,0.06558355153945222,2149.0418168447704,0.053179666999767505,0.06558355153945222,2149.0418168447704,complete,complete
2033,960,0.0,ridge,13.016883288289637,298987.01289835555,False,1145602048,0.00672549999990224,False,0,960,0.00751691599998594,0.9375,0.09625762361364415,3.1352819868796766,20.983017058425656,7.018036286933673e-05,complete,0.13342895799996768,0.15734895800005688,1024,0.009599602673097826,9.829993137252174,0.009599602673097826,9.829993137252174,4096,0.027977296870287098,114.59500798069595,0.027977296870287098,114.59500798069595,32768,0.026813333898071313,878.6193251720008,0.053179666999767505,0.026813333898071313,878.6193251720008,complete,complete
2033,960,0.3,minimum_norm,13826.061967479753,298987.01289835555,False,1145602048,0.00672549999990224,False,1,960,0.00751691599998594,0.9375,0.057749078433271185,1.918359496834773,20.983017058425656,7.018036286933673e-05,complete,0.13342895799996768,0.15734895800005688,1024,0.003593850741304849,3.6801031590961655,0.07763510287911052,79.49834534820917,4096,37.75908712312099,154661.22085630358,37.6431752677056,154186.44589652214,32768,33.17053960188913,1086932.241674703,0.053179666999767505,33.07702083434532,1083867.8186998274,complete,complete
2033,960,0.3,ridge,14.82273601089965,298987.01289835555,False,1145602048,0.00672549999990224,False,1,960,0.00751691599998594,0.9375,0.2504354486000986,8.319184205185284,20.983017058425656,7.018036286933673e-05,complete,0.13342895799996768,0.15734895800005688,1024,0.06758674398418385,69.20882583980426,0.022462417982506627,23.001516014086786,4096,0.1307535849522617,535.5666839644639,0.04149746577830899,169.97361982795363,32768,0.1334354615647989,4372.413204555331,0.053179666999767505,0.04104684487455137,1345.0230128492992,complete,complete
2033,992,0.0,minimum_norm,866.3378797609471,710725.916238862,False,1145651200,0.006924708000042301,False,0,992,0.0074591249999684806,0.96875,0.0015598551109631917,0.05080725503025895,20.957346689627805,2.9487241439756958e-05,complete,0.13981849999981932,0.16313404199991055,1024,2.5208761364353268e-06,0.0025813771637097746,2.5208761364353268e-06,0.0025813771637097746,4096,0.10116006605236338,414.3516305504804,0.10116006605236338,414.3516305504804,32768,0.10060649530354833,3296.6736381066717,0.05566862499972558,0.10060649530354833,3296.6736381066717,complete,complete
2033,992,0.0,ridge,13.072038480136936,710725.916238862,False,1145651200,0.006924708000042301,False,0,992,0.0074591249999684806,0.96875,0.09691422631619316,3.1566687046123034,20.957346689627805,2.9487241439756958e-05,complete,0.13981849999981932,0.16313404199991055,1024,0.009731012998709676,9.964557310678709,0.009731012998709676,9.964557310678709,4096,0.02830127583584484,115.92202582362046,0.02830127583584484,115.92202582362046,32768,0.027052927810877214,886.4703385068245,0.05566862499972558,0.027052927810877214,886.4703385068245,complete,complete
2033,992,0.3,minimum_norm,17993.49768887521,710725.916238862,False,1145651200,0.006924708000042301,False,1,992,0.0074591249999684806,0.96875,0.04722434218369753,1.5687395845554708,20.957346689627805,2.9487241439756958e-05,complete,0.13981849999981932,0.16313404199991055,1024,0.0024032655118664736,2.460943884151269,0.07888673396930164,80.78001558456488,4096,55.9998495191553,229375.3836304601,55.83272243775846,228690.83110505866,32768,59.684442340479606,1955739.8066128357,0.05566862499972558,59.59525480572893,1952817.3094741255,complete,complete
2033,992,0.3,ridge,14.860203513647113,710725.916238862,False,1145651200,0.006924708000042301,False,1,992,0.0074591249999684806,0.96875,0.25048108580808814,8.320700221955265,20.957346689627805,2.9487241439756958e-05,complete,0.13981849999981932,0.16313404199991055,1024,0.06761137908559231,69.23405218364653,0.02260712061487443,23.149691509631417,4096,0.1308418961330496,535.9284065609712,0.04171929669859559,170.88223927744752,32768,0.13354045466147701,4375.853618347279,0.05566862499972558,0.04115699684134834,1348.6324724973024,complete,complete
2033,1023,0.0,minimum_norm,8914.132020840127,50886743.63280832,False,1145667584,0.007465666999905807,False,0,1023,0.009170124999855034,0.9990234375,0.0001285891607354946,0.004188377649755575,20.89620779763561,4.106414815697335e-07,complete,0.16771974999983286,0.19463529099994048,1024,1.7131354821261755e-08,1.7542507336972037e-05,1.7131354821261755e-08,1.7542507336972037e-05,4096,9.597015082428545,39309.37377762732,9.597015082428545,39309.37377762732,32768,9.924300466930472,325199.4777003777,0.0677323750001051,9.924300466930472,325199.4777003777,complete,complete
2033,1023,0.0,ridge,13.107887424888618,50886743.63280832,False,1145667584,0.007465666999905807,False,0,1023,0.009170124999855034,0.9990234375,0.09726077760369176,3.1679564963573545,20.89620779763561,4.106414815697335e-07,complete,0.16771974999983286,0.19463529099994048,1024,0.009800730823059331,10.035948362812755,0.009800730823059331,10.035948362812755,4096,0.02832295217167554,116.01081209518301,0.02832295217167554,116.01081209518301,32768,0.02714304010464893,889.4231381491361,0.0677323750001051,0.02714304010464893,889.4231381491361,complete,complete
2033,1023,0.3,minimum_norm,122073.42507565042,50886743.63280832,False,1145667584,0.007465666999905807,False,1,1023,0.009170124999855034,0.9990234375,8.336739584861286e-06,0.00027693712158085286,20.89620779763561,4.106414815697335e-07,complete,0.16771974999983286,0.19463529099994048,1024,7.489664971629694e-11,7.669416930948807e-08,0.08129337782960096,83.24441889751138,4096,2167.954666250817,8879942.312963346,2168.4445060060198,8881948.696600657,32768,2173.463508632417,71220052.25086704,0.0677323750001051,2173.2973753252804,71214608.39465879,complete,complete
2033,1023,0.3,ridge,14.89097200284396,50886743.63280832,False,1145667584,0.007465666999905807,False,1,1023,0.009170124999855034,0.9990234375,0.2505494234323944,8.32297032104837,20.89620779763561,4.106414815697335e-07,complete,0.16771974999983286,0.19463529099994048,1024,0.0676482763330586,69.27183496505201,0.02275552076018699,23.30165325843148,4096,0.1309257375267621,536.2718209096175,0.04187348700237192,171.5138027617154,32768,0.1337381627312334,4382.332116377056,0.0677323750001051,0.041347024552244205,1354.859300527938,complete,complete
2033,1024,0.0,minimum_norm,31579.419193382386,207285982.91777804,False,1145683968,0.007021667000117304,True,0,1024,0.00777404199970988,1.0,1.4344638275213825e-12,4.67230379311044e-11,20.891860637429936,1.00787618841149e-07,complete,0.16494104100002005,0.18979154099997686,1024,2.131877220225997e-24,2.1830422735114208e-21,2.131877220225997e-24,2.1830422735114208e-21,4096,127.7462498070401,523248.63920963625,127.7462498070401,523248.63920963625,32768,130.96283168250466,4291390.068572313,0.06030341700034114,130.96283168250466,4291390.068572313,complete,complete
2033,1024,0.0,ridge,13.111246386000351,207285982.91777804,False,1145683968,0.007021667000117304,False,0,1024,0.00777404199970988,1.0,0.09730038757949311,3.1692466637120895,20.891860637429936,1.00787618841149e-07,complete,0.16494104100002005,0.18979154099997686,1024,0.009808715249463081,10.044124415450195,0.009808715249463081,10.044124415450195,4096,0.028335830954616743,116.06356359011018,0.028335830954616743,116.06356359011018,32768,0.027155694913238857,889.8378109170109,0.06030341700034114,0.027155694913238857,889.8378109170109,complete,complete
2033,1024,0.3,minimum_norm,121559.9144371344,207285982.91777804,False,1145683968,0.007021667000117304,True,1,1024,0.00777404199970988,1.0,5.997290998271951e-12,1.992232682138924e-10,20.891860637429936,1.00787618841149e-07,complete,0.16494104100002005,0.18979154099997686,1024,3.8759678318188e-23,3.968991059782451e-20,0.08129337563896441,83.24441665429956,4096,2163.2444256705494,8860649.16754657,2163.725028400552,8862617.716328662,32768,2163.3079142753586,70887273.73497495,0.06030341700034114,2163.1411531280146,70881809.30569878,complete,complete
2033,1024,0.3,ridge,14.902939275908706,207285982.91777804,False,1145683968,0.007021667000117304,False,1,1024,0.00777404199970988,1.0,0.2504655637218252,8.320184595690725,20.891860637429936,1.00787618841149e-07,complete,0.16494104100002005,0.18979154099997686,1024,0.06760299971325129,69.22547170636932,0.022763254850574392,23.309572966988178,4096,0.13091157232907008,536.213800259871,0.04182862358658684,171.33004221065968,32768,0.13373571381656485,4382.251870341197,0.06030341700034114,0.04134158404148505,1354.6810258713822,complete,complete
2033,1025,0.0,minimum_norm,2319.9200119240704,11955986.66917872,False,1145700352,0.007269333000294864,True,0,1024,0.009104958000079932,1.0009765625,1.071618630482953e-13,3.490452457504497e-12,20.88457255990557,1.746787876047387e-06,complete,0.17601550000017596,0.2020073329999832,1024,1.1897713240331232e-26,1.2183258358099182e-23,1.1897713240331232e-26,1.2183258358099182e-23,4096,0.92409592029015,3785.0968895084543,0.92409592029015,3785.0968895084543,32768,0.883897048603499,28963.538488639457,0.0695184170003813,0.883897048603499,28963.538488639457,complete,complete
2033,1025,0.0,ridge,13.113522530104516,11955986.66917872,False,1145700352,0.007269333000294864,False,0,1024,0.009104958000079932,1.0009765625,0.09734903712386178,3.1708312658911466,20.88457255990557,1.746787876047387e-06,complete,0.17601550000017596,0.2020073329999832,1024,0.009818526285891454,10.054170916752849,0.009818526285891454,10.054170916752849,4096,0.028361619803657673,116.16919471578183,0.028361619803657673,116.16919471578183,32768,0.027180237427855008,890.6420200359529,0.0695184170003813,0.027180237427855008,890.6420200359529,complete,complete
2033,1025,0.3,minimum_norm,118325.58575752997,11955986.66917872,False,1145700352,0.007269333000294864,True,1,1024,0.009104958000079932,1.0009765625,5.087363005401066e-12,1.6899648271502656e-10,20.88457255990557,1.746787876047387e-06,complete,0.17601550000017596,0.2020073329999832,1024,2.789044059575222e-23,2.855981117005027e-20,0.08129337563895472,83.24441665428964,4096,2186.7964805791576,8957118.38445223,2187.1773171947434,8958678.291229669,32768,2135.3553639136817,69971324.56472352,0.0695184170003813,2135.183055545551,69965678.36411661,complete,complete
2033,1025,0.3,ridge,14.903934484846092,11955986.66917872,False,1145700352,0.007269333000294864,False,1,1024,0.009104958000079932,1.0009765625,0.2504967515336912,8.321220619757288,20.88457255990557,1.746787876047387e-06,complete,0.17601550000017596,0.2020073329999832,1024,0.0676198365260487,69.24271260267386,0.0227713624106652,23.317875108521164,4096,0.13094062447946733,536.3327978678982,0.041850460472124956,171.41948609382382,32768,0.13376212747845329,4383.117393213957,0.0695184170003813,0.041367151688080944,1355.5188265150364,complete,complete
2033,1056,0.0,minimum_norm,688.3331719115305,769652.6346573863,False,1145733120,0.007485041999643727,True,0,1024,0.007965875000081724,1.03125,3.3276713793399995e-14,1.0838817479824926e-12,20.917418740343088,2.7177739409226542e-05,complete,0.18249533300013354,0.2079503750001095,1024,1.1472652769624838e-27,1.1747996436095834e-24,1.1472652769624838e-27,1.1747996436095834e-24,4096,0.09581361522481822,392.45256796085545,0.09581361522481822,392.45256796085545,32768,0.09663063956326715,3166.392797209138,0.05988116699973034,0.09663063956326715,3166.392797209138,complete,complete
2033,1056,0.0,ridge,13.16646308181278,769652.6346573863,False,1145733120,0.007485041999643727,False,0,1024,0.007965875000081724,1.03125,0.09711274588054764,3.163134839873049,20.917418740343088,2.7177739409226542e-05,complete,0.18249533300013354,0.2079503750001095,1024,0.00977091993673702,10.00542201521871,0.00977091993673702,10.00542201521871,4096,0.028662477897078924,117.40150946643527,0.028662477897078924,117.40150946643527,32768,0.027359063332192277,896.5017872692765,0.05988116699973034,0.027359063332192277,896.5017872692765,complete,complete
2033,1056,0.3,minimum_norm,24053.370671769455,769652.6346573863,False,1145733120,0.007485041999643727,True,1,1024,0.007965875000081724,1.03125,1.1168566162792652e-12,3.710072185684774e-11,20.917418740343088,2.7177739409226542e-05,complete,0.18249533300013354,0.2079503750001095,1024,1.3442026975577924e-24,1.3764635622991795e-21,0.08129337563888732,83.24441665422061,4096,128.55781187668475,526572.7974469007,128.4964381075497,526321.4104885235,32768,108.09708227998593,3542125.192150579,0.05988116699973034,107.98893862360588,3538581.5408183173,complete,complete
2033,1056,0.3,ridge,14.97442351620858,769652.6346573863,False,1145733120,0.007485041999643727,False,1,1024,0.007965875000081724,1.03125,0.2505183112483811,8.321936809254098,20.917418740343088,2.7177739409226542e-05,complete,0.18249533300013354,0.2079503750001095,1024,0.06763147681368967,69.25463225721822,0.022813959875772765,23.36149491279131,4096,0.1311754286033912,537.2945555594904,0.0419386756990338,171.78081566324244,32768,0.13380381909587855,4384.483544133748,0.05988116699973034,0.04143370361040738,1357.699599905829,complete,complete
2033,1088,0.0,minimum_norm,533.4061551990292,429139.00777507963,False,1145782272,0.007411708000290673,True,0,1024,0.008415125000283297,1.0625,2.1163601212239474e-14,6.893361291004685e-13,20.958821265575068,4.883923597213518e-05,complete,0.1868487910001022,0.2121946659999594,1024,4.640471668781424e-28,4.751842988832178e-25,4.640471668781424e-28,4.751842988832178e-25,4096,0.06600216914452114,270.3448848159586,0.06600216914452114,270.3448848159586,32768,0.06616573398245239,2168.118771137,0.062004124999930355,0.06616573398245239,2168.118771137,complete,complete
2033,1088,0.0,ridge,13.127880371990829,429139.00777507963,False,1145782272,0.007411708000290673,False,0,1024,0.008415125000283297,1.0625,0.09708075884909978,3.162092965372649,20.958821265575068,4.883923597213518e-05,complete,0.1868487910001022,0.2121946659999594,1024,0.009764484298495298,9.998831921659185,0.009764484298495298,9.998831921659185,4096,0.02879413810348392,117.94078967187014,0.02879413810348392,117.94078967187014,32768,0.0274690528635989,900.1059242344088,0.062004124999930355,0.0274690528635989,900.1059242344088,complete,complete
2033,1088,0.3,minimum_norm,14815.874038892744,429139.00777507963,False,1145782272,0.007411708000290673,True,1,1024,0.008415125000283297,1.0625,7.963461167579128e-13,2.6453723198635294e-11,20.958821265575068,4.883923597213518e-05,complete,0.1868487910001022,0.2121946659999594,1024,6.833979209668117e-25,6.997994710700152e-22,0.08129337563890678,83.24441665424054,4096,64.15857826139575,262793.536558677,63.999911942928776,262143.63931823627,32768,66.25917449522024,2171180.6298593767,0.062004124999930355,66.17595449997813,2168453.6770552834,complete,complete
2033,1088,0.3,ridge,14.93486133619395,429139.00777507963,False,1145782272,0.007411708000290673,False,1,1024,0.008415125000283297,1.0625,0.25055448815534415,8.323138565453876,20.958821265575068,4.883923597213518e-05,complete,0.1868487910001022,0.2121946659999594,1024,0.06765101130834542,69.2746355797457,0.022848601349381877,23.396967781767042,4096,0.1313504346121319,538.0113801712922,0.04229598723808545,173.244363727198,32768,0.13413666997742846,4395.390401820376,0.062004124999930355,0.04174883394894088,1368.0257908388949,complete,complete
2033,1152,0.0,minimum_norm,294.7176785255206,201166.56122595828,False,1145798656,0.007217834000130097,True,0,1024,0.008685833000072307,1.125,1.4418631480594398e-14,4.696404696007477e-13,20.988760878635937,0.00010433523718219016,complete,0.2006626249999499,0.22619699999995646,1024,2.1539274481133864e-28,2.2056217068681077e-25,2.1539274481133864e-28,2.2056217068681077e-25,4096,0.02922353680922911,119.69960677060243,0.02922353680922911,119.69960677060243,32768,0.029454644102927863,965.1697779647402,0.0659130419999201,0.029454644102927863,965.1697779647402,complete,complete
2033,1152,0.0,ridge,13.175956916499747,201166.56122595828,False,1145798656,0.007217834000130097,False,0,1024,0.008685833000072307,1.125,0.09586411828426146,3.122464818486795,20.988760878635937,0.00010433523718219016,complete,0.2006626249999499,0.22619699999995646,1024,0.009521275920593542,9.749786542687787,0.009521275920593542,9.749786542687787,4096,0.027970562003632536,114.56742196687887,0.027970562003632536,114.56742196687887,32768,0.026594077175983142,871.4347209026156,0.0659130419999201,0.026594077175983142,871.4347209026156,complete,complete
2033,1152,0.3,minimum_norm,9746.667645878968,201166.56122595828,False,1145798656,0.007217834000130097,True,1,1024,0.008685833000072307,1.125,4.828626362350593e-13,1.6040154215768843e-11,20.988760878635937,0.00010433523718219016,complete,0.2006626249999499,0.22619699999995646,1024,2.512563938141084e-25,2.57286547265647e-22,0.08129337563892991,83.24441665426423,4096,37.53636214565371,153748.9393485976,37.3988498077843,153185.6888126845,32768,42.53520531744945,1393793.6078421837,0.0659130419999201,42.45510437805707,1391168.8602601741,complete,complete
2033,1152,0.3,ridge,15.000226479391698,201166.56122595828,False,1145798656,0.007217834000130097,False,1,1024,0.008685833000072307,1.125,0.24952226693398386,8.28884933631719,20.988760878635937,0.00010433523718219016,complete,0.2006626249999499,0.22619699999995646,1024,0.0670947493360995,68.70502332016589,0.02276735387622535,23.313770369254758,4096,0.13031699726788254,533.7784208092469,0.04127126427150712,169.04709845609315,32768,0.133293843367854,4367.77265947784,0.0659130419999201,0.040909481696784045,1340.5218962402196,complete,complete
2033,1280,0.0,minimum_norm,164.52641403242288,120402.75335573695,False,1145831424,0.007494917000258283,True,0,1024,0.01003549999995812,1.25,1.0338485767564814e-14,3.367428675442939e-13,20.954799655237885,0.0001740392065065631,complete,0.22294087500040405,0.25174216699997487,1024,1.1073804574409558e-28,1.1339575884195387e-25,1.1073804574409558e-28,1.1339575884195387e-25,4096,0.014793664828782834,60.59485113869449,0.014793664828782834,60.59485113869449,32768,0.014765035743636284,483.82069124747375,0.07467750000023443,0.014765035743636284,483.82069124747375,complete,complete
2033,1280,0.0,ridge,12.942699421028458,120402.75335573695,False,1145831424,0.007494917000258283,False,0,1024,0.01003549999995812,1.25,0.09140897797030971,2.977352975383134,20.954799655237885,0.0001740392065065631,complete,0.22294087500040405,0.25174216699997487,1024,0.008656865957053528,8.864630740022813,0.008656865957053528,8.864630740022813,4096,0.025162294726463766,103.06475919959558,0.025162294726463766,103.06475919959558,32768,0.023837953320339274,781.1220544008773,0.07467750000023443,0.023837953320339274,781.1220544008773,complete,complete
2033,1280,0.3,minimum_norm,6282.993139215635,120402.75335573695,False,1145831424,0.007494917000258283,True,1,1024,0.01003549999995812,1.25,3.411904374069918e-13,1.1333962958131267e-11,20.954799655237885,0.0001740392065065631,complete,0.22294087500040405,0.25174216699997487,1024,1.2544796517215983e-25,1.2845871633629166e-22,0.08129337563892516,83.24441665425937,4096,28.046188809467846,114877.1893635803,27.97903073840867,114602.10990452192,32768,29.091043037562827,953255.2982548587,0.07467750000023443,29.004733932646985,950427.1215049764,complete,complete
2033,1280,0.3,ridge,14.830240299928478,120402.75335573695,False,1145831424,0.007494917000258283,False,1,1024,0.01003549999995812,1.25,0.2465136691688409,8.188907099116177,20.954799655237885,0.0001740392065065631,complete,0.22294087500040405,0.25174216699997487,1024,0.06548652292769079,67.05819947795537,0.021986001837426942,22.51366588152519,4096,0.12807200618127973,524.5829373185218,0.038765239436794344,158.78242073310963,32768,0.13067461098657634,4281.945652808134,0.07467750000023443,0.03828528740393394,1254.5322976521074,complete,complete
2033,1536,0.0,minimum_norm,100.68109121749205,74404.24179697302,False,1145864192,0.008034875000248576,True,0,1024,0.012288917000205402,1.5,1.208614348943406e-14,3.936671876023172e-13,20.873081248896487,0.0002805361730027826,complete,0.2774763749998783,0.3093587500002286,1024,1.513416548776543e-28,1.5497385459471801e-25,1.513416548776543e-28,1.5497385459471801e-25,4096,0.009607343592013495,39.351679352887274,0.009607343592013495,39.351679352887274,32768,0.009002492862451215,294.9936861168014,0.08890966699982528,0.009002492862451215,294.9936861168014,complete,complete
2033,1536,0.0,ridge,12.92251179619242,74404.24179697302,False,1145864192,0.008034875000248576,False,0,1024,0.012288917000205402,1.5,0.08763762677029828,2.8545133597797747,20.873081248896487,0.0002805361730027826,complete,0.2774763749998783,0.3093587500002286,1024,0.007957271993321496,8.148246521161212,0.007957271993321496,8.148246521161212,4096,0.023649368551528487,96.86781358706068,0.023649368551528487,96.86781358706068,32768,0.022811291757074283,747.4804082958101,0.08890966699982528,0.022811291757074283,747.4804082958101,complete,complete
2033,1536,0.3,minimum_norm,4038.3145533888605,74404.24179697302,False,1145864192,0.008034875000248576,True,1,1024,0.012288917000205402,1.5,1.5105061957166366e-13,5.017731856845209e-12,20.873081248896487,0.0002805361730027826,complete,0.2774763749998783,0.3093587500002286,1024,2.4587532214061782e-26,2.5177632987199264e-23,0.08129337563892461,83.2444166542588,4096,18.581733105798143,76110.7788013492,18.49267767790456,75746.00776869708,32768,18.187650604225496,595972.934999261,0.08890966699982528,18.10831489264703,593373.2624022579,complete,complete
2033,1536,0.3,ridge,14.86115905549874,74404.24179697302,False,1145864192,0.008034875000248576,False,1,1024,0.012288917000205402,1.5,0.24419299135556385,8.111816789747207,20.873081248896487,0.0002805361730027826,complete,0.2774763749998783,0.3093587500002286,1024,0.06425934729533658,65.80157163042466,0.021400135074312904,21.913738316096413,4096,0.12654697547416902,518.3364115421963,0.03685307949868411,150.95021362661012,32768,0.12914550936275096,4231.840050798623,0.08890966699982528,0.03695551641963146,1210.9583620384838,complete,complete
2033,2048,0.0,minimum_norm,62.1120289978756,47474.55694657977,False,1145880576,0.009250042000076064,True,0,1024,0.017342999999982567,2.0,6.7297013026871366e-15,2.1919833961499232e-13,21.055975719283637,0.00044352126851813795,complete,0.3473826670001472,0.3879032089998873,1024,4.692178915036085e-29,4.804791208996951e-26,4.692178915036085e-29,4.804791208996951e-26,4096,0.006378257182463664,26.125341419371168,0.006378257182463664,26.125341419371168,32768,0.0065722679980806,215.3600777611051,0.12705929200001265,0.0065722679980806,215.3600777611051,complete,complete
2033,2048,0.0,ridge,12.881983893838056,47474.55694657977,False,1145880576,0.009250042000076064,False,0,1024,0.017342999999982567,2.0,0.0824880248379858,2.6867816667267213,21.055975719283637,0.00044352126851813795,complete,0.3473826670001472,0.3879032089998873,1024,0.00704960519986213,7.218795724658821,0.00704960519986213,7.218795724658821,4096,0.021576904410569312,88.3790004656919,0.021576904410569312,88.3790004656919,32768,0.020484344569703234,671.2310028600356,0.12705929200001265,0.020484344569703234,671.2310028600356,complete,complete
2033,2048,0.3,minimum_norm,2477.462552190041,47474.55694657977,False,1145880576,0.009250042000076064,True,1,1024,0.017342999999982567,2.0,1.2531948978358614e-13,4.162972637608772e-12,21.055975719283637,0.00044352126851813795,complete,0.3473826670001472,0.3879032089998873,1024,1.692416131003841e-26,1.733034118147933e-23,0.08129337563892787,83.24441665426214,4096,12.43373619501903,50928.58345479795,12.326297294615546,50488.51371874528,32768,12.032698045878632,394287.449567351,0.12705929200001265,11.943780224915095,391373.7904100178,complete,complete
2033,2048,0.3,ridge,14.892022273081057,47474.55694657977,False,1145880576,0.009250042000076064,False,1,1024,0.017342999999982567,2.0,0.24263698742693693,8.060128087614189,21.055975719283637,0.00044352126851813795,complete,0.3473826670001472,0.3879032089998873,1024,0.06344303202026091,64.96566478874718,0.02060867433036912,21.10328251429798,4096,0.12461265560330852,510.4134373511517,0.03467628200865242,142.03405110744032,32768,0.12682406391353301,4155.77092631865,0.12705929200001265,0.03459601512708397,1133.6422236842875,complete,complete
2033,3072,0.0,minimum_norm,44.100542278192215,31683.330219691845,False,1145880576,0.0105579580003905,True,0,1024,0.020876833000329498,3.0,7.708306037331112e-15,2.5107323618546527e-13,20.976163335501003,0.0006620567721275677,complete,0.5162263340002937,0.5656234580001183,1024,6.156032219593986e-29,6.303776992864242e-26,6.156032219593986e-29,6.303776992864242e-26,4096,0.005101307666339294,20.894956201325748,0.005101307666339294,20.894956201325748,32768,0.004671273271993594,153.0682825766861,0.15793983300000036,0.004671273271993594,153.0682825766861,complete,complete
2033,3072,0.0,ridge,12.83467754825876,31683.330219691845,False,1145880576,0.0105579580003905,False,0,1024,0.020876833000329498,3.0,0.07866229229581131,2.5621707540966403,20.976163335501003,0.0006620567721275677,complete,0.5162263340002937,0.5656234580001183,1024,0.006410858372214981,6.564718973148141,0.006410858372214981,6.564718973148141,4096,0.019760195460943576,80.93776060802489,0.019760195460943576,80.93776060802489,32768,0.018955327046072827,621.1281566457144,0.15793983300000036,0.018955327046072827,621.1281566457144,complete,complete
2033,3072,0.3,minimum_norm,1589.1945004258241,31683.330219691845,False,1145880576,0.0105579580003905,True,1,1024,0.020876833000329498,3.0,6.765002632746191e-14,2.2472578608568762e-12,20.976163335501003,0.0006620567721275677,complete,0.5162263340002937,0.5656234580001183,1024,4.931804583186545e-27,5.0501678931830224e-24,0.08129337563892396,83.24441665425813,4096,8.5493888595769,35018.296768826985,8.42200090114266,34496.515691080334,32768,7.777927266861733,254867.12068052526,0.15793983300000036,7.680567918178164,251676.84954286207,complete,complete
2033,3072,0.3,ridge,14.941287402688458,31683.330219691845,False,1145880576,0.0105579580003905,False,1,1024,0.020876833000329498,3.0,0.24016982131680656,7.978171601622705,20.976163335501003,0.0006620567721275677,complete,0.5162263340002937,0.5656234580001183,1024,0.062159396586854467,63.651222104938974,0.020091432480164116,20.573626859688055,4096,0.12287629939071673,503.30132230437573,0.03291350854130585,134.81373098518876,32768,0.1255639108134206,4114.4782295341665,0.15793983300000036,0.03317626971588673,1087.1200060501765,complete,complete
2033,4096,0.0,minimum_norm,38.8268659921278,26314.09741542922,False,1145896960,0.012198542000078305,True,0,1024,0.028378832999806036,4.0,1.0173989327874459e-14,3.313849259610165e-13,20.85882716625417,0.0007926864006372354,complete,0.6743456250001145,0.7392295409999861,1024,1.0724215737713712e-28,1.098159691541884e-25,1.0724215737713712e-28,1.098159691541884e-25,4096,0.004467936402286705,18.300667503766345,0.004467936402286705,18.300667503766345,32768,0.004266750230196703,139.81287154308558,0.2134930830002304,0.004266750230196703,139.81287154308558,complete,complete
2033,4096,0.0,ridge,12.944628082575079,26314.09741542922,False,1145896960,0.012198542000078305,False,0,1024,0.028378832999806036,4.0,0.07558081662676466,2.461801611420231,20.85882716625417,0.0007926864006372354,complete,0.6743456250001145,0.7392295409999861,1024,0.005918424974600817,6.060467173991237,0.005918424974600817,6.060467173991237,4096,0.018626311656078892,76.29337254329914,0.018626311656078892,76.29337254329914,32768,0.017870429842964566,585.5782450942629,0.2134930830002304,0.017870429842964566,585.5782450942629,complete,complete
2033,4096,0.3,minimum_norm,1275.9850246780932,26314.09741542922,False,1145896960,0.012198542000078305,True,1,1024,0.028378832999806036,4.0,7.17159047381122e-14,2.3823217731071665e-12,20.85882716625417,0.0007926864006372354,complete,0.6743456250001145,0.7392295409999861,1024,5.5424385064653066e-27,5.675457030620474e-24,0.08129337563892783,83.2444166542621,4096,7.1124610066072975,29132.64028306349,7.002882941091013,28683.808526708788,32768,6.407792259421962,209970.53675673885,0.2134930830002304,6.314055113350905,206898.95795428246,complete,complete
2033,4096,0.3,ridge,14.985426480713635,26314.09741542922,False,1145896960,0.012198542000078305,False,1,1024,0.028378832999806036,4.0,0.23900647505047878,7.939526545828509,20.85882716625417,0.0007926864006372354,complete,0.6743456250001145,0.7392295409999861,1024,0.06155867360538629,63.03608177191556,0.019798377316493723,20.273538372089572,4096,0.12187766158476773,499.21090185120863,0.03232722590672616,132.41231731395035,32768,0.12500242743488088,4096.079542186177,0.2134930830002304,0.03251741007100373,1065.5304932066501,complete,complete
2033,8192,0.0,minimum_norm,29.593473837197124,17869.70297260654,False,1145913344,0.01872975000014776,True,0,1024,0.05699358299989399,8.0,8.929610101166535e-15,2.908532815272805e-13,20.873117863495214,0.001168073016965798,complete,1.3575065410000207,1.4846102080000492,1024,8.261292126483152e-29,8.459563137518748e-26,8.261292126483152e-29,8.459563137518748e-26,4096,0.003177721361437781,13.01594669644915,0.003177721361437781,13.01594669644915,32768,0.003404269440937343,111.55110104063486,0.4400131249999504,0.003404269440937343,111.55110104063486,complete,complete
2033,8192,0.0,ridge,12.658943031272587,17869.70297260654,False,1145913344,0.01872975000014776,False,0,1024,0.05699358299989399,8.0,0.07095944095265319,2.311275187001087,20.873117863495214,0.001168073016965798,complete,1.3575065410000207,1.4846102080000492,1024,0.005216790029342682,5.341992990046906,0.005216790029342682,5.341992990046906,4096,0.01609148685949526,65.91073017649258,0.01609148685949526,65.91073017649258,32768,0.015569902634471411,510.1945695263592,0.4400131249999504,0.015569902634471411,510.1945695263592,complete,complete
2033,8192,0.3,minimum_norm,946.8508682302557,17869.70297260654,False,1145913344,0.01872975000014776,True,1,1024,0.05699358299989399,8.0,5.0628757485717516e-14,1.6818304355782465e-12,20.873117863495214,0.001168073016965798,complete,1.3575065410000207,1.4846102080000492,1024,2.762259388708315e-27,2.8285536140373145e-24,0.08129337563892564,83.24441665425985,4096,5.502385393451559,22537.770571577585,5.412787566408674,22170.77787200993,32768,5.11827483502053,167715.6297939527,0.4400131249999504,5.025182556852354,164665.18202293792,complete,complete
2033,8192,0.3,ridge,14.871536816584449,17869.70297260654,False,1145913344,0.01872975000014776,False,1,1024,0.05699358299989399,8.0,0.23614023471294135,7.844313262415176,20.873117863495214,0.001168073016965798,complete,1.3575065410000207,1.4846102080000492,1024,0.06009106499892833,61.53325055890261,0.019041521395211314,19.498517908696385,4096,0.11952355583863691,489.5684847150568,0.03033707451332872,124.26065720659443,32768,0.12269071719062655,4020.3294209024507,0.4400131249999504,0.030398421283014877,996.0954686018315,complete,complete
2034,64,0.0,minimum_norm,10.181921146252934,84.95272686399178,False,1145962496,0.005599999999958527,False,0,64,0.0007887090000622266,0.0625,0.2439658122274358,7.946400376153969,22.432586417712315,0.2640596393524436,complete,0.0024399579997407272,0.014038791000075435,1024,0.061665311463027325,63.14527893813998,0.061665311463027325,63.14527893813998,4096,0.08910336994616061,364.96740329947386,0.08910336994616061,364.96740329947386,32768,0.08510356928114354,2788.6737582045116,0.007929375000003347,0.08510356928114354,2788.6737582045116,complete,complete
2034,64,0.0,ridge,8.015123324881358,84.95272686399178,False,1145962496,0.005599999999958527,False,0,64,0.0007887090000622266,0.0625,0.24693583527232052,8.043139308652659,22.432586417712315,0.2640596393524436,complete,0.0024399579997407272,0.014038791000075435,1024,0.06317586908046245,64.69208993839355,0.06317586908046245,64.69208993839355,4096,0.08801903514471393,360.52596795274826,0.08801903514471393,360.52596795274826,32768,0.08403698437773462,2753.723904089608,0.007929375000003347,0.08403698437773462,2753.723904089608,complete,complete
2034,64,0.3,minimum_norm,10.461140141938223,84.95272686399178,False,1145962496,0.005599999999958527,False,1,64,0.0007887090000622266,0.0625,0.3516879180616043,11.682677470171223,22.432586417712315,0.2640596393524436,complete,0.0024399579997407272,0.014038791000075435,1024,0.13328608678910772,136.4849528720463,0.06773166127639887,69.35722114703245,4096,0.18279148878631685,748.7139380687538,0.09545995381464115,391.00397082477014,32768,0.18257313682426346,5982.556547457465,0.007929375000003347,0.09160825993533914,3001.819461561193,complete,complete
2034,64,0.3,ridge,8.028169073446664,84.95272686399178,False,1145962496,0.005599999999958527,False,1,64,0.0007887090000622266,0.0625,0.3538678236561665,11.755091484610668,22.432586417712315,0.2640596393524436,complete,0.0024399579997407272,0.014038791000075435,1024,0.1349435310659825,138.18217581156608,0.0686894023638539,70.3379480205864,4096,0.18123080829747573,742.3213907864606,0.09327238030671195,382.04366973629214,32768,0.18031862989036007,5908.680864247319,0.007929375000003347,0.08936828794887414,2928.4200595087077,complete,complete
2034,128,0.0,minimum_norm,21.08409566402651,239.39559773855822,False,1146011648,0.0053299999999580905,False,0,128,0.0012861659997724928,0.125,0.18331352378183738,5.970847476678895,21.450596429901424,0.08960313653439621,complete,0.00724954199995409,0.01932287499994345,1024,0.03481544881812766,35.651019589762726,0.03481544881812766,35.651019589762726,4096,0.05893315284077125,241.39019403579903,0.05893315284077125,241.39019403579903,32768,0.05928935567589534,1942.7936067877386,0.010933958999885363,0.05928935567589534,1942.7936067877386,complete,complete
2034,128,0.0,ridge,10.7856931175786,239.39559773855822,False,1146011648,0.0053299999999580905,False,0,128,0.0012861659997724928,0.125,0.20239287932528535,6.592296017697793,21.450596429901424,0.08960313653439621,complete,0.00724954199995409,0.01932287499994345,1024,0.04243981131343183,43.458366784954194,0.04243981131343183,43.458366784954194,4096,0.06749551386940224,276.46162480907157,0.06749551386940224,276.46162480907157,32768,0.0654424507258036,2144.4182253831323,0.010933958999885363,0.0654424507258036,2144.4182253831323,complete,complete
2034,128,0.3,minimum_norm,23.51032390666496,239.39559773855822,False,1146011648,0.0053299999999580905,False,1,128,0.0012861659997724928,0.125,0.3060822713424544,10.167709130129834,21.450596429901424,0.08960313653439621,complete,0.00724954199995409,0.01932287499994345,1024,0.10095928608879443,103.38230895492549,0.04628741272137043,47.39831062668332,4096,0.15868940169188217,649.9917893299494,0.06873867081656465,281.5535956646488,32768,0.16228201425040048,5317.657042957123,0.010933958999885363,0.07000788251266721,2294.018294175079,complete,complete
2034,128,0.3,ridge,11.397567297313577,239.39559773855822,False,1146011648,0.0053299999999580905,False,1,128,0.0012861659997724928,0.125,0.3203866508449312,10.642884544342078,21.450596429901424,0.08960313653439621,complete,0.00724954199995409,0.01932287499994345,1024,0.11061620256269089,113.27099142419547,0.04959256932153664,50.78279098525352,4096,0.16152019557949443,661.5867210936092,0.07120373364176005,291.6504929966492,32768,0.16190394727174268,5305.268544200464,0.010933958999885363,0.07012345663398514,2297.805426982425,complete,complete
2034,256,0.0,minimum_norm,52.03956360400736,1101.1102393817555,False,1146011648,0.005335374999958731,False,0,256,0.002317750000202068,0.25,0.07700436860153806,2.5081692309015553,21.418229128440718,0.019451484839943446,complete,0.01703770899985102,0.03045916600012788,1024,0.006143469619962222,6.290912890841315,0.006143469619962222,6.290912890841315,4096,0.02830835603576153,115.95102632247922,0.02830835603576153,115.95102632247922,32768,0.027923308343241346,914.9909677913324,0.017330832999959966,0.027923308343241346,914.9909677913324,complete,complete
2034,256,0.0,ridge,11.72828604847783,1101.1102393817555,False,1146011648,0.005335374999958731,False,0,256,0.002317750000202068,0.25,0.1456237970927765,4.743226050526412,21.418229128440718,0.019451484839943446,complete,0.01703770899985102,0.03045916600012788,1024,0.021970891959367574,22.498193366392396,0.021970891959367574,22.498193366392396,4096,0.04378703761026265,179.3517060516358,0.04378703761026265,179.3517060516358,32768,0.04315291264590386,1414.0346415809777,0.017330832999959966,0.04315291264590386,1414.0346415809777,complete,complete
2034,256,0.3,minimum_norm,68.66914685485273,1101.1102393817555,False,1146011648,0.005335374999958731,False,1,256,0.002317750000202068,0.25,0.24307451349148537,8.074662211860156,21.418229128440718,0.019451484839943446,complete,0.01703770899985102,0.03045916600012788,1024,0.06367204085511949,65.20016983564236,0.02878262613306424,29.47340916025778,4096,0.1573495454101973,644.5037380001681,0.06831730621694251,279.82768626459654,32768,0.1639643591594805,5372.784120937857,0.017330832999959966,0.07178971002585244,2352.4052181271327,complete,complete
2034,256,0.3,ridge,12.775756047186668,1101.1102393817555,False,1146011648,0.005335374999958731,False,1,256,0.002317750000202068,0.25,0.2841742957841771,9.439950798588528,21.418229128440718,0.019451484839943446,complete,0.01703770899985102,0.03045916600012788,1024,0.08702409285134004,89.1126710797722,0.031907179855087967,32.67295217161008,4096,0.14317743881032075,586.4547893670738,0.052538567778059375,215.1979736189312,32768,0.14537160674031757,4763.536809666726,0.017330832999959966,0.0531427249556342,1741.3808113462214,complete,complete
2034,384,0.0,minimum_norm,72.52190344025072,3020.653882582377,False,1146077184,0.00551999999970576,False,0,384,0.002891582999836828,0.375,0.034309459178149274,1.1175201018113168,21.13543308778469,0.0069969728109715995,complete,0.029826875000253494,0.044855957999971,1024,0.0012195812284691192,1.248851177952378,0.0012195812284691192,1.248851177952378,4096,0.01064559167927694,43.604343518318345,0.01064559167927694,43.604343518318345,32768,0.010687985462906079,350.2239076485064,0.02294304099996225,0.010687985462906079,350.2239076485064,complete,complete
2034,384,0.0,ridge,11.882644871530669,3020.653882582377,False,1146077184,0.00551999999970576,False,0,384,0.002891582999836828,0.375,0.12703282279582542,4.137684955249345,21.13543308778469,0.0069969728109715995,complete,0.029826875000253494,0.044855957999971,1024,0.01671917655165698,17.120436788896747,0.01671917655165698,17.120436788896747,4096,0.03620267982390396,148.28617655871062,0.03620267982390396,148.28617655871062,32768,0.034570285992285045,1132.7991313951964,0.02294304099996225,0.034570285992285045,1132.7991313951964,complete,complete
2034,384,0.3,minimum_norm,166.7499042213127,3020.653882582377,False,1146077184,0.00551999999970576,False,1,384,0.002891582999836828,0.375,0.21434165021731463,7.120188779059815,21.13543308778469,0.0069969728109715995,complete,0.029826875000253494,0.044855957999971,1024,0.04950887524360276,50.69708824944922,0.034064057153603555,34.88159452529004,4096,0.1902992592595788,779.4657659272348,0.10370073322228976,424.75820327849885,32768,0.19503411169973722,6390.877772176989,0.02294304099996225,0.10409854670502844,3411.101178430372,complete,complete
2034,384,0.3,ridge,13.053368011512982,3020.653882582377,False,1146077184,0.00551999999970576,False,1,384,0.002891582999836828,0.375,0.27527250990506846,9.144243474016935,21.13543308778469,0.0069969728109715995,complete,0.029826875000253494,0.044855957999971,1024,0.08165741085166144,83.61718871210131,0.027822035900412212,28.489764762022105,4096,0.1372053347553905,561.9930511580795,0.04714256027614658,193.09592689109638,32768,0.13789064736213308,4518.400732762377,0.02294304099996225,0.04622853027937801,1514.8164801946587,complete,complete
2034,512,0.0,minimum_norm,87.53702589859256,7097.274093786657,False,1146159104,0.006304708999778086,False,0,512,0.004106625000076747,0.5,0.021358656697933874,0.6956894331586941,20.984407872704452,0.002956685566233852,complete,0.05193424999970375,0.06947995800010176,1024,0.00047264041739127397,0.48398378740866455,0.00047264041739127397,0.48398378740866455,4096,0.010661330735859544,43.66881069408069,0.010661330735859544,43.66881069408069,32768,0.010163011969315246,333.02157621052197,0.030642333999821858,0.010163011969315246,333.02157621052197,complete,complete
2034,512,0.0,ridge,12.322124094422138,7097.274093786657,False,1146159104,0.006304708999778086,False,0,512,0.004106625000076747,0.5,0.11870529260022054,3.866442486992776,20.984407872704452,0.002956685566233852,complete,0.05193424999970375,0.06947995800010176,1024,0.014599001469944209,14.94937750522287,0.014599001469944209,14.94937750522287,4096,0.03371934778077117,138.1144485100387,0.03371934778077117,138.1144485100387,32768,0.03191982768778873,1045.948913673461,0.030642333999821858,0.03191982768778873,1045.948913673461,complete,complete
2034,512,0.3,minimum_norm,334.42553033867324,7097.274093786657,False,1146159104,0.006304708999778086,False,1,512,0.004106625000076747,0.5,0.18906830964016233,6.2806368030236595,20.984407872704452,0.002956685566233852,complete,0.05193424999970375,0.06947995800010176,1024,0.03852187368310086,39.44639865149528,0.0435818198184887,44.62778349413243,4096,0.33619181284258093,1377.0416654032115,0.24955308684323874,1022.1694437099059,32768,0.3339818511298377,10943.917297822522,0.030642333999821858,0.24383012252784225,7989.825454992335,complete,complete
2034,512,0.3,ridge,13.649970691717721,7097.274093786657,False,1146159104,0.006304708999778086,False,1,512,0.004106625000076747,0.5,0.2706649355774924,8.991185032073293,20.984407872704452,0.002956685566233852,complete,0.05193424999970375,0.06947995800010176,1024,0.07894668777439337,80.84140828097881,0.02645232540092888,27.087181210551172,4096,0.13480773245940075,552.1724721537055,0.04510935784062872,184.76792971521525,32768,0.13674626350607386,4480.901562567028,0.030642333999821858,0.044994293020380355,1474.3729936918235,complete,complete
2034,768,0.0,minimum_norm,236.0502489481931,47688.72469023769,False,1146191872,0.006611499999962689,False,0,768,0.005729458000132581,0.75,0.007956359947434793,0.25915279317977385,21.03578330267845,0.0004411060148770274,complete,0.09996779200037054,0.12127137500010576,1024,6.55861037235143e-05,0.06716017021287864,6.55861037235143e-05,0.06716017021287864,4096,0.01420590448310085,58.18738476278108,0.01420590448310085,58.18738476278108,32768,0.015083776749424214,494.26519652513264,0.04295158300010371,0.015083776749424214,494.26519652513264,complete,complete
2034,768,0.0,ridge,12.77789758389461,47688.72469023769,False,1146191872,0.006611499999962689,False,0,768,0.005729458000132581,0.75,0.11473347623938496,3.73707336459158,21.03578330267845,0.0004411060148770274,complete,0.09996779200037054,0.12127137500010576,1024,0.013638395832363117,13.965717332339832,0.013638395832363117,13.965717332339832,4096,0.034122718496587545,139.76665496202259,0.034122718496587545,139.76665496202259,32768,0.03173184924169421,1039.789235951836,0.04295158300010371,0.03173184924169421,1039.789235951836,complete,complete
2034,768,0.3,minimum_norm,2377.4955748791317,47688.72469023769,False,1146191872,0.006611499999962689,False,1,768,0.005729458000132581,0.75,0.13147353809129356,4.367403207504565,21.03578330267845,0.0004411060148770274,complete,0.09996779200037054,0.12127137500010576,1024,0.018627158961837052,19.07421077692114,0.06291953610211579,64.42960496856657,4096,1.9799106998843066,8109.71422672612,1.8872005219465091,7729.973337892901,32768,1.843370416189248,60403.561797689275,0.04295158300010371,1.755152890111401,57512.84990317039,complete,complete
2034,768,0.3,ridge,14.484195645094784,47688.72469023769,False,1146191872,0.006611499999962689,False,1,768,0.005729458000132581,0.75,0.26322491673960696,8.744035966122759,21.03578330267845,0.0004411060148770274,complete,0.09996779200037054,0.12127137500010576,1024,0.07466617673520348,76.45816497684837,0.025572242827990074,26.185976655861836,4096,0.13514823317279306,553.5671630757604,0.04608430773930532,188.7613245001946,32768,0.13746134990787195,4504.333513781148,0.04295158300010371,0.04509374066092568,1477.6316939772128,complete,complete
2034,896,0.0,minimum_norm,330.65023840833464,158194.16696659973,False,1146224640,0.006731917000251997,False,0,896,0.0067686249999496795,0.875,0.004110291056034222,0.13387948948897663,21.108749450227187,0.00013343570028523223,complete,0.12117379200026335,0.14356599999973696,1024,1.750363057209866e-05,0.01792371770582903,1.750363057209866e-05,0.01792371770582903,4096,0.025555431969700823,104.67504934789457,0.025555431969700823,104.67504934789457,32768,0.02488484146743783,815.4264852050028,0.050039416999879904,0.02488484146743783,815.4264852050028,complete,complete
2034,896,0.0,ridge,12.450508283913857,158194.16696659973,False,1146224640,0.006731917000251997,False,0,896,0.0067686249999496795,0.875,0.09850562522170658,3.208503397128949,21.108749450227187,0.00013343570028523223,complete,0.12117379200026335,0.14356599999973696,1024,0.01005321684510547,10.294494049388001,0.01005321684510547,10.294494049388001,4096,0.027691167881545083,113.42302364280866,0.027691167881545083,113.42302364280866,32768,0.026004160847123953,852.1043426385577,0.050039416999879904,0.026004160847123953,852.1043426385577,complete,complete
2034,896,0.3,minimum_norm,7594.973859761441,158194.16696659973,False,1146224640,0.006731917000251997,False,1,896,0.0067686249999496795,0.875,0.0925499870604075,3.0744065780100645,21.108749450227187,0.00013343570028523223,complete,0.12117379200026335,0.14356599999973696,1024,0.009230445123937066,9.451975806911555,0.07219420193784074,73.92686278434891,4096,10.628576011358327,43534.647342523705,10.493991314797645,42983.388425411154,32768,9.476286284418777,310518.94896783447,0.050039416999879904,9.379480347320062,307346.8120209838,complete,complete
2034,896,0.3,ridge,14.156544351230735,158194.16696659973,False,1146224640,0.006731917000251997,False,1,896,0.0067686249999496795,0.875,0.25274862446912194,8.396025308395572,21.108749450227187,0.00013343570028523223,complete,0.12117379200026335,0.14356599999973696,1024,0.06884105564376855,70.493240979219,0.022617480833184378,23.160300373180803,4096,0.12868656025238773,527.1001507937801,0.04003172275357508,163.96993639864354,32768,0.13296265866503784,4356.92039913596,0.050039416999879904,0.04061125148271497,1330.7494885856042,complete,complete
2034,960,0.0,minimum_norm,463.8201216504168,347933.86835413927,False,1146290176,0.006984624999859079,False,0,960,0.007527124999796797,0.9375,0.0025271581570595406,0.08231403550566892,21.116588676155832,6.06913859120568e-05,complete,0.13323333300013473,0.15740291699967202,1024,6.616797305887233e-06,0.0067756004412285265,6.616797305887233e-06,0.0067756004412285265,4096,0.04713873835527815,193.0802723032193,0.04713873835527815,193.0802723032193,32768,0.04433708415586758,1452.837573619469,0.05658179200008817,0.04433708415586758,1452.837573619469,complete,complete
2034,960,0.0,ridge,12.557693725602979,347933.86835413927,False,1146290176,0.006984624999859079,False,0,960,0.007527124999796797,0.9375,0.09644705053789385,3.1414519586817433,21.116588676155832,6.06913859120568e-05,complete,0.13323333300013473,0.15740291699967202,1024,0.00963742227412635,9.868720408705382,0.00963742227412635,9.868720408705382,4096,0.027792466790653912,113.83794397451842,0.027792466790653912,113.83794397451842,32768,0.025711995800299127,842.5306783842018,0.05658179200008817,0.025711995800299127,842.5306783842018,complete,complete
2034,960,0.3,minimum_norm,14675.874753087988,347933.86835413927,False,1146290176,0.006984624999859079,False,1,960,0.007527124999796797,0.9375,0.06407831450461372,2.1286096073919296,21.116588676155832,6.06913859120568e-05,complete,0.13323333300013473,0.15740291699967202,1024,0.004424784043634005,4.530978860681221,0.07694686310126216,78.79358781569245,4096,20.288561578122927,83101.94822399151,20.163545494534375,82589.8823456128,32768,23.919523700954166,783794.9526328661,0.05658179200008817,23.822635821514456,780620.1305993857,complete,complete
2034,960,0.3,ridge,14.328779595460343,347933.86835413927,False,1146290176,0.006984624999859079,False,1,960,0.007527124999796797,0.9375,0.2503276215161704,8.315602310615162,21.116588676155832,6.06913859120568e-05,complete,0.13323333300013473,0.15740291699967202,1024,0.06752855643389466,69.14924178830813,0.02219151375417016,22.724110084270244,4096,0.12973497706973508,531.3944660776349,0.04104226883339608,168.10913314159035,32768,0.1330419017577712,4359.517036798647,0.05658179200008817,0.04070509512849746,1333.8245571706047,complete,complete
2034,992,0.0,minimum_norm,845.7860875807806,707509.4630961838,False,1146306560,0.007168541999817535,False,0,992,0.007463999999799853,0.96875,0.0015966757262202782,0.05200656795143319,21.14573091318337,2.9887559129804417e-05,complete,0.14091808400007722,0.16483041699984824,1024,2.641292099694372e-06,0.002704683110087037,2.641292099694372e-06,0.002704683110087037,4096,0.11297144160511198,462.73102481453867,0.11297144160511198,462.73102481453867,32768,0.10717538241993049,3511.9229311362824,0.055953916999897046,0.10717538241993049,3511.9229311362824,complete,complete
2034,992,0.0,ridge,12.585521255218046,707509.4630961838,False,1146306560,0.007168541999817535,False,0,992,0.007463999999799853,0.96875,0.09540364190568298,3.10746628391944,21.14573091318337,2.9887559129804417e-05,complete,0.14091808400007722,0.16483041699984824,1024,0.009430026079781339,9.656346705696091,0.009430026079781339,9.656346705696091,4096,0.026072841757405776,106.79435983833406,0.026072841757405776,106.79435983833406,32768,0.02474952297722994,810.9923689178706,0.055953916999897046,0.02474952297722994,810.9923689178706,complete,complete
2034,992,0.3,minimum_norm,23420.364425470056,707509.4630961838,False,1146306560,0.007168541999817535,False,1,992,0.007463999999799853,0.96875,0.04443109137338417,1.4759509312231456,21.14573091318337,2.9887559129804417e-05,complete,0.14091808400007722,0.16483041699984824,1024,0.0021273741712680362,2.178431151378469,0.07920143602253585,81.10227048707671,4096,60.7815032467287,248961.03729860074,60.652720939052415,248433.5449663587,32768,61.07959908567011,2001456.3028392382,0.055953916999897046,60.98136711041877,1998237.4374742024,complete,complete
2034,992,0.3,ridge,14.410355078342857,707509.4630961838,False,1146306560,0.007168541999817535,False,1,992,0.007463999999799853,0.96875,0.25021208557913227,8.311764336606645,21.14573091318337,2.9887559129804417e-05,complete,0.14091808400007722,0.16483041699984824,1024,0.06746623670633406,69.08542638728608,0.022112295748377468,22.642990846338527,4096,0.12876576533639938,527.4245748178919,0.04008858170857168,164.2028306783096,32768,0.1323575046841916,4337.090713491591,0.055953916999897046,0.040052281468473803,1312.4331591589496,complete,complete
2034,1023,0.0,minimum_norm,11454.194401439829,21895782.167563464,False,1146404864,0.007241457999953127,False,0,1023,0.008896249999907013,0.9990234375,8.09664318265158e-05,0.0026372206763227604,21.120979657224247,9.646140747834524e-07,complete,0.16506100000015067,0.19109016599986717,1024,6.791926655883077e-09,6.954932895624271e-06,6.791926655883077e-09,6.954932895624271e-06,4096,15.238420163301889,62416.56898888454,15.238420163301889,62416.56898888454,32768,15.428411037395868,505558.1728733878,0.06765099999984159,15.428411037395868,505558.1728733878,complete,complete
2034,1023,0.0,ridge,12.57932568900338,21895782.167563464,False,1146404864,0.007241457999953127,False,0,1023,0.008896249999907013,0.9990234375,0.09200610519362387,2.9968024709851324,21.120979657224247,9.646140747834524e-07,complete,0.16506100000015067,0.19109016599986717,1024,0.008770336962990816,8.980825050102595,0.008770336962990816,8.980825050102595,4096,0.024549754649774838,100.55579504547774,0.024549754649774838,100.55579504547774,32768,0.023184732588907506,759.7173174733211,0.06765099999984159,0.023184732588907506,759.7173174733211,complete,complete
2034,1023,0.3,minimum_norm,129770.19550735144,21895782.167563464,False,1146404864,0.007241457999953127,False,1,1023,0.008896249999907013,0.9990234375,0.008070482485288131,0.26809235990805763,21.120979657224247,9.646140747834524e-07,complete,0.16506100000015067,0.19109016599986717,1024,7.018897796979637e-05,0.07187351344107148,0.08122180576506585,83.17112910342743,4096,1644.338536678451,6735210.646234935,1644.2339485728005,6734782.253354191,32768,1726.0661751718328,56559736.42803062,0.06765099999984159,1726.006840976674,56557792.16512366,complete,complete
2034,1023,0.3,ridge,14.43265000116772,21895782.167563464,False,1146404864,0.007241457999953127,False,1,1023,0.008896249999907013,0.9990234375,0.24943878425607552,8.286076135560892,21.120979657224247,9.646140747834524e-07,complete,0.16506100000015067,0.19109016599986717,1024,0.06704986105889812,68.65905772431168,0.021342827087593344,21.855054937695584,4096,0.12717444923429522,520.9065440636732,0.03820803076425971,156.50009401040776,32768,0.1305480947433963,4277.79996855161,0.06765099999984159,0.03822245559613938,1252.4734249742953,complete,complete
2034,1024,0.0,minimum_norm,40250.9840719122,234754592.1336214,False,1146437632,0.0069226659998093965,True,0,1024,0.007966292000219255,1.0,2.2248322891415872e-12,7.246674432740877e-11,21.114582121794164,8.994321231329024e-08,complete,0.1621044579997033,0.18628529199986588,1024,5.1283486654433886e-24,5.25142903341403e-21,5.1283486654433886e-24,5.25142903341403e-21,4096,177.37184886053262,726515.0929327416,177.37184886053262,726515.0929327416,32768,192.15180023267237,6296430.190024208,0.059707000000344124,192.15180023267237,6296430.190024208,complete,complete
2034,1024,0.0,ridge,12.580839617840958,234754592.1336214,False,1146437632,0.0069226659998093965,False,0,1024,0.007966292000219255,1.0,0.09199077072608644,2.9963030001064257,21.114582121794164,8.994321231329024e-08,complete,0.1621044579997033,0.18628529199986588,1024,0.00876741373871754,8.977831668446761,0.00876741373871754,8.977831668446761,4096,0.024465997707034337,100.21272660801264,0.024465997707034337,100.21272660801264,32768,0.023134666856506975,758.0767635540205,0.059707000000344124,0.023134666856506975,758.0767635540205,complete,complete
2034,1024,0.3,minimum_norm,3042590.0854111635,234754592.1336214,False,1146437632,0.0069226659998093965,True,1,1024,0.007966292000219255,1.0,1.7551540430769688e-10,5.830424516358689e-09,21.114582121794164,8.994321231329024e-08,complete,0.1621044579997033,0.18628529199986588,1024,3.319711918062159e-20,3.399385004095651e-17,0.08129337563396019,83.24441664917524,4096,995373.7167040282,4077050743.6196995,995361.1902388314,4076999435.2182536,32768,1103112.2461971315,36146782083.3876,0.059707000000344124,1103114.2877476416,36146848980.91472,complete,complete
2034,1024,0.3,ridge,14.42119388175079,234754592.1336214,False,1146437632,0.0069226659998093965,False,1,1024,0.007966292000219255,1.0,0.24932428636565912,8.282272644294764,21.114582121794164,8.994321231329024e-08,complete,0.1621044579997033,0.18628529199986588,1024,0.06698832046331386,68.5960401544334,0.021419311718149314,21.933375199384898,4096,0.12705296954099501,520.4089632399156,0.03802191488499314,155.7377633689319,32768,0.13047403974735136,4275.373334441209,0.059707000000344124,0.03812414956141141,1249.2521328283292,complete,complete
2034,1025,0.0,minimum_norm,21292.57798925272,136439842.13558745,False,1146454016,0.0071663749999970605,True,0,1024,0.009070583999800874,1.0009765625,2.331823690248505e-12,7.59516445363309e-11,21.110885924664224,1.5472669562080864e-07,complete,0.18108583299999736,0.2072344170001088,1024,5.633449519309731e-24,5.7686523077731644e-21,5.633449519309731e-24,5.7686523077731644e-21,4096,43.58175567639699,178510.87125052206,43.58175567639699,178510.87125052206,32768,48.13531778471142,1577298.0931694238,0.06929366699978345,48.13531778471142,1577298.0931694238,complete,complete
2034,1025,0.0,ridge,12.582821339488422,136439842.13558745,False,1146454016,0.0071663749999970605,False,0,1024,0.009070583999800874,1.0009765625,0.09202432382885756,2.997395884334946,21.110885924664224,1.5472669562080864e-07,complete,0.18108583299999736,0.2072344170001088,1024,0.008773810632253982,8.984382087428077,0.008773810632253982,8.984382087428077,4096,0.02449914466217472,100.34849653626765,0.02449914466217472,100.34849653626765,32768,0.02315823011851846,758.8488845236129,0.06929366699978345,0.02315823011851846,758.8488845236129,complete,complete
2034,1025,0.3,minimum_norm,1832810.6951470172,136439842.13558745,False,1146454016,0.0071663749999970605,True,1,1024,0.009070583999800874,1.0009765625,1.9190076079690327e-10,6.374727647817541e-09,21.110885924664224,1.5472669562080864e-07,complete,0.18108583299999736,0.2072344170001088,1024,3.968471932016544e-20,4.063715258384941e-17,0.0812933756414758,83.24441665687122,4096,322673.7037396983,1321671490.5178041,322674.7852040825,1321675920.195922,32768,355154.68698217423,11637708783.031885,0.06929366699978345,355154.94687304087,11637717299.135803,complete,complete
2034,1025,0.3,ridge,14.42230333668852,136439842.13558745,False,1146454016,0.0071663749999970605,False,1,1024,0.009070583999800874,1.0009765625,0.24932898756548602,8.282428812870595,21.110885924664224,1.5472669562080864e-07,complete,0.18108583299999736,0.2072344170001088,1024,0.06699084671901273,68.59862704026904,0.021425648381565486,21.939863942723058,4096,0.12710509247019824,520.622458757932,0.038068479910719356,155.92849371430648,32768,0.13049936795924238,4276.2032892884545,0.06929366699978345,0.038151215331561926,1250.1390239846212,complete,complete
2034,1056,0.0,minimum_norm,576.5609506005874,892664.7338341924,False,1146470400,0.007268708000083279,True,0,1024,0.008000042000276153,1.03125,2.9362677844010024e-14,9.563946363394995e-13,21.068554108643344,2.3601866759258256e-05,complete,0.182006416999684,0.20768095899984473,1024,8.932526371278942e-28,9.146907004189637e-25,8.932526371278942e-28,9.146907004189637e-25,4096,0.0641638095724193,262.81496400862943,0.0641638095724193,262.81496400862943,32768,0.06128390127197694,2008.1508768801405,0.058927999999923486,0.06128390127197694,2008.1508768801405,complete,complete
2034,1056,0.0,ridge,12.616967770045273,892664.7338341924,False,1146470400,0.007268708000083279,False,0,1024,0.008000042000276153,1.03125,0.09139996438045415,2.9770593867316557,21.068554108643344,2.3601866759258256e-05,complete,0.182006416999684,0.20768095899984473,1024,0.00865515878137409,8.862882592127068,0.00865515878137409,8.862882592127068,4096,0.024200862267249858,99.12673184665542,0.024200862267249858,99.12673184665542,32768,0.022805807370272834,747.3006959091002,0.058927999999923486,0.022805807370272834,747.3006959091002,complete,complete
2034,1056,0.3,minimum_norm,26447.669226863723,892664.7338341924,False,1146470400,0.007268708000083279,True,1,1024,0.008000042000276153,1.03125,1.2991880566044387e-12,4.315756743099011e-11,21.068554108643344,2.3601866759258256e-05,complete,0.182006416999684,0.20768095899984473,1024,1.8189215103129476e-24,1.8625756265604584e-21,0.08129337563892997,83.24441665426428,4096,119.80209247928201,490709.3707951391,119.70267628363828,490302.1620577824,32768,137.73964792019177,4513452.783048844,0.058927999999923486,137.65137149216307,4510560.141055199,complete,complete
2034,1056,0.3,ridge,14.461515343888214,892664.7338341924,False,1146470400,0.007268708000083279,False,1,1024,0.008000042000276153,1.03125,0.24916459281197106,8.276967803878051,21.068554108643344,2.3601866759258256e-05,complete,0.182006416999684,0.20768095899984473,1024,0.0669025351820643,68.50819602643384,0.021246557478975976,21.7564748584714,4096,0.1265000039412673,518.1440161434309,0.037539836299536,153.76316948289946,32768,0.12985058957406004,4254.944119162799,0.058927999999923486,0.03747942359680932,1228.1257524202479,complete,complete
2034,1088,0.0,minimum_norm,364.1358210760889,481331.36715137283,False,1146470400,0.007122291000086989,True,0,1024,0.008113249999951222,1.0625,1.3683852886188494e-14,4.457074240413407e-13,21.112969111037472,4.386368841072787e-05,complete,0.18893579199993837,0.21406795800021428,1024,1.93999128755437e-28,1.986551078455675e-25,1.93999128755437e-28,1.986551078455675e-25,4096,0.03317529702782493,135.8860166259709,0.03317529702782493,135.8860166259709,32768,0.02934984630878311,961.7357638462049,0.061371291000341444,0.02934984630878311,961.7357638462049,complete,complete
2034,1088,0.0,ridge,12.674127697751857,481331.36715137283,False,1146470400,0.007122291000086989,False,0,1024,0.008113249999951222,1.0625,0.09147593540690019,2.9795338981708435,21.112969111037472,4.386368841072787e-05,complete,0.18893579199993837,0.21406795800021428,1024,0.008669552978856583,8.877622250349141,0.008669552978856583,8.877622250349141,4096,0.024230963190159917,99.25002522689502,0.024230963190159917,99.25002522689502,32768,0.022855635466309716,748.9334629600368,0.061371291000341444,0.022855635466309716,748.9334629600368,complete,complete
2034,1088,0.3,minimum_norm,16087.771924035267,481331.36715137283,False,1146470400,0.007122291000086989,True,1,1024,0.008113249999951222,1.0625,7.538300556343241e-13,2.5041387420520885e-11,21.112969111037472,4.386368841072787e-05,complete,0.18893579199993837,0.21406795800021428,1024,6.123741054146696e-25,6.270710839446217e-22,0.08129337563892419,83.24441665425837,4096,75.38041986901874,308758.19978350075,75.35902020123844,308670.54674427264,32768,80.27247551250514,2630368.4775937684,0.061371291000341444,80.20623842700357,2628198.020776053,complete,complete
2034,1088,0.3,ridge,14.49939972284919,481331.36715137283,False,1146470400,0.007122291000086989,False,1,1024,0.008113249999951222,1.0625,0.2493670477757437,8.28369313028968,21.112969111037472,4.386368841072787e-05,complete,0.18893579199993837,0.21406795800021428,1024,0.06701130066094582,68.61957187680852,0.02133256570777283,21.84454728475938,4096,0.12686272137907395,519.6297067686869,0.037743121696757816,154.59582646992,32768,0.13011839103677636,4263.719437493088,0.061371291000341444,0.03770132901897345,1235.3971492937221,complete,complete
2034,1152,0.0,minimum_norm,237.40204144455078,270386.55525115714,False,1146519552,0.00701824999987366,True,0,1024,0.008561833999920054,1.125,1.905762510236158e-14,6.207407419070207e-13,21.078845086963753,7.795818496738493e-05,complete,0.196410042000025,0.22213900000042486,1024,3.7628815299148286e-28,3.8531906866327845e-25,3.7628815299148286e-28,3.8531906866327845e-25,4096,0.01923778547722807,78.79796931472617,0.01923778547722807,78.79796931472617,32768,0.01849507582487079,606.046644629366,0.06475787499994112,0.01849507582487079,606.046644629366,complete,complete
2034,1152,0.0,ridge,12.681099382384522,270386.55525115714,False,1146519552,0.00701824999987366,False,0,1024,0.008561833999920054,1.125,0.09048360343415042,2.94721188104257,21.078845086963753,7.795818496738493e-05,complete,0.196410042000025,0.22213900000042486,1024,0.008482478390389129,8.686057871758468,0.008482478390389129,8.686057871758468,4096,0.023793829790804005,97.4595268231332,0.023793829790804005,97.4595268231332,32768,0.022384758941860157,733.5037810068736,0.06475787499994112,0.022384758941860157,733.5037810068736,complete,complete
2034,1152,0.3,minimum_norm,11120.609525617412,270386.55525115714,False,1146519552,0.00701824999987366,True,1,1024,0.008561833999920054,1.125,6.359863793008305e-13,2.1126752905660192e-11,21.078845086963753,7.795818496738493e-05,complete,0.196410042000025,0.22213900000042486,1024,4.358786018914271e-25,4.463396883368213e-22,0.08129337563891936,83.24441665425343,4096,48.552709410733385,198871.89774636395,48.49180207205785,198622.42128714896,32768,52.9844935364316,1736195.8842017907,0.06475787499994112,52.91725217259386,1733992.5191915557,complete,complete
2034,1152,0.3,ridge,14.550241366215603,270386.55525115714,False,1146519552,0.00701824999987366,False,1,1024,0.008561833999920054,1.125,0.24903404886234146,8.272631280554728,21.078845086963753,7.795818496738493e-05,complete,0.196410042000025,0.22213900000042486,1024,0.06683244951563727,68.43642830401257,0.021200288128954893,21.70909504404981,4096,0.12620414827586107,516.932191337927,0.03714723026752993,152.1550551758026,32768,0.12925432720792102,4235.405793949156,0.06475787499994112,0.03693414056985589,1210.2579181930378,complete,complete
2034,1280,0.0,minimum_norm,150.3015470527599,142594.03597141514,False,1146552320,0.007510416999593872,True,0,1024,0.009984917000110727,1.25,1.3877949089761253e-14,4.520294825748649e-13,21.1342408326761,0.00014821265622155992,complete,0.2261533750001945,0.2547188329999699,1024,1.9954165343447276e-28,2.043306531169001e-25,1.9954165343447276e-28,2.043306531169001e-25,4096,0.01211765396577014,49.63391064379449,0.01211765396577014,49.63391064379449,32768,0.0124195128720406,406.9625977910264,0.07278958300003069,0.0124195128720406,406.9625977910264,complete,complete
2034,1280,0.0,ridge,12.688546467749548,142594.03597141514,False,1146552320,0.007510416999593872,False,0,1024,0.009984917000110727,1.25,0.08675114031770957,2.825638919480167,21.1342408326761,0.00014821265622155992,complete,0.2261533750001945,0.2547188329999699,1024,0.007797104788360406,7.984235303281055,0.007797104788360406,7.984235303281055,4096,0.0221606004098224,90.76981927863255,0.0221606004098224,90.76981927863255,32768,0.0207780209575889,680.854190738273,0.07278958300003069,0.0207780209575889,680.854190738273,complete,complete
2034,1280,0.3,minimum_norm,7206.634351824733,142594.03597141514,False,1146552320,0.007510416999593872,True,1,1024,0.009984917000110727,1.25,3.69851735719282e-13,1.2286059083310628e-11,21.1342408326761,0.00014821265622155992,complete,0.2261533750001945,0.2547188329999699,1024,1.474094216783199e-25,1.5094724779859957e-22,0.08129337563892014,83.24441665425422,4096,27.111905567791982,111050.36520567596,26.994905397035176,110571.13250625608,32768,27.58566484854577,903927.0657571477,0.07278958300003069,27.50709739889723,901352.5675670644,complete,complete
2034,1280,0.3,ridge,14.618688491006266,142594.03597141514,False,1146552320,0.007510416999593872,False,1,1024,0.009984917000110727,1.25,0.24659842927378353,8.191722734563196,21.1342408326761,0.00014821265622155992,complete,0.2261533750001945,0.2547188329999699,1024,0.06553156382808555,67.1043213599596,0.020524661063750158,21.01725292928016,4096,0.12403487509005148,508.0468483688509,0.03521790475238973,144.25253786578833,32768,0.12738674517685777,4174.2088659552755,0.07278958300003069,0.03509127166000419,1149.8707897550173,complete,complete
2034,1536,0.0,minimum_norm,91.51847031169845,83939.74983045847,False,1146601472,0.007819874999768217,True,0,1024,0.012199917000089044,1.5,6.724695126235276e-15,2.190352795449073e-13,21.221473181337423,0.0002528179226671578,complete,0.2813982079997004,0.3130973749998702,1024,4.685200555206609e-29,4.797645368531568e-26,4.685200555206609e-29,4.797645368531568e-26,4096,0.008362784346163506,34.25396468188572,0.008362784346163506,34.25396468188572,32768,0.007646380159064772,250.55658505223445,0.08888212500005466,0.007646380159064772,250.55658505223445,complete,complete
2034,1536,0.0,ridge,12.607390257336975,83939.74983045847,False,1146601472,0.007819874999768217,False,0,1024,0.012199917000089044,1.5,0.08136018367082669,2.650045874145259,21.221473181337423,0.0002528179226671578,complete,0.2813982079997004,0.3130973749998702,1024,0.006858147592845998,7.022743135074302,0.006858147592845998,7.022743135074302,4096,0.019594490843065172,80.25903449319495,0.019594490843065172,80.25903449319495,32768,0.018918249186404897,619.9131893401157,0.08888212500005466,0.018918249186404897,619.9131893401157,complete,complete
2034,1536,0.3,minimum_norm,4232.437831836003,83939.74983045847,False,1146601472,0.007819874999768217,True,1,1024,0.012199917000089044,1.5,2.289356095819229e-13,7.604983710910836e-12,21.221473181337423,0.0002528179226671578,complete,0.2813982079997004,0.3130973749998702,1024,5.648025121408122e-26,5.783577724321917e-23,0.08129337563892108,83.24441665425519,4096,20.795693910215647,85179.16225624329,20.694446784951943,84764.45403116316,32768,19.945230039444702,653565.297932524,0.08888212500005466,19.86085992507188,650800.6580247553,complete,complete
2034,1536,0.3,ridge,14.602233798669719,83939.74983045847,False,1146601472,0.007819874999768217,False,1,1024,0.012199917000089044,1.5,0.2437815602255266,8.098149509904596,21.221473181337423,0.0002528179226671578,complete,0.2813982079997004,0.3130973749998702,1024,0.06404299363746876,65.58002548476802,0.019824800600134914,20.300595814538152,4096,0.12194046770476115,499.46815571870167,0.03246421512688069,132.9734251597033,32768,0.1254483417090813,4110.691261123176,0.08888212500005466,0.033167850514555675,1086.8441256609603,complete,complete
2034,2048,0.0,minimum_norm,58.96490195324382,49139.18116821144,False,1146617856,0.009290500000133761,True,0,1024,0.016837082999700215,2.0,6.859958884466892e-15,2.234410607053007e-13,21.232218302671846,0.00043208327444428706,complete,0.3397021250002581,0.3790384579997408,1024,4.875576914952136e-29,4.9925907609109875e-26,4.875576914952136e-29,4.9925907609109875e-26,4096,0.005255252822550608,21.52551556116729,0.005255252822550608,21.52551556116729,32768,0.005081425944135603,166.50816533743543,0.12851337500023874,0.005081425944135603,166.50816533743543,complete,complete
2034,2048,0.0,ridge,12.843104009137424,49139.18116821144,False,1146617856,0.009290500000133761,False,0,1024,0.016837082999700215,2.0,0.07935015285130713,2.584575595689108,21.232218302671846,0.00043208327444428706,complete,0.3397021250002581,0.3790384579997408,1024,0.006523467783038771,6.680031009831701,0.006523467783038771,6.680031009831701,4096,0.01974986209660195,80.89543514768158,0.01974986209660195,80.89543514768158,32768,0.0186262476383141,610.3448826122765,0.12851337500023874,0.0186262476383141,610.3448826122765,complete,complete
2034,2048,0.3,minimum_norm,2480.755750090089,49139.18116821144,False,1146617856,0.009290500000133761,True,1,1024,0.016837082999700215,2.0,1.011612714495546e-13,3.3604637695019362e-12,21.232218302671846,0.00043208327444428706,complete,0.3397021250002581,0.3790384579997408,1024,1.102804369739762e-26,1.1292716746135163e-23,0.08129337563892763,83.2444166542619,4096,12.993632256655085,53221.91772325923,12.881211352788622,52761.441701022195,32768,12.795808047131125,419293.0380883927,0.12851337500023874,12.713313578702843,416589.85934693477,complete,complete
2034,2048,0.3,ridge,14.803303102639356,49139.18116821144,False,1146617856,0.009290500000133761,False,1,1024,0.016837082999700215,2.0,0.24238969406966557,8.05191328015239,21.232218302671846,0.00043208327444428706,complete,0.3397021250002581,0.3790384579997408,1024,0.06331377682724063,64.8333074710944,0.019764999014574465,20.239358990924252,4096,0.12172718587674829,498.594553351161,0.03224645381481814,132.0814748254951,32768,0.12488489776109431,4092.2283298355383,0.12851337500023874,0.03260732933310555,1068.4769675872026,complete,complete
2034,3072,0.0,minimum_norm,41.34300299849602,32085.701238446425,False,1146650624,0.010923499999989872,True,0,1024,0.021349457999804144,3.0,1.0026549007285226e-14,3.26582532509682e-13,21.009062830788057,0.0006547796064875815,complete,0.5409515409996857,0.5926963749998322,1024,1.0415639701214599e-28,1.066561505404375e-25,1.0415639701214599e-28,1.066561505404375e-25,4096,0.003466101414241354,14.197151392732586,0.003466101414241354,14.197151392732586,32768,0.0035909992731796674,117.66986418355134,0.1596999999997024,0.0035909992731796674,117.66986418355134,complete,complete
2034,3072,0.0,ridge,12.802608358465848,32085.701238446425,False,1146650624,0.010923499999989872,False,0,1024,0.021349457999804144,3.0,0.0754161741737531,2.4564389139234097,21.009062830788057,0.0006547796064875815,complete,0.5409515409996857,0.5926963749998322,1024,0.005892668103356667,6.034092137837227,0.005892668103356667,6.034092137837227,4096,0.01861528800436854,76.24821966589354,0.01861528800436854,76.24821966589354,32768,0.01743610311641889,571.3462269188142,0.1596999999997024,0.01743610311641889,571.3462269188142,complete,complete
2034,3072,0.3,minimum_norm,1698.8853757638121,32085.701238446425,False,1146650624,0.010923499999989872,True,1,1024,0.021349457999804144,3.0,1.0864613791108867e-13,3.6091026231178486e-12,21.009062830788057,0.0006547796064875815,complete,0.5409515409996857,0.5926963749998322,1024,1.2720333734566539e-26,1.3025621744196136e-23,0.08129337563892712,83.24441665426137,4096,9.508143401652799,38945.35537316986,9.385133538077962,38441.506971967334,32768,8.784956626318323,287865.4587311988,0.1596999999997024,8.702901568821229,285176.67860713403,complete,complete
2034,3072,0.3,ridge,14.795645615855907,32085.701238446425,False,1146650624,0.010923499999989872,False,1,1024,0.021349457999804144,3.0,0.24124222919861996,8.013795786464621,21.009062830788057,0.0006547796064875815,complete,0.5409515409996857,0.5926963749998322,1024,0.06271574502652169,64.22092290715821,0.019254165833021735,19.716265813014257,4096,0.12059316786928627,493.94961559259656,0.03151221669022278,129.0740395631525,32768,0.12397729652349433,4062.4880524818623,0.1596999999997024,0.03170199203212352,1038.8108749086234,complete,complete
2034,4096,0.0,minimum_norm,37.11458303385542,26724.672281617084,False,1146683392,0.01220858299984684,True,0,1024,0.02787629200020092,4.0,8.584798877215498e-15,2.796221667465248e-13,21.05835569291795,0.0007879743284037655,complete,0.6750567500002944,0.7405952920003074,1024,7.635601185158332e-29,7.818855613602132e-26,7.635601185158332e-29,7.818855613602132e-26,4096,0.0031877384302675246,13.05697661037578,0.0031877384302675246,13.05697661037578,32768,0.00313785441193651,102.82121337033556,0.2134756670002389,0.00313785441193651,102.82121337033556,complete,complete
2034,4096,0.0,ridge,12.924558283413658,26724.672281617084,False,1146683392,0.01220858299984684,False,0,1024,0.02787629200020092,4.0,0.07548806925423997,2.4587806645539936,21.05835569291795,0.0007879743284037655,complete,0.6750567500002944,0.7405952920003074,1024,0.005903908551156814,6.0456023563845775,0.005903908551156814,6.0456023563845775,4096,0.018808998767188667,77.04165895040478,0.018808998767188667,77.04165895040478,32768,0.01744090848294782,571.5036891692341,0.2134756670002389,0.01744090848294782,571.5036891692341,complete,complete
2034,4096,0.3,minimum_norm,1435.5471680459182,26724.672281617084,False,1146683392,0.01220858299984684,True,1,1024,0.02787629200020092,4.0,7.977789302461605e-14,2.650131965275965e-12,21.05835569291795,0.0007879743284037655,complete,0.6750567500002944,0.7405952920003074,1024,6.858593196657664e-27,7.023199433377448e-24,0.08129337563892586,83.24441665426008,4096,8.149914016481446,33382.047811508004,8.034657386651572,32909.95665572484,32768,7.4222894712244605,243213.58139308312,0.2134756670002389,7.341228218653854,240557.3662688495,complete,complete
2034,4096,0.3,ridge,14.920232429530392,26724.672281617084,False,1146683392,0.01220858299984684,False,1,1024,0.02787629200020092,4.0,0.24065383508873633,7.994249995272799,21.05835569291795,0.0007879743284037655,complete,0.6750567500002944,0.7405952920003074,1024,0.06241018846378826,63.90803298691918,0.019258463362453338,19.72066648315222,4096,0.12082133590079043,494.8841918496376,0.03141641432473578,128.68163307411774,32768,0.1234589726157635,4045.5036146733382,0.2134756670002389,0.031240401843045325,1023.6854875929092,complete,complete
2034,8192,0.0,minimum_norm,28.91662999267505,18893.702171743502,False,1146683392,0.019005083999672934,True,0,1024,0.05693912500009901,8.0,9.160165250541079e-15,2.9836287276462224e-13,20.9157611316662,0.0011070229085619224,complete,1.3257005410000602,1.4514762499998142,1024,8.6933988129256e-29,8.902040384435815e-26,8.6933988129256e-29,8.902040384435815e-26,4096,0.0030330856216151236,12.423518706135546,0.0030330856216151236,12.423518706135546,32768,0.0026830296668153264,87.91751612220462,0.4351927920001799,0.0026830296668153264,87.91751612220462,complete,complete
2034,8192,0.0,ridge,12.837373897762108,18893.702171743502,False,1146683392,0.019005083999672934,False,0,1024,0.05693912500009901,8.0,0.07012764975426776,2.2841822684016164,20.9157611316662,0.0011070229085619224,complete,1.3257005410000602,1.4514762499998142,1024,0.00509520374539097,5.217488635280353,0.00509520374539097,5.217488635280353,4096,0.01716204607551315,70.29574072530187,0.01716204607551315,70.29574072530187,32768,0.015861101814189822,519.7365842473721,0.4351927920001799,0.015861101814189822,519.7365842473721,complete,complete
2034,8192,0.3,minimum_norm,978.5276842833217,18893.702171743502,False,1146683392,0.019005083999672934,True,1,1024,0.05693912500009901,8.0,3.85512501019247e-14,1.2806292109636802e-12,20.9157611316662,0.0011070229085619224,complete,1.3257005410000602,1.4514762499998142,1024,1.60157341403658e-27,1.640011175973458e-24,0.08129337563892587,83.24441665426009,4096,5.652459671244943,23152.474813419285,5.540909166366006,22695.563945435162,32768,4.986803879642242,163407.58952811698,0.4351927920001799,4.9036729019350185,160683.5536506067,complete,complete
2034,8192,0.3,ridge,14.922918134233216,18893.702171743502,False,1146683392,0.019005083999672934,False,1,1024,0.05693912500009901,8.0,0.2363376906435452,7.850872526562013,20.9157611316662,0.0011070229085619224,complete,1.3257005410000602,1.4514762499998142,1024,0.06019160100422489,61.636199428326286,0.01898313837215366,19.438733693085346,4096,0.11986297777209498,490.95875695450104,0.03021292444218328,123.75213851518272,32768,0.12214337426490399,4002.394087912374,0.4351927920001799,0.029814167740047855,976.9506485058881,complete,complete
2035,64,0.0,minimum_norm,12.560421974191692,49.89943565742791,False,1146732544,0.005794499999865366,False,0,64,0.0007674579997001274,0.0625,0.3205073003366781,10.439492766228891,20.033447765493563,0.4014764395939903,complete,0.002428000000236352,0.014767333000236249,1024,0.10642871993764194,108.98300921614535,0.10642871993764194,108.98300921614535,4096,0.1501542118446757,615.0316517157917,0.1501542118446757,615.0316517157917,32768,0.15258612458605725,4999.942130435924,0.00820970800032228,0.15258612458605725,4999.942130435924,complete,complete
2035,64,0.0,ridge,10.041765583315502,49.89943565742791,False,1146732544,0.005794499999865366,False,0,64,0.0007674579997001274,0.0625,0.323925952024503,10.550844331475034,20.033447765493563,0.4014764395939903,complete,0.002428000000236352,0.014767333000236249,1024,0.10871124619826053,111.32031610701878,0.10871124619826053,111.32031610701878,4096,0.1502319235811556,615.3499589884134,0.1502319235811556,615.3499589884134,32768,0.15078959355581714,4941.073401637016,0.00820970800032228,0.15078959355581714,4941.073401637016,complete,complete
2035,64,0.3,minimum_norm,12.07672788985718,49.89943565742791,False,1146732544,0.005794499999865366,False,1,64,0.0007674579997001274,0.0625,0.408579498355009,13.57255184231207,20.033447765493563,0.4014764395939903,complete,0.002428000000236352,0.014767333000236249,1024,0.17989664405493033,184.21416351224866,0.11197943645044124,114.66694292525183,4096,0.24405947426571,999.6676065923482,0.15172410498865574,621.4619340335339,32768,0.24887532600678902,8155.146682590463,0.00820970800032228,0.1565322935819431,5129.250196093111,complete,complete
2035,64,0.3,ridge,9.772324140562988,49.89943565742791,False,1146732544,0.005794499999865366,False,1,64,0.0007674579997001274,0.0625,0.41087359554149183,13.64875917312578,20.033447765493563,0.4014764395939903,complete,0.002428000000236352,0.014767333000236249,1024,0.1819224872714698,186.2886269659851,0.11439506494602719,117.14054650473184,4096,0.24472710061938793,1002.402204137013,0.1527883085282754,625.8209117318161,32768,0.24765426241155752,8115.134870701917,0.00820970800032228,0.15542309597957382,5092.904009058675,complete,complete
2035,128,0.0,minimum_norm,23.52966733625646,146.75479198857235,False,1146765312,0.005388666999806446,False,0,128,0.0012529169998742873,0.125,0.22401905055675564,7.29669887496502,19.854273788111524,0.13528875969963255,complete,0.007028791999800887,0.019130125000174303,1024,0.05199395944523029,53.241814471915816,0.05199395944523029,53.241814471915816,4096,0.1034176096094288,423.5985289602204,0.1034176096094288,423.5985289602204,32768,0.10184337212353888,3337.203617744122,0.010734208000030776,0.10184337212353888,3337.203617744122,complete,complete
2035,128,0.0,ridge,11.375499318496653,146.75479198857235,False,1146765312,0.005388666999806446,False,0,128,0.0012529169998742873,0.125,0.24458643277535022,7.966615091119025,19.854273788111524,0.13528875969963255,complete,0.007028791999800887,0.019130125000174303,1024,0.06197944922855994,63.46695601004538,0.06197944922855994,63.46695601004538,4096,0.10109713677105187,414.09387221422844,0.10109713677105187,414.09387221422844,32768,0.10113081659476289,3313.8545981771904,0.010734208000030776,0.10113081659476289,3313.8545981771904,complete,complete
2035,128,0.3,minimum_norm,26.49166346798037,146.75479198857235,False,1146765312,0.005388666999806446,False,1,128,0.0012529169998742873,0.125,0.3360360414721404,11.162739716820253,19.854273788111524,0.13528875969963255,complete,0.007028791999800887,0.019130125000174303,1024,0.12168628709519172,124.60675798547632,0.06389309678758637,65.42653111048844,4096,0.21323082161524937,873.3934453360614,0.11738441353427961,480.8065578364093,32768,0.21059812254298765,6900.879279488619,0.010734208000030776,0.11766565280934249,3855.6681112565348,complete,complete
2035,128,0.3,ridge,11.779606435823732,146.75479198857235,False,1146765312,0.005388666999806446,False,1,128,0.0012529169998742873,0.125,0.3528051308527573,11.719790023757165,19.854273788111524,0.13528875969963255,complete,0.007028791999800887,0.019130125000174303,1024,0.13413425605562282,137.35347820095777,0.06981975270267096,71.49542676753506,4096,0.20077998366751773,822.3948131021526,0.10727528576502049,439.3995704935239,32768,0.2027894638374439,6645.005151025362,0.010734208000030776,0.10991937354292235,3601.8380322544795,complete,complete
2035,256,0.0,minimum_norm,61.23421053212451,943.3397589845758,False,1146830848,0.005413665999640216,False,0,256,0.002148208000107843,0.25,0.12140020462597466,3.9542205643374433,21.02942962454552,0.0222925297320044,complete,0.01730500000030588,0.031004208000013023,1024,0.015269394796317502,15.635860271429122,0.015269394796317502,15.635860271429122,4096,0.05430869909227321,222.44843148195108,0.05430869909227321,222.44843148195108,32768,0.05573938927117578,1826.4683076378878,0.0177100830001109,0.05573938927117578,1826.4683076378878,complete,complete
2035,256,0.0,ridge,13.197754821183308,943.3397589845758,False,1146830848,0.005413665999640216,False,0,256,0.002148208000107843,0.25,0.19026398278716014,6.197236287267039,21.02942962454552,0.0222925297320044,complete,0.01730500000030588,0.031004208000013023,1024,0.03750560312521424,38.40573760021938,0.03750560312521424,38.40573760021938,4096,0.06987233244680839,286.19707370212717,0.06987233244680839,286.19707370212717,32768,0.07088046985545404,2322.611236223518,0.0177100830001109,0.07088046985545404,2322.611236223518,complete,complete
2035,256,0.3,minimum_norm,79.24043280718266,943.3397589845758,False,1146830848,0.005413665999640216,False,1,256,0.002148208000107843,0.25,0.2562092604217377,8.51098374625981,21.02942962454552,0.0222925297320044,complete,0.01730500000030588,0.031004208000013023,1024,0.07073910579013556,72.43684432909882,0.03978522714373998,40.74007259518974,4096,0.1962993436108751,804.0421114301444,0.1056341846139848,432.67762017888174,32768,0.20285591701699307,6647.182688812829,0.0177100830001109,0.1102283349222562,3611.962078732491,complete,complete
2035,256,0.3,ridge,14.26815919395042,943.3397589845758,False,1146830848,0.005413665999640216,False,1,256,0.002148208000107843,0.25,0.31040602827591535,10.311339477147307,21.02942962454552,0.0222925297320044,complete,0.01730500000030588,0.031004208000013023,1024,0.10383175958298464,106.32372181297627,0.046957583603774916,48.084565610265514,4096,0.1702838330495084,697.4825801707864,0.07852191166609426,321.6257501843221,32768,0.17410619837723604,5705.1119084252705,0.0177100830001109,0.08141826772487545,2667.913796808719,complete,complete
2035,384,0.0,minimum_norm,62.16553225187259,2992.4820723964967,False,1146830848,0.005588333999639872,False,0,384,0.003025624999736465,0.375,0.04487227185295161,1.4615696956701645,20.958441473816553,0.007003698256755875,complete,0.029901041999892186,0.04481687499992404,1024,0.0020861191165052525,2.1361859753013785,0.0020861191165052525,2.1361859753013785,4096,0.018845353521177055,77.19056802274122,0.018845353521177055,77.19056802274122,32768,0.019911223070344854,652.4509575690602,0.023359000000255037,0.019911223070344854,652.4509575690602,complete,complete
2035,384,0.0,ridge,13.406572725413918,2992.4820723964967,False,1146830848,0.005588333999639872,False,0,384,0.003025624999736465,0.375,0.13333760255022167,4.343042844350611,20.958441473816553,0.007003698256755875,complete,0.029901041999892186,0.04481687499992404,1024,0.01841994252721195,18.862021147865036,0.01841994252721195,18.862021147865036,4096,0.036859299743444845,150.9756917491501,0.036859299743444845,150.9756917491501,32768,0.03641894742372392,1193.3760691805853,0.023359000000255037,0.03641894742372392,1193.3760691805853,complete,complete
2035,384,0.3,minimum_norm,131.7152276856935,2992.4820723964967,False,1146830848,0.005588333999639872,False,1,384,0.003025624999736465,0.375,0.21308764161653548,7.078532022386254,20.958441473816553,0.007003698256755875,complete,0.029901041999892186,0.04481687499992404,1024,0.04893126522651134,50.10561559194761,0.03654945280767721,37.426639675061466,4096,0.21963533420821388,899.626328916844,0.13174451573117307,539.6255364348849,32768,0.21980446884233307,7202.55283502557,0.023359000000255037,0.1270047251757116,4161.690834557718,complete,complete
2035,384,0.3,ridge,14.542002622415412,2992.4820723964967,False,1146830848,0.005588333999639872,False,1,384,0.003025624999736465,0.375,0.27778357535742,9.227658246830297,20.958441473816553,0.007003698256755875,complete,0.029901041999892186,0.04481687499992404,1024,0.08315398117216341,85.14967672029533,0.028996145111402312,29.692052594075967,4096,0.13809490170878702,565.6367173991916,0.04698891132371916,192.46658078195367,32768,0.14138493411545733,4632.901521095306,0.023359000000255037,0.0486348842335659,1593.6678865654874,complete,complete
2035,512,0.0,minimum_norm,84.57842867915944,6913.957790098369,False,1146847232,0.005820625000069413,False,0,512,0.0038242499999796564,0.5,0.024255172061081708,0.7900340897362164,20.772605959313044,0.003004445006745912,complete,0.05176391699978922,0.06831795800007967,1024,0.0006095252567825515,0.6241538629453327,0.0006095252567825515,0.6241538629453327,4096,0.013955801715883665,57.16296382825949,0.013955801715883665,57.16296382825949,32768,0.01309290643055967,429.02835791657924,0.030385459000171977,0.01309290643055967,429.02835791657924,complete,complete
2035,512,0.0,ridge,13.067731953637113,6913.957790098369,False,1146847232,0.005820625000069413,False,0,512,0.0038242499999796564,0.5,0.11067905382013296,3.6050136159600954,20.772605959313044,0.003004445006745912,complete,0.05176391699978922,0.06831795800007967,1024,0.012691526534431327,12.996123171257679,0.012691526534431327,12.996123171257679,4096,0.02690994945679103,110.22315297501606,0.02690994945679103,110.22315297501606,32768,0.027291979148915124,894.3035727516508,0.030385459000171977,0.027291979148915124,894.3035727516508,complete,complete
2035,512,0.3,minimum_norm,343.7270062987465,6913.957790098369,False,1146847232,0.005820625000069413,False,1,512,0.0038242499999796564,0.5,0.1907293353921917,6.335814212124214,20.772605959313044,0.003004445006745912,complete,0.05176391699978922,0.06831795800007967,1024,0.03920170090874529,40.14254173055518,0.04350455877844869,44.54866818913146,4096,0.3393302628808005,1389.8967567597588,0.25484652912933464,1043.8513833137547,32768,0.34704665988845335,11372.02495122484,0.030385459000171977,0.25293435567972344,8288.152966913178,complete,complete
2035,512,0.3,ridge,14.382461627569668,6913.957790098369,False,1146847232,0.005820625000069413,False,1,512,0.0038242499999796564,0.5,0.26591054873662856,8.833249643401485,20.772605959313044,0.003004445006745912,complete,0.05176391699978922,0.06831795800007967,1024,0.07619755787368399,78.0262992626524,0.02366710305586943,24.235113529210295,4096,0.12904324026963312,528.5611121444173,0.038235268055162225,156.61165795394447,32768,0.13248705491381937,4341.335815416033,0.030385459000171977,0.040194803429714966,1317.1033187849,complete,complete
2035,768,0.0,minimum_norm,176.84785780984674,36598.583595344215,False,1146896384,0.006398832999821025,False,0,768,0.005685000000084983,0.75,0.007751168827004229,0.25246935347284954,20.73642546345414,0.0005665909285651171,complete,0.09598999999980151,0.11608287499984726,1024,6.224685004199084e-05,0.06374077444299862,6.224685004199084e-05,0.06374077444299862,4096,0.013837394779861447,56.67796901831249,0.013837394779861447,56.67796901831249,32768,0.014944657047548163,489.7065221340582,0.04297237499986295,0.014944657047548163,489.7065221340582,complete,complete
2035,768,0.0,ridge,12.41411251167431,36598.583595344215,False,1146896384,0.006398832999821025,False,0,768,0.005685000000084983,0.75,0.09065063324437247,2.9526523390094432,20.73642546345414,0.0005665909285651171,complete,0.09598999999980151,0.11608287499984726,1024,0.008513824057673763,8.718155835057933,0.008513824057673763,8.718155835057933,4096,0.021220416307027395,86.91882519358421,0.021220416307027395,86.91882519358421,32768,0.02069532583534038,678.1444369724336,0.04297237499986295,0.02069532583534038,678.1444369724336,complete,complete
2035,768,0.3,minimum_norm,1819.1286140739057,36598.583595344215,False,1146896384,0.006398832999821025,False,1,768,0.005685000000084983,0.75,0.13147997974383904,4.3676171919640785,20.73642546345414,0.0005665909285651171,complete,0.09598999999980151,0.11608287499984726,1024,0.018628984312050952,19.076079935540175,0.06305025494116302,64.56346105975094,4096,1.9979933351453907,8183.78070075552,1.9112626070366798,7828.531638422241,32768,1.8639992927110836,61079.528823556786,0.04297237499986295,1.7700722710528147,58001.72817785863,complete,complete
2035,768,0.3,ridge,14.114414462685131,36598.583595344215,False,1146896384,0.006398832999821025,False,1,768,0.005685000000084983,0.75,0.2531054725390265,8.407879400311854,20.73642546345414,0.0005665909285651171,complete,0.09598999999980151,0.11608287499984726,1024,0.06903558204119956,70.69243601018835,0.02026172116055828,20.748002468411677,4096,0.12459618108428559,510.3459577212338,0.03429728408812782,140.48167562497156,32768,0.1264048300280251,4142.033470358327,0.04297237499986295,0.03408447780757047,1116.8801687984692,complete,complete
2035,896,0.0,minimum_norm,282.0858713126525,112916.10224435262,False,1146961920,0.006889459000376519,False,0,896,0.006703833999836206,0.875,0.003328108988986491,0.10840242852268606,20.686024367094397,0.00018319817949728236,complete,0.11948633400015751,0.14307295899970995,1024,1.147567041954693e-05,0.011751086509616057,1.147567041954693e-05,0.011751086509616057,4096,0.019883015741430164,81.44083247689795,0.019883015741430164,81.44083247689795,32768,0.021752959472449415,712.8009759932224,0.049199041000065336,0.021752959472449415,712.8009759932224,complete,complete
2035,896,0.0,ridge,12.505635952865953,112916.10224435262,False,1146961920,0.006889459000376519,False,0,896,0.006703833999836206,0.875,0.08877283989442132,2.8914892701099344,20.686024367094397,0.00018319817949728236,complete,0.11948633400015751,0.14307295899970995,1024,0.008164756053868044,8.360710199160877,0.008164756053868044,8.360710199160877,4096,0.021476711923384212,87.96861203818173,0.021476711923384212,87.96861203818173,32768,0.020880318660125234,684.2062818549837,0.049199041000065336,0.020880318660125234,684.2062818549837,complete,complete
2035,896,0.3,minimum_norm,4891.428547928608,112916.10224435262,False,1146961920,0.006889459000376519,False,1,896,0.006703833999836206,0.875,0.09505261155300845,3.1575409516250446,20.686024367094397,0.00018319817949728236,complete,0.11948633400015751,0.14307295899970995,1024,0.009736391466005079,9.9700648611892,0.07166583762253124,73.385817725472,4096,7.352659444182983,30116.493083373498,7.264247134204162,29754.356261700246,32768,8.584562468785524,281298.94297716406,0.049199041000065336,8.493813370692717,278325.27653085894,complete,complete
2035,896,0.3,ridge,14.26027329251905,112916.10224435262,False,1146961920,0.006889459000376519,False,1,896,0.006703833999836206,0.875,0.2525236824208008,8.38855298630245,20.686024367094397,0.00018319817949728236,complete,0.11948633400015751,0.14307295899970995,1024,0.06871857539453485,70.36782120400369,0.019792428078015747,20.267446351888125,4096,0.12475868165518605,511.0115600596421,0.03418388532571483,140.01719429412793,32768,0.12625164602421368,4137.013936921434,0.049199041000065336,0.034002088581189874,1114.1804386284298,complete,complete
2035,960,0.0,minimum_norm,369.6137806051054,261919.44148272445,False,1146978304,0.006948041999748966,False,0,960,0.0073172079996766115,0.9375,0.0019502660273675513,0.06352363288929298,20.588148808294342,7.860488970098955e-05,complete,0.13265774999990754,0.1562179580000702,1024,3.9406757182164724e-06,0.004035251935453668,3.9406757182164724e-06,0.004035251935453668,4096,0.031116720484035056,127.45408710260759,0.031116720484035056,127.45408710260759,32768,0.028621125266060095,937.8570327182572,0.05360991699990336,0.028621125266060095,937.8570327182572,complete,complete
2035,960,0.0,ridge,12.538349871035912,261919.44148272445,False,1146978304,0.006948041999748966,False,0,960,0.0073172079996766115,0.9375,0.08808469421947986,2.869075141670062,20.588148808294342,7.860488970098955e-05,complete,0.13265774999990754,0.1562179580000702,1024,0.008038664227098714,8.231592168549083,0.008038664227098714,8.231592168549083,4096,0.021233435616054595,86.97215228335962,0.021233435616054595,86.97215228335962,32768,0.020581089014764065,674.4011248357889,0.05360991699990336,0.020581089014764065,674.4011248357889,complete,complete
2035,960,0.3,minimum_norm,10508.24825421837,261919.44148272445,False,1146978304,0.006948041999748966,False,1,960,0.0073172079996766115,0.9375,0.06398093201625563,2.1253746705507637,20.588148808294342,7.860488970098955e-05,complete,0.13265774999990754,0.1562179580000702,1024,0.004411345205291767,4.517217490218769,0.07695979424183615,78.80682930364021,4096,26.731683592630354,109492.97599541393,26.589838622846642,108911.97899917985,32768,24.665108058335854,808226.2608555492,0.05360991699990336,24.587916380654526,805696.8439612875,complete,complete
2035,960,0.3,ridge,14.301975125076869,261919.44148272445,False,1146978304,0.006948041999748966,False,1,960,0.0073172079996766115,0.9375,0.25108122912690933,8.340636308666205,20.588148808294342,7.860488970098955e-05,complete,0.13265774999990754,0.1562179580000702,1024,0.0679357558920323,69.56621403344107,0.01988865913589307,20.365986955154504,4096,0.12552869179425793,514.1655215892805,0.034703868800909934,142.1470466085271,32768,0.12657616696627483,4147.647839150894,0.05360991699990336,0.03429182763453639,1123.6746079284885,complete,complete
2035,992,0.0,minimum_norm,492.9516415051385,506744.03155989846,False,1146978304,0.0070565830001214636,False,0,992,0.007331540999985009,0.96875,0.0010135424458873597,0.03301287995934044,20.56756228868699,4.058767544903161e-05,complete,0.1405644590004158,0.16406083299989405,1024,1.0643068781345926e-06,0.0010898502432098228,1.0643068781345926e-06,0.0010898502432098228,4096,0.05631327187952298,230.65916161852613,0.05631327187952298,230.65916161852613,32768,0.051436018550638715,1685.4554558673294,0.05520366599967019,0.051436018550638715,1685.4554558673294,complete,complete
2035,992,0.0,ridge,12.302584731542476,506744.03155989846,False,1146978304,0.0070565830001214636,False,0,992,0.007331540999985009,0.96875,0.08446285741975071,2.7511054759822096,20.56756228868699,4.058767544903161e-05,complete,0.1405644590004158,0.16406083299989405,1024,0.007391192714823527,7.568581339979292,0.007391192714823527,7.568581339979292,4096,0.019642981191535232,80.45765096052831,0.019642981191535232,80.45765096052831,32768,0.019000648799267827,622.6132598544082,0.05520366599967019,0.019000648799267827,622.6132598544082,complete,complete
2035,992,0.3,minimum_norm,18574.87419849902,506744.03155989846,False,1146978304,0.0070565830001214636,False,1,992,0.007331540999985009,0.96875,0.04439914736339655,1.474889787104672,20.56756228868699,4.058767544903161e-05,complete,0.1405644590004158,0.16406083299989405,1024,0.0021243162930719393,2.175299884105666,0.07920876140012287,81.10977167372582,4096,63.85871449098373,261565.29455506935,63.70783862250458,260947.30699777877,32768,54.038901477346315,1770746.723609684,0.05520366599967019,53.97399512204534,1768619.8721591816,complete,complete
2035,992,0.3,ridge,14.125852158486643,506744.03155989846,False,1146978304,0.0070565830001214636,False,1,992,0.007331540999985009,0.96875,0.250407652121947,8.318260837414103,20.56756228868699,4.058767544903161e-05,complete,0.1405644590004158,0.16406083299989405,1024,0.06757174156177458,69.19346335925717,0.019197748874050465,19.658494847027676,4096,0.12355109785440987,506.06529681166285,0.03287777764085699,134.66737721695023,32768,0.12492027176384154,4093.3874651575597,0.05520366599967019,0.03257000904425349,1067.2540563620983,complete,complete
2035,1023,0.0,minimum_norm,1202.4329228449772,6335374.783668623,False,1147027456,0.0074208330001965805,False,0,1023,0.008887457999662729,0.9990234375,0.00022666425420577864,0.007382857862077544,20.592642151603513,3.2504220910004223e-06,complete,0.16633383300040805,0.1923520830000598,1024,5.322909200355497e-08,5.4506590211640286e-05,5.322909200355497e-08,5.4506590211640286e-05,4096,0.28960807392770804,1186.2346708078921,0.28960807392770804,1186.2346708078921,32768,0.27223529194079205,8920.606046315874,0.0675727090001601,0.27223529194079205,8920.606046315874,complete,complete
2035,1023,0.0,ridge,12.301042635331493,6335374.783668623,False,1147027456,0.0074208330001965805,False,0,1023,0.008887457999662729,0.9990234375,0.08418963711075104,2.7422062046196145,20.592642151603513,3.2504220910004223e-06,complete,0.16633383300040805,0.1923520830000598,1024,0.007343452020170232,7.519694868654318,0.007343452020170232,7.519694868654318,4096,0.019687858497302715,80.64146840495192,0.019687858497302715,80.64146840495192,32768,0.018859432875708383,617.9858964712123,0.0675727090001601,0.018859432875708383,617.9858964712123,complete,complete
2035,1023,0.3,minimum_norm,67140.73591191323,6335374.783668623,False,1147027456,0.0074208330001965805,False,1,1023,0.008887457999662729,0.9990234375,0.008181396811011534,0.27177680918169195,20.592642151603513,3.2504220910004223e-06,complete,0.16633383300040805,0.1923520830000598,1024,7.213147852439626e-05,0.07386263400898177,0.08122516308530264,83.1745669993499,4096,1037.3097743102282,4248820.835574695,1037.1718410971205,4248255.8611338055,32768,948.6193388197994,31084358.494447187,0.0675727090001601,948.5067101118892,31080667.876946386,complete,complete
2035,1023,0.3,ridge,14.102303380588777,6335374.783668623,False,1147027456,0.0074208330001965805,False,1,1023,0.008887457999662729,0.9990234375,0.2502233428604395,8.31213829084263,20.592642151603513,3.2504220910004223e-06,complete,0.16633383300040805,0.1923520830000598,1024,0.06747230758407445,69.09164296609224,0.01928428070981186,19.747103446847344,4096,0.12399225577316883,507.8722796468995,0.03344500882041518,136.99075612842057,32768,0.12513255139746224,4100.343444192043,0.0675727090001601,0.0327238254966698,1072.294313874876,complete,complete
2035,1024,0.0,minimum_norm,35255.447710495035,98420537.46514791,False,1147043840,0.007089249999808089,True,0,1024,0.00787508399980652,1.0,1.5266997543277074e-12,4.9727326100732885e-11,20.582743454656324,2.0913057360558473e-07,complete,0.16347774999985631,0.18843433300025936,1024,2.4148505479771776e-24,2.47280696112863e-21,2.4148505479771776e-24,2.47280696112863e-21,4096,265.93481197556906,1089268.9898519309,265.93481197556906,1089268.9898519309,32768,295.032658038098,9667630.138592396,0.05821525000010297,295.032658038098,9667630.138592396,complete,complete
2035,1024,0.0,ridge,12.281430579682311,98420537.46514791,False,1147043840,0.007089249999808089,False,0,1024,0.00787508399980652,1.0,0.08398771931590686,2.735629382948362,20.582743454656324,2.0913057360558473e-07,complete,0.16347774999985631,0.18843433300025936,1024,0.007308269649268006,7.483668120850438,0.007308269649268006,7.483668120850438,4096,0.0195896906910527,80.23937307055186,0.0195896906910527,80.23937307055186,32768,0.01878083100097642,615.4102702399954,0.05821525000010297,0.01878083100097642,615.4102702399954,complete,complete
2035,1024,0.3,minimum_norm,1315499.112137737,98420537.46514791,False,1147043840,0.007089249999808089,True,1,1024,0.00787508399980652,1.0,5.5777357909009196e-11,1.8528611565072705e-09,20.582743454656324,2.0913057360558473e-07,complete,0.16347774999985631,0.18843433300025936,1024,3.3526313137631464e-21,3.433094465293462e-18,0.08129337563748684,83.24441665278653,4096,373818.10706687515,1531158966.5459206,373815.4342724791,1531148018.7800744,32768,412974.8583625889,13532360158.825314,0.05821525000010297,412976.8374502482,13532425009.569733,complete,complete
2035,1024,0.3,ridge,14.078265434679865,98420537.46514791,False,1147043840,0.007089249999808089,False,1,1024,0.00787508399980652,1.0,0.25010023684494564,8.308048847333794,20.582743454656324,2.0913057360558473e-07,complete,0.16347774999985631,0.18843433300025936,1024,0.06740593325164487,69.02367564968435,0.019270079121460865,19.732561020375925,4096,0.12385477426878906,507.30915540496,0.033356573839892836,136.62852644820106,32768,0.12508997349564346,4098.948251505245,0.05821525000010297,0.032672261951486994,1070.6046796263258,complete,complete
2035,1025,0.0,minimum_norm,3523.7084340389315,9501418.421278352,False,1147060224,0.007277582999904553,True,0,1024,0.009237959000074625,1.0009765625,1.2905009341424163e-13,4.20339104683091e-12,20.603063907812878,2.168419807896522e-06,complete,0.17616970800008858,0.20230033300003925,1024,1.7254390910720944e-26,1.7668496292578247e-23,1.7254390910720944e-26,1.7668496292578247e-23,4096,2.980492708635028,12208.098134569074,2.980492708635028,12208.098134569074,32768,2.882953927392526,94468.63429279829,0.06961508299991692,2.882953927392526,94468.63429279829,complete,complete
2035,1025,0.0,ridge,12.284845655739213,9501418.421278352,False,1147060224,0.007277582999904553,False,0,1024,0.009237959000074625,1.0009765625,0.08402354649801119,2.7367963379850173,20.603063907812878,2.168419807896522e-06,complete,0.17616970800008858,0.20230033300003925,1024,0.007314506050398626,7.490054195608193,0.007314506050398626,7.490054195608193,4096,0.019599174181090397,80.27821744574626,0.019599174181090397,80.27821744574626,32768,0.01879023861109766,615.7185388084481,0.06961508299991692,0.01879023861109766,615.7185388084481,complete,complete
2035,1025,0.3,minimum_norm,149205.92956735296,9501418.421278352,False,1147060224,0.007277582999904553,True,1,1024,0.009237959000074625,1.0009765625,6.179954119969127e-12,2.0529113187052486e-10,20.603063907812878,2.168419807896522e-06,complete,0.17616970800008858,0.20230033300003925,1024,4.1156688305352763e-23,4.214444882468123e-20,0.08129337563887948,83.24441665421259,4096,5881.883579796649,24092195.142847076,5881.44581068672,24090402.040572803,32768,5524.386663630992,181023102.19386035,0.06961508299991692,5524.19023618664,181016665.6593638,complete,complete
2035,1025,0.3,ridge,14.08185023197507,9501418.421278352,False,1147060224,0.007277582999904553,False,1,1024,0.009237959000074625,1.0009765625,0.25011277935142145,8.308465495305757,20.603063907812878,2.168419807896522e-06,complete,0.17616970800008858,0.20230033300003925,1024,0.06741269422527954,69.03059888668625,0.019271495271951926,19.734011158478772,4096,0.12385617640594729,507.3148985587601,0.03335817820342919,136.63509792124597,32768,0.1250861973089838,4098.824513420781,0.06961508299991692,0.032669911335690444,1070.5276546479045,complete,complete
2035,1056,0.0,minimum_norm,410.54525293890475,637817.3911108552,False,1147092992,0.007190041999820096,True,0,1024,0.008041540999784047,1.03125,1.9330733332563855e-14,6.296363626638623e-13,20.577717548038017,3.2262710040249636e-05,complete,0.18268904199976532,0.20816149999973277,1024,3.8715034100447144e-28,3.9644194918857876e-25,3.8715034100447144e-28,3.9644194918857876e-25,4096,0.04419084231012079,181.00569010225476,0.04419084231012079,181.00569010225476,32768,0.04729840016313158,1549.8739765454957,0.05860325000003286,0.04729840016313158,1549.8739765454957,complete,complete
2035,1056,0.0,ridge,12.375617893563557,637817.3911108552,False,1147092992,0.007190041999820096,False,0,1024,0.008041540999784047,1.03125,0.08393371480241371,2.733870359901576,20.577717548038017,3.2262710040249636e-05,complete,0.18268904199976532,0.20816149999973277,1024,0.0072988741647933356,7.474047144748376,0.0072988741647933356,7.474047144748376,4096,0.019806398872048395,81.12700977991022,0.019806398872048395,81.12700977991022,32768,0.018922100258628425,620.0393812747362,0.05860325000003286,0.018922100258628425,620.0393812747362,complete,complete
2035,1056,0.3,minimum_norm,23135.722495659196,637817.3911108552,False,1147092992,0.007190041999820096,True,1,1024,0.008041540999784047,1.03125,1.0500754799283042e-12,3.488232754469755e-11,20.577717548038017,3.2262710040249636e-05,complete,0.18268904199976532,0.20816149999973277,1024,1.1882585692730129e-24,1.2167767749355652e-21,0.08129337563891445,83.2444166542484,4096,106.83169156912598,437582.60866714,106.81578985109266,437517.47523007554,32768,105.15844748433841,3445832.007166801,0.05860325000003286,105.13550567040178,3445080.2498077257,complete,complete
2035,1056,0.3,ridge,14.178824901731181,637817.3911108552,False,1147092992,0.007190041999820096,False,1,1024,0.008041540999784047,1.03125,0.2500201073277734,8.30538703480943,20.577717548038017,3.2262710040249636e-05,complete,0.18268904199976532,0.20816149999973277,1024,0.06736274784959048,68.97945379798065,0.019160794211260518,19.62065327233077,4096,0.12415804927249091,508.5513698201228,0.03351785050345631,137.28911566215706,32768,0.12517184054290365,4101.630870909867,0.05860325000003286,0.03274262896671048,1072.910465981169,complete,complete
2035,1088,0.0,minimum_norm,286.6318851668742,346875.020540581,False,1147092992,0.007170542000039859,True,0,1024,0.008292083000014827,1.0625,1.470106542914921e-14,4.788398455893077e-13,20.63856634337986,5.949856611530016e-05,complete,0.18987187499988067,0.2150671669996882,1024,2.23913669652336e-28,2.2928759772399206e-25,2.23913669652336e-28,2.2928759772399206e-25,4096,0.022846013900172324,93.57727293510584,0.022846013900172324,93.57727293510584,32768,0.024826193021509752,813.5046929288316,0.061590667000018584,0.024826193021509752,813.5046929288316,complete,complete
2035,1088,0.0,ridge,12.34521665380513,346875.020540581,False,1147092992,0.007170542000039859,False,0,1024,0.008292083000014827,1.0625,0.08299223996213123,2.703204850022734,20.63856634337986,5.949856611530016e-05,complete,0.18987187499988067,0.2150671669996882,1024,0.007136051231627373,7.30731646118643,0.007136051231627373,7.30731646118643,4096,0.019523809492133934,79.9695236797806,0.019523809492133934,79.9695236797806,32768,0.018562256415702576,608.248018229742,0.061590667000018584,0.018562256415702576,608.248018229742,complete,complete
2035,1088,0.3,minimum_norm,14409.34895892947,346875.020540581,False,1147092992,0.007170542000039859,True,1,1024,0.008292083000014827,1.0625,5.386561031027206e-13,1.7893550493781993e-11,20.63856634337986,5.949856611530016e-05,complete,0.18987187499988067,0.2150671669996882,1024,3.126749504624275e-25,3.2017914927352577e-22,0.08129337563891996,83.24441665425404,4096,81.81062084945538,335096.3029993692,81.66535069284242,334501.27643788257,32768,74.31927035197975,2435293.8508936726,0.061590667000018584,74.26578526782112,2433541.2516559623,complete,complete
2035,1088,0.3,ridge,14.094711687079487,346875.020540581,False,1147092992,0.007170542000039859,False,1,1024,0.008292083000014827,1.0625,0.24925580728915528,8.279997846318595,20.63856634337986,5.949856611530016e-05,complete,0.18987187499988067,0.2150671669996882,1024,0.0669515276709381,68.55836433504061,0.0192350467003492,19.69668782115758,4096,0.12455721442013327,510.1863502648659,0.03367029367150699,137.91352287849264,32768,0.1252518816393113,4104.253657556953,0.061590667000018584,0.032730620634697546,1072.5169769577692,complete,complete
2035,1152,0.0,minimum_norm,186.23993893298146,211223.49376496678,False,1147109376,0.007097915999565885,True,0,1024,0.008810541000002559,1.125,1.7711276030556182e-14,5.768877582739892e-13,20.571095137915172,9.739018501798432e-05,complete,0.20018449999997756,0.2262689170001977,1024,3.2499949770155137e-28,3.327994856463886e-25,3.2499949770155137e-28,3.327994856463886e-25,4096,0.018543849794021648,75.95560875631267,0.018543849794021648,75.95560875631267,32768,0.01807661076394291,592.3343815128812,0.06439929200041661,0.01807661076394291,592.3343815128812,complete,complete
2035,1152,0.0,ridge,12.31669429719082,211223.49376496678,False,1147109376,0.007097915999565885,False,0,1024,0.008810541000002559,1.125,0.08209361074077522,2.673934898149521,20.571095137915172,9.739018501798432e-05,complete,0.20018449999997756,0.2262689170001977,1024,0.006982351405802622,7.149927839541885,0.006982351405802622,7.149927839541885,4096,0.019164346262839766,78.49716229259168,0.019164346262839766,78.49716229259168,32768,0.018217218034514746,596.9418005549792,0.06439929200041661,0.018217218034514746,596.9418005549792,complete,complete
2035,1152,0.3,minimum_norm,9292.742094102443,211223.49376496678,False,1147109376,0.007097915999565885,True,1,1024,0.008810541000002559,1.125,3.1667843277667423e-13,1.0519701706787452e-11,20.571095137915172,9.739018501798432e-05,complete,0.20018449999997756,0.2262689170001977,1024,1.0807043359354183e-25,1.1066412399978683e-22,0.08129337563891742,83.24441665425144,4096,42.49444405905295,174057.2428658809,42.40903499269038,173707.4073300598,32768,42.717468841143415,1399766.0189865874,0.06439929200041661,42.684373066194574,1398681.5366330638,complete,complete
2035,1152,0.3,ridge,14.122579878215566,211223.49376496678,False,1147109376,0.007097915999565885,False,1,1024,0.008810541000002559,1.125,0.2484857753804949,8.254418251545472,20.571095137915172,9.739018501798432e-05,complete,0.20018449999997756,0.2262689170001977,1024,0.06653849674946,68.13542067144704,0.01930636430630485,19.769717049656165,4096,0.12441368042169372,509.5984350072575,0.033342658038145186,136.57152732424268,32768,0.12502150885050173,4096.704802013241,0.06439929200041661,0.032476611329604416,1064.1936000484775,complete,complete
2035,1280,0.0,minimum_norm,108.86714202618118,122612.56863111028,False,1147158528,0.007600749999710388,True,0,1024,0.00978620800015051,1.25,9.165810842579785e-15,2.9854675973751566e-13,20.503925642452266,0.00016722531687709738,complete,0.2259543330001179,0.2539615830000912,1024,8.704117944313468e-29,8.913016774976991e-26,8.704117944313468e-29,8.913016774976991e-26,4096,0.00747020918096904,30.59797680524919,0.00747020918096904,30.59797680524919,32768,0.007358873284463801,241.13555978530982,0.07296499999984007,0.007358873284463801,241.13555978530982,complete,complete
2035,1280,0.0,ridge,12.04615620371072,122612.56863111028,False,1147158528,0.007600749999710388,False,0,1024,0.00978620800015051,1.25,0.07585034308376387,2.4705805674539776,20.503925642452266,0.00016722531687709738,complete,0.2259543330001179,0.2539615830000912,1024,0.005960711269805874,6.103768340281215,0.005960711269805874,6.103768340281215,4096,0.01725522201798908,70.67738938568327,0.01725522201798908,70.67738938568327,32768,0.016149943717566263,529.2013557372113,0.07296499999984007,0.016149943717566263,529.2013557372113,complete,complete
2035,1280,0.3,minimum_norm,5790.749455781124,122612.56863111028,False,1147158528,0.007600749999710388,True,1,1024,0.00978620800015051,1.25,2.1782817854351303e-13,7.236007332480967e-12,20.503925642452266,0.00016722531687709738,complete,0.2259543330001179,0.2539615830000912,1024,5.1132619253631174e-26,5.235980211571832e-23,0.08129337563892215,83.24441665425628,4096,24.713793698949992,101227.69899089917,24.65158895560765,100972.90836216894,32768,26.134324080914844,856369.5314834176,0.07296499999984007,26.075448141404273,854440.2846975352,complete,complete
2035,1280,0.3,ridge,13.899631905748494,122612.56863111028,False,1147158528,0.007600749999710388,False,1,1024,0.00978620800015051,1.25,0.24481159618457954,8.132366147082863,20.503925642452266,0.00016722531687709738,complete,0.2259543330001179,0.2539615830000912,1024,0.06458533120138607,66.13537915021934,0.018518190854360995,18.96262743486566,4096,0.1226881563038322,502.5306882204967,0.03147617735921454,128.92642246334276,32768,0.12293926993009716,4028.4739970694236,0.07296499999984007,0.030410530865368122,996.4922753963826,complete,complete
2035,1536,0.0,minimum_norm,76.63315382397795,75080.82817263698,False,1147158528,0.00817800000004354,True,0,1024,0.011929916000099183,1.5,7.921760353885397e-15,2.5802582288551237e-13,20.68023194591688,0.0002754395822375031,complete,0.2700955000000249,0.3017567079996297,1024,6.50169192145955e-29,6.657732527574579e-26,6.50169192145955e-29,6.657732527574579e-26,4096,0.005563578915899764,22.78841923952543,0.005563578915899764,22.78841923952543,32768,0.005387474649725021,176.53676932218949,0.09024554200004786,0.005387474649725021,176.53676932218949,complete,complete
2035,1536,0.0,ridge,12.005174260219546,75080.82817263698,False,1147158528,0.00817800000004354,False,0,1024,0.011929916000099183,1.5,0.07365729699784913,2.399149156294656,20.68023194591688,0.0002754395822375031,complete,0.2700955000000249,0.3017567079996297,1024,0.005621012377098989,5.755916674149365,0.005621012377098989,5.755916674149365,4096,0.01701804238711247,69.70590161761268,0.01701804238711247,69.70590161761268,32768,0.015783976400844002,517.2093387028563,0.09024554200004786,0.015783976400844002,517.2093387028563,complete,complete
2035,1536,0.3,minimum_norm,3361.9145969266983,75080.82817263698,False,1147158528,0.00817800000004354,True,1,1024,0.011929916000099183,1.5,1.7659164476387061e-13,5.866176015014453e-12,20.68023194591688,0.0002754395822375031,complete,0.2700955000000249,0.3017567079996297,1024,3.3605489296026215e-26,3.4412021039130844e-23,0.0812933756389243,83.24441665425849,4096,14.6203130147411,59884.80210837955,14.50031687680002,59393.297927372885,32768,15.950694347491034,522672.3523785862,0.09024554200004786,15.866936137613015,519927.7633573033,complete,complete
2035,1536,0.3,ridge,13.947542597407274,75080.82817263698,False,1147158528,0.00817800000004354,False,1,1024,0.011929916000099183,1.5,0.24359642628711067,8.091999568492856,20.68023194591688,0.0002754395822375031,complete,0.2700955000000249,0.3017567079996297,1024,0.06394575880516465,65.4804570164886,0.01814387420864561,18.579327189653103,4096,0.12245899145101935,501.59202898337526,0.03129787273656339,128.19608672896365,32768,0.12261846700443939,4017.96192680147,0.09024554200004786,0.030149484027265066,987.9382926054217,complete,complete
2035,2048,0.0,minimum_norm,55.60819715872023,46816.82075831131,False,994361344,0.009427791999769397,True,0,1024,0.019179875000190805,2.0,4.618508006428015e-15,1.5043301938279713e-13,20.827289658443174,0.00044486766339736427,complete,0.3463392919998114,0.38849662499978876,1024,2.2099700508422866e-29,2.2630093320625015e-26,2.2099700508422866e-29,2.2630093320625015e-26,4096,0.004348200498020188,17.81022923989069,0.004348200498020188,17.81022923989069,32768,0.004102945230924476,134.44530932693323,0.12714612499985378,0.004102945230924476,134.44530932693323,complete,complete
2035,2048,0.0,ridge,12.269631123486127,46816.82075831131,False,994361344,0.009427791999769397,False,0,1024,0.019179875000190805,2.0,0.07481452651823498,2.436842179805334,20.827289658443174,0.00044486766339736427,complete,0.3463392919998114,0.38849662499978876,1024,0.00579902325124846,5.938199809278423,0.00579902325124846,5.938199809278423,4096,0.01801340296092422,73.7828985279456,0.01801340296092422,73.7828985279456,32768,0.01686163574700332,552.5220801578048,0.12714612499985378,0.01686163574700332,552.5220801578048,complete,complete
2035,2048,0.3,minimum_norm,2328.4834459146086,46816.82075831131,False,994361344,0.009427791999769397,True,1,1024,0.019179875000190805,2.0,1.1017475956336524e-13,3.659881716798113e-12,20.827289658443174,0.00044486766339736427,complete,0.3463392919998114,0.38849662499978876,1024,1.3080795098587015e-26,1.3394734180953103e-23,0.08129337563892436,83.24441665425854,4096,10.952889906403474,44863.03705662863,10.847004591252405,44429.33080576985,32768,11.376442599812982,372783.2711106718,0.12714612499985378,11.287591792042662,369871.80784165394,complete,complete
2035,2048,0.3,ridge,14.283318923445586,46816.82075831131,False,994361344,0.009427791999769397,False,1,1024,0.019179875000190805,2.0,0.24245870656548416,8.054205797718827,20.827289658443174,0.00044486766339736427,complete,0.3463392919998114,0.38849662499978876,1024,0.06334983499219482,64.8702310320075,0.01841637368475746,18.858366653191638,4096,0.12274954753225976,502.782146692136,0.03142829733612967,128.73030588878711,32768,0.12301350332507278,4030.906476955985,0.12714612499985378,0.030573221875999996,1001.8233344327679,complete,complete
2035,3072,0.0,minimum_norm,41.521387172776954,30947.305295697828,False,994361344,0.010493124999811698,True,0,1024,0.020338416999948095,3.0,1.1981267998757822e-14,3.9025120635908436e-13,20.898257170350288,0.000675285197553387,complete,0.5146266659999128,0.5633186250001927,1024,1.4872656646945374e-28,1.5229600406472063e-25,1.4872656646945374e-28,1.5229600406472063e-25,4096,0.003544597140688148,14.518669888258653,0.003544597140688148,14.518669888258653,32768,0.0035068453781448954,114.91230935105193,0.15810879199989358,0.0035068453781448954,114.91230935105193,complete,complete
2035,3072,0.0,ridge,12.353548333583753,30947.305295697828,False,994361344,0.010493124999811698,False,0,1024,0.020338416999948095,3.0,0.0720720931764034,2.347516248683511,20.898257170350288,0.000675285197553387,complete,0.5146266659999128,0.5633186250001927,1024,0.005381672400227631,5.510832537833094,0.005381672400227631,5.510832537833094,4096,0.017015804010645716,69.69673322760485,0.017015804010645716,69.69673322760485,32768,0.016003166253349858,524.3917517897681,0.15810879199989358,0.016003166253349858,524.3917517897681,complete,complete
2035,3072,0.3,minimum_norm,1606.5546042895967,30947.305295697828,False,994361344,0.010493124999811698,True,1,1024,0.020338416999948095,3.0,9.088572356626484e-14,3.0191216147545368e-12,20.898257170350288,0.000675285197553387,complete,0.5146266659999128,0.5633186250001927,1024,8.9014602780059e-27,9.115095324678041e-24,0.08129337563892675,83.24441665426099,4096,8.608936453087317,35262.20371184565,8.537625337720023,34970.11338330121,32768,8.249422984910957,270317.09236956225,0.15810879199989358,8.155040861302332,267224.3789431548,complete,complete
2035,3072,0.3,ridge,14.467106122200898,30947.305295697828,False,994361344,0.010493124999811698,False,1,1024,0.020338416999948095,3.0,0.2397025748578121,7.9626501992680305,20.898257170350288,0.000675285197553387,complete,0.5146266659999128,0.5633186250001927,1024,0.06191777167568676,63.40379819590324,0.018255389309971566,18.693518653410884,4096,0.12170079096107218,498.48643977655166,0.0306175544065396,125.4095028491862,32768,0.12283240168783383,4024.972138506939,0.15810879199989358,0.03026094023447458,991.590489603263,complete,complete
2035,4096,0.0,minimum_norm,36.727820571838606,25787.153289573766,False,1027915776,0.011985749999894324,True,0,1024,0.029309166000075493,4.0,1.1196832287516268e-14,3.6470074019349144e-13,20.914683583273177,0.0008110505005501859,complete,0.6775885829997605,0.7448285840000608,1024,1.2988928700945367e-28,1.3300662989768056e-25,1.2988928700945367e-28,1.3300662989768056e-25,4096,0.0035924372477109017,14.714622966623853,0.0035924372477109017,14.714622966623853,32768,0.0033799550480624906,110.7543670149117,0.21316916699970534,0.0033799550480624906,110.7543670149117,complete,complete
2035,4096,0.0,ridge,12.47507484891033,25787.153289573766,False,1027915776,0.011985749999894324,False,0,1024,0.029309166000075493,4.0,0.07216539461084855,2.3505552423318483,20.914683583273177,0.0008110505005501859,complete,0.6775885829997605,0.7448285840000608,1024,0.005395615182864979,5.525109947253738,0.005395615182864979,5.525109947253738,4096,0.01700944181523904,69.6706736752191,0.01700944181523904,69.6706736752191,32768,0.015846204485173834,519.2484285701762,0.21316916699970534,0.015846204485173834,519.2484285701762,complete,complete
2035,4096,0.3,minimum_norm,1311.4067572727151,25787.153289573766,False,1027915776,0.011985749999894324,True,1,1024,0.029309166000075493,4.0,6.473021052071644e-14,2.1502648605555695e-12,20.914683583273177,0.0008110505005501859,complete,0.6775885829997605,0.7448285840000608,1024,4.5152724321680305e-27,4.623638970540063e-24,0.08129337563892608,83.2444166542603,4096,7.277981942236204,29810.614035399492,7.200367771699025,29492.706392879205,32768,6.887553367347545,225691.34874124435,0.21316916699970534,6.787449523298406,222411.14597944217,complete,complete
2035,4096,0.3,ridge,14.583226664299135,25787.153289573766,False,1027915776,0.011985749999894324,False,1,1024,0.029309166000075493,4.0,0.23877232672700216,7.931748401619188,20.914683583273177,0.0008110505005501859,complete,0.6775885829997605,0.7448285840000608,1024,0.061438117877527926,62.912632706588596,0.018542387994927904,18.987405306806174,4096,0.12133996998294425,497.00851705013963,0.030478336389055463,124.83926584957118,32768,0.12245616592104179,4012.6436449006974,0.21316916699970534,0.030013538505408378,983.4836297452217,complete,complete
2035,8192,0.0,minimum_norm,26.870262965843686,18578.26622212916,False,1095057408,0.01924025000016627,True,0,1024,0.06113154200011195,8.0,1.171729937745571e-14,3.816532789181179e-13,20.920162221385272,0.0011260556809368253,complete,1.336701209000239,1.4665670419999515,1024,1.4224533721577214e-28,1.4565922530895068e-25,1.4224533721577214e-28,1.4565922530895068e-25,4096,0.002285485338452231,9.361347946300338,0.002285485338452231,9.361347946300338,32768,0.002096007135047588,68.68196180123937,0.43420024999977613,0.002096007135047588,68.68196180123937,complete,complete
2035,8192,0.0,ridge,12.283658770984275,18578.26622212916,False,1095057408,0.01924025000016627,False,0,1024,0.06113154200011195,8.0,0.06546505319287779,2.132313206376061,20.920162221385272,0.0011260556809368253,complete,1.336701209000239,1.4665670419999515,1024,0.004440194931724385,4.54675961008577,0.004440194931724385,4.54675961008577,4096,0.014639186896362545,59.962109527500985,0.014639186896362545,59.962109527500985,32768,0.013455896881864132,440.9228290249239,0.43420024999977613,0.013455896881864132,440.9228290249239,complete,complete
2035,8192,0.3,minimum_norm,1002.4043665018768,18578.26622212916,False,1095057408,0.01924025000016627,True,1,1024,0.06113154200011195,8.0,5.4563274563548436e-14,1.8125306719540879e-12,20.920162221385272,0.0011260556809368253,complete,1.336701209000239,1.4665670419999515,1024,3.2082689812249386e-27,3.285267436774337e-24,0.08129337563892519,83.2444166542594,4096,5.689777638057523,23305.329205483613,5.599178926069687,22934.236881181438,32768,5.249717373298408,172022.73888824222,0.43420024999977613,5.15104805143024,168789.5425492661,complete,complete
2035,8192,0.3,ridge,14.478878259557407,18578.26622212916,False,1095057408,0.01924025000016627,False,1,1024,0.06113154200011195,8.0,0.23633855528506525,7.850901248981771,20.920162221385272,0.0011260556809368253,complete,1.336701209000239,1.4665670419999515,1024,0.06019204142701512,61.63665042126348,0.017805531687267912,18.232864447762342,4096,0.11843699667449539,485.11793837873313,0.02864085435916864,117.31293945515475,32768,0.12035322139026625,3943.7343585162444,0.43420024999977613,0.027929686079905643,915.1999534663481,complete,complete
