coefficient_norm,condition_number,condition_number_is_infinite,cpu_rss_bytes,feature_seconds,interpolates,n_features,noise_index,noise_std,numerical_rank,prediction_seconds,ratio,relative_residual,residual_l2,seed,singular_max,singular_min,solver,status,svd_seconds,total_seconds,train_count,train_observed_mse,train_observed_sse,train_signal_mse,train_signal_sse,validation_count,validation_observed_mse,validation_observed_sse,validation_signal_mse,validation_signal_sse,test_count,test_observed_mse,test_observed_sse,test_prediction_seconds,test_signal_mse,test_signal_sse,status_test,fit_status
7.496939922927444,60.74622347834473,False,698138624,0.006609166000089317,False,64,0,0.0,64,0.0007843749999665306,0.0625,0.2775091874825912,9.038967762179974,2026,20.38922878098958,0.3356460305430853,cutoff_1e-10,complete,0.0025412499999220017,0.015675332999990133,1024,0.07978802559153211,81.70293820572888,0.07978802559153211,81.70293820572888,4096,0.0954314059332132,390.88703870244126,0.0954314059332132,390.88703870244126,32768,0.09689832576561774,3175.164338687762,0.008872583000083978,0.09689832576561774,3175.164338687762,complete,complete
7.360208524643703,60.74622347834473,False,698138624,0.006609166000089317,False,64,1,0.3,64,0.0007843749999665306,0.0625,0.38372702617836557,12.746980641639572,2026,20.38922878098958,0.3356460305430853,cutoff_1e-10,complete,0.0025412499999220017,0.015675332999990133,1024,0.15867726120931058,162.48551547833404,0.0865753762820142,88.65318531278254,4096,0.18957816719506865,776.5121728310012,0.09878680964445574,404.6307723036907,32768,0.19289982788514726,6320.941560140505,0.008872583000083978,0.10164852374854802,3330.8188261924215,complete,complete
7.496939922927444,60.74622347834473,False,698138624,0.006609166000089317,False,64,0,0.0,64,0.0007843749999665306,0.0625,0.2775091874825912,9.038967762179974,2026,20.38922878098958,0.3356460305430853,cutoff_1e-14,complete,0.0025412499999220017,0.015675332999990133,1024,0.07978802559153211,81.70293820572888,0.07978802559153211,81.70293820572888,4096,0.0954314059332132,390.88703870244126,0.0954314059332132,390.88703870244126,32768,0.09689832576561774,3175.164338687762,0.008872583000083978,0.09689832576561774,3175.164338687762,complete,complete
7.360208524643703,60.74622347834473,False,698138624,0.006609166000089317,False,64,1,0.3,64,0.0007843749999665306,0.0625,0.38372702617836557,12.746980641639572,2026,20.38922878098958,0.3356460305430853,cutoff_1e-14,complete,0.0025412499999220017,0.015675332999990133,1024,0.15867726120931058,162.48551547833404,0.0865753762820142,88.65318531278254,4096,0.18957816719506865,776.5121728310012,0.09878680964445574,404.6307723036907,32768,0.19289982788514726,6320.941560140505,0.008872583000083978,0.10164852374854802,3330.8188261924215,complete,complete
19.08402395257027,157.08739519423955,False,698155008,0.004913917000067158,False,128,0,0.0,128,0.0011678749999646243,0.125,0.19478766381661733,6.344580623368393,2026,20.82109355642245,0.13254464835117444,cutoff_1e-10,complete,0.006729541999902722,0.01832916699981979,1024,0.03931025711564615,40.253703286421654,0.03931025711564615,40.253703286421654,4096,0.0735428989416468,301.2317140649853,0.0735428989416468,301.2317140649853,32768,0.07054758525550531,2311.703273652398,0.011099207999905047,0.07054758525550531,2311.703273652398,complete,complete
20.788607086289932,157.08739519423955,False,698155008,0.004913917000067158,False,128,1,0.3,128,0.0011678749999646243,0.125,0.3287278981505212,10.91997140734052,2026,20.82109355642245,0.13254464835117444,cutoff_1e-10,complete,0.006729541999902722,0.01832916699981979,1024,0.11645095267298289,119.24577553713448,0.05058582001751602,51.799879697936404,4096,0.1769512261279109,724.792222219923,0.08527456984988735,349.2846381051386,32768,0.1735890312053674,5688.165374537479,0.011099207999905047,0.0824530160461478,2701.820429800171,complete,complete
19.08402395257027,157.08739519423955,False,698155008,0.004913917000067158,False,128,0,0.0,128,0.0011678749999646243,0.125,0.19478766381661733,6.344580623368393,2026,20.82109355642245,0.13254464835117444,cutoff_1e-14,complete,0.006729541999902722,0.01832916699981979,1024,0.03931025711564615,40.253703286421654,0.03931025711564615,40.253703286421654,4096,0.0735428989416468,301.2317140649853,0.0735428989416468,301.2317140649853,32768,0.07054758525550531,2311.703273652398,0.011099207999905047,0.07054758525550531,2311.703273652398,complete,complete
20.788607086289932,157.08739519423955,False,698155008,0.004913917000067158,False,128,1,0.3,128,0.0011678749999646243,0.125,0.3287278981505212,10.91997140734052,2026,20.82109355642245,0.13254464835117444,cutoff_1e-14,complete,0.006729541999902722,0.01832916699981979,1024,0.11645095267298289,119.24577553713448,0.05058582001751602,51.799879697936404,4096,0.1769512261279109,724.792222219923,0.08527456984988735,349.2846381051386,32768,0.1735890312053674,5688.165374537479,0.011099207999905047,0.0824530160461478,2701.820429800171,complete,complete
48.87066670772377,813.2285473002961,False,306298880,0.007933249999950931,False,256,0,0.0,256,0.0025638749998506682,0.25,0.09994312613104027,3.2553253582158654,2026,20.311121326163477,0.024975907933373752,cutoff_1e-10,complete,0.02642037500004335,0.043742625000049884,1024,0.010348772644378161,10.597143187843237,0.010348772644378161,10.597143187843237,4096,0.04369360793725458,178.96901811099477,0.04369360793725458,178.96901811099477,32768,0.04080552936275736,1337.1155861588331,0.018133042000044952,0.04080552936275736,1337.1155861588331,complete,complete
67.52928785161129,813.2285473002961,False,306298880,0.007933249999950931,False,256,1,0.3,256,0.0025638749998506682,0.25,0.25586417458136135,8.499520382392038,2026,20.311121326163477,0.024975907933373752,cutoff_1e-10,complete,0.02642037500004335,0.043742625000049884,1024,0.07054867844794702,72.24184673069774,0.032676221496685004,33.460450812605444,4096,0.17341212094721498,710.2960473997925,0.08636705897794149,353.75947357364834,32768,0.17887248793416768,5861.293684626807,0.018133042000044952,0.08745937027332777,2865.8686451164044,complete,complete
48.87066670772377,813.2285473002961,False,306298880,0.007933249999950931,False,256,0,0.0,256,0.0025638749998506682,0.25,0.09994312613104027,3.2553253582158654,2026,20.311121326163477,0.024975907933373752,cutoff_1e-14,complete,0.02642037500004335,0.043742625000049884,1024,0.010348772644378161,10.597143187843237,0.010348772644378161,10.597143187843237,4096,0.04369360793725458,178.96901811099477,0.04369360793725458,178.96901811099477,32768,0.04080552936275736,1337.1155861588331,0.018133042000044952,0.04080552936275736,1337.1155861588331,complete,complete
67.52928785161129,813.2285473002961,False,306298880,0.007933249999950931,False,256,1,0.3,256,0.0025638749998506682,0.25,0.25586417458136135,8.499520382392038,2026,20.311121326163477,0.024975907933373752,cutoff_1e-14,complete,0.02642037500004335,0.043742625000049884,1024,0.07054867844794702,72.24184673069774,0.032676221496685004,33.460450812605444,4096,0.17341212094721498,710.2960473997925,0.08636705897794149,353.75947357364834,32768,0.17887248793416768,5861.293684626807,0.018133042000044952,0.08745937027332777,2865.8686451164044,complete,complete
71.01481554883682,2367.4468033556227,False,714063872,0.00670945899992148,False,384,0,0.0,384,0.003525750000108019,0.375,0.05100513667891239,1.661328009816591,2026,20.49235888386852,0.008655889904188183,cutoff_1e-10,complete,0.029607790999989447,0.04679929200005972,1024,0.002695323004102686,2.7600107562011504,0.002695323004102686,2.7600107562011504,4096,0.026651040016936457,109.16265990937173,0.026651040016936457,109.16265990937173,32768,0.022675883924637645,743.0433644425264,0.023919999999634456,0.022675883924637645,743.0433644425264,complete,complete
137.58628993595386,2367.4468033556227,False,714063872,0.00670945899992148,False,384,1,0.3,384,0.003525750000108019,0.375,0.2194965566851772,7.291428979703809,2026,20.49235888386852,0.008655889904188183,cutoff_1e-10,complete,0.029607790999989447,0.04679929200005972,1024,0.05191888336529729,53.164936566064426,0.03422731771035335,35.04877333540183,4096,0.20140163524565538,824.9410979662044,0.11161999777117038,457.19551087071386,32768,0.2060656251531009,6752.35840501681,0.023919999999634456,0.11335088946375474,3714.2819459483153,complete,complete
71.01481554883682,2367.4468033556227,False,714063872,0.00670945899992148,False,384,0,0.0,384,0.003525750000108019,0.375,0.05100513667891239,1.661328009816591,2026,20.49235888386852,0.008655889904188183,cutoff_1e-14,complete,0.029607790999989447,0.04679929200005972,1024,0.002695323004102686,2.7600107562011504,0.002695323004102686,2.7600107562011504,4096,0.026651040016936457,109.16265990937173,0.026651040016936457,109.16265990937173,32768,0.022675883924637645,743.0433644425264,0.023919999999634456,0.022675883924637645,743.0433644425264,complete,complete
137.58628993595386,2367.4468033556227,False,714063872,0.00670945899992148,False,384,1,0.3,384,0.003525750000108019,0.375,0.2194965566851772,7.291428979703809,2026,20.49235888386852,0.008655889904188183,cutoff_1e-14,complete,0.029607790999989447,0.04679929200005972,1024,0.05191888336529729,53.164936566064426,0.03422731771035335,35.04877333540183,4096,0.20140163524565538,824.9410979662044,0.11161999777117038,457.19551087071386,32768,0.2060656251531009,6752.35840501681,0.023919999999634456,0.11335088946375474,3714.2819459483153,complete,complete
98.46051436395186,6600.641931797886,False,735117312,0.0062105829999836715,False,512,0,0.0,512,0.004618041000185258,0.5,0.027703659814938192,0.9023574687138461,2026,20.636132180782447,0.0031263826146014813,cutoff_1e-10,complete,0.05132299999991119,0.06891770799984442,1024,0.0007951650403746667,0.8142490013436587,0.0007951650403746667,0.8142490013436587,4096,0.019435040415361565,79.60592554132097,0.019435040415361565,79.60592554132097,32768,0.01689449445324367,553.5987942438886,0.03128637499958131,0.01689449445324367,553.5987942438886,complete,complete
384.1026096635518,6600.641931797886,False,735117312,0.0062105829999836715,False,512,1,0.3,512,0.004618041000185258,0.5,0.18550552262930875,6.162285021784967,2026,20.636132180782447,0.0031263826146014813,cutoff_1e-10,complete,0.05132299999991119,0.06891770799984442,1024,0.03708374676730007,37.97375668971527,0.04533772614115704,46.42583156854481,4096,0.3709892961321718,1519.5721569573757,0.2882069344934389,1180.4956036851258,32768,0.3701485393247268,12129.027336592648,0.03128637499958131,0.27785099972625393,9104.621559029889,complete,complete
98.46051436395186,6600.641931797886,False,735117312,0.0062105829999836715,False,512,0,0.0,512,0.004618041000185258,0.5,0.027703659814938192,0.9023574687138461,2026,20.636132180782447,0.0031263826146014813,cutoff_1e-14,complete,0.05132299999991119,0.06891770799984442,1024,0.0007951650403746667,0.8142490013436587,0.0007951650403746667,0.8142490013436587,4096,0.019435040415361565,79.60592554132097,0.019435040415361565,79.60592554132097,32768,0.01689449445324367,553.5987942438886,0.03128637499958131,0.01689449445324367,553.5987942438886,complete,complete
384.1026096635518,6600.641931797886,False,735117312,0.0062105829999836715,False,512,1,0.3,512,0.004618041000185258,0.5,0.18550552262930875,6.162285021784967,2026,20.636132180782447,0.0031263826146014813,cutoff_1e-14,complete,0.05132299999991119,0.06891770799984442,1024,0.03708374676730007,37.97375668971527,0.04533772614115704,46.42583156854481,4096,0.3709892961321718,1519.5721569573757,0.2882069344934389,1180.4956036851258,32768,0.3701485393247268,12129.027336592648,0.03128637499958131,0.27785099972625393,9104.621559029889,complete,complete
153.68069890424022,40136.077173763966,False,735232000,0.006110874999876614,False,768,0,0.0,768,0.005910165999921446,0.75,0.007340995494925127,0.23910927858955752,2026,20.581791942877583,0.0005128002882237686,cutoff_1e-10,complete,0.09394391699993321,0.11362212499989255,1024,5.583324912853374e-05,0.05717324710761855,5.583324912853374e-05,0.05717324710761855,4096,0.013583193647704897,55.63676118099926,0.013583193647704897,55.63676118099926,32768,0.01572816135170938,515.380391172813,0.04439979200014932,0.01572816135170938,515.380391172813,complete,complete
1706.1147897243989,40136.077173763966,False,735232000,0.006110874999876614,False,768,1,0.3,768,0.005910165999921446,0.75,0.13180730615336647,4.3784906074941174,2026,20.581791942877583,0.0005128002882237686,cutoff_1e-10,complete,0.09394391699993321,0.11362212499989255,1024,0.01872185546866622,19.17117999991421,0.06286911811679512,64.3779769515982,4096,1.9561220917334918,8012.2760877403825,1.8712281328340694,7664.550432088348,32768,1.9991964857224875,65509.67044415447,0.04439979200014932,1.9173148905701252,62826.57433420186,complete,complete
153.68069890424022,40136.077173763966,False,735232000,0.006110874999876614,False,768,0,0.0,768,0.005910165999921446,0.75,0.007340995494925127,0.23910927858955752,2026,20.581791942877583,0.0005128002882237686,cutoff_1e-14,complete,0.09394391699993321,0.11362212499989255,1024,5.583324912853374e-05,0.05717324710761855,5.583324912853374e-05,0.05717324710761855,4096,0.013583193647704897,55.63676118099926,0.013583193647704897,55.63676118099926,32768,0.01572816135170938,515.380391172813,0.04439979200014932,0.01572816135170938,515.380391172813,complete,complete
1706.1147897243989,40136.077173763966,False,735232000,0.006110874999876614,False,768,1,0.3,768,0.005910165999921446,0.75,0.13180730615336647,4.3784906074941174,2026,20.581791942877583,0.0005128002882237686,cutoff_1e-14,complete,0.09394391699993321,0.11362212499989255,1024,0.01872185546866622,19.17117999991421,0.06286911811679512,64.3779769515982,4096,1.9561220917334918,8012.2760877403825,1.8712281328340694,7664.550432088348,32768,1.9991964857224875,65509.67044415447,0.04439979200014932,1.9173148905701252,62826.57433420186,complete,complete
233.31500685942274,119014.4389694914,False,735395840,0.006301500000063243,False,896,0,0.0,896,0.006401667000091038,0.875,0.003700517951159041,0.12053245071748546,2026,20.827266796809365,0.00017499781519911465,cutoff_1e-10,complete,0.12029666699982045,0.14143016599996372,1024,1.4187569996057686e-05,0.01452807167596307,1.4187569996057686e-05,0.01452807167596307,4096,0.018970143436169744,77.70170751455127,0.018970143436169744,77.70170751455127,32768,0.01897149244732067,621.6578645138037,0.051323042000149144,0.01897149244732067,621.6578645138037,complete,complete
4156.07968944992,119014.4389694914,False,735395840,0.006301500000063243,False,896,1,0.3,896,0.006401667000091038,0.875,0.09530167526032345,3.165814568126071,2026,20.827266796809365,0.00017499781519911465,cutoff_1e-10,complete,0.12029666699982045,0.14143016599996372,1024,0.009787482304452408,10.022381879759266,0.07156602762441752,73.28361228740354,4096,7.044411507514422,28853.90953477907,6.9478042756964875,28458.206313252813,32768,6.607881861899134,216527.07285071083,0.051323042000149144,6.52687141676085,213872.52258441952,complete,complete
233.31500685942274,119014.4389694914,False,735395840,0.006301500000063243,False,896,0,0.0,896,0.006401667000091038,0.875,0.003700517951159041,0.12053245071748546,2026,20.827266796809365,0.00017499781519911465,cutoff_1e-14,complete,0.12029666699982045,0.14143016599996372,1024,1.4187569996057686e-05,0.01452807167596307,1.4187569996057686e-05,0.01452807167596307,4096,0.018970143436169744,77.70170751455127,0.018970143436169744,77.70170751455127,32768,0.01897149244732067,621.6578645138037,0.051323042000149144,0.01897149244732067,621.6578645138037,complete,complete
4156.07968944992,119014.4389694914,False,735395840,0.006301500000063243,False,896,1,0.3,896,0.006401667000091038,0.875,0.09530167526032345,3.165814568126071,2026,20.827266796809365,0.00017499781519911465,cutoff_1e-14,complete,0.12029666699982045,0.14143016599996372,1024,0.009787482304452408,10.022381879759266,0.07156602762441752,73.28361228740354,4096,7.044411507514422,28853.90953477907,6.9478042756964875,28458.206313252813,32768,6.607881861899134,216527.07285071083,0.051323042000149144,6.52687141676085,213872.52258441952,complete,complete
365.15819544723934,288166.57140277914,False,735428608,0.006767084000102841,False,960,0,0.0,960,0.007151957999894876,0.9375,0.0020469085870846787,0.06667145292963837,2026,21.022813175684867,7.295368464616476e-05,cutoff_1e-10,complete,0.12915408300000308,0.15267758300001333,1024,4.340901011473624e-06,0.004445082635748991,4.340901011473624e-06,0.004445082635748991,4096,0.026010211494403378,106.53782628107624,0.026010211494403378,106.53782628107624,32768,0.02655955162217456,870.303387555416,0.05504729199992653,0.02655955162217456,870.303387555416,complete,complete
10270.205097107806,288166.57140277914,False,735428608,0.006767084000102841,False,960,1,0.3,960,0.007151957999894876,0.9375,0.06778273728294217,2.2516663696796404,2026,21.022813175684867,7.295368464616476e-05,cutoff_1e-10,complete,0.12915408300000308,0.15267758300001333,1024,0.004951173281588175,5.070001440346291,0.07637439270023856,78.20737812504429,4096,19.19572157205707,78625.67555914576,19.136893028574814,78384.71384504244,32768,18.683174733817744,612210.2696777398,0.05504729199992653,18.601971594832804,609549.4052194813,complete,complete
365.15819544723934,288166.57140277914,False,735428608,0.006767084000102841,False,960,0,0.0,960,0.007151957999894876,0.9375,0.0020469085870846787,0.06667145292963837,2026,21.022813175684867,7.295368464616476e-05,cutoff_1e-14,complete,0.12915408300000308,0.15267758300001333,1024,4.340901011473624e-06,0.004445082635748991,4.340901011473624e-06,0.004445082635748991,4096,0.026010211494403378,106.53782628107624,0.026010211494403378,106.53782628107624,32768,0.02655955162217456,870.303387555416,0.05504729199992653,0.02655955162217456,870.303387555416,complete,complete
10270.205097107806,288166.57140277914,False,735428608,0.006767084000102841,False,960,1,0.3,960,0.007151957999894876,0.9375,0.06778273728294217,2.2516663696796404,2026,21.022813175684867,7.295368464616476e-05,cutoff_1e-14,complete,0.12915408300000308,0.15267758300001333,1024,0.004951173281588175,5.070001440346291,0.07637439270023856,78.20737812504429,4096,19.19572157205707,78625.67555914576,19.136893028574814,78384.71384504244,32768,18.683174733817744,612210.2696777398,0.05504729199992653,18.601971594832804,609549.4052194813,complete,complete
526.6041348954203,559564.9999584297,False,735444992,0.006996834000119634,False,992,0,0.0,992,0.007113875000186454,0.96875,0.0010373036900528574,0.03378682593910983,2026,20.985935763927188,3.750401788082929e-05,cutoff_1e-10,complete,0.13864804199988612,0.16199170799995954,1024,1.1147945381247097e-06,0.0011415496070397027,1.1147945381247097e-06,0.0011415496070397027,4096,0.054787742963999304,224.41059518054115,0.054787742963999304,224.41059518054115,32768,0.049346628483699216,1616.990322153856,0.056749500000023545,0.049346628483699216,1616.990322153856,complete,complete
18918.42636232133,559564.9999584297,False,735444992,0.006996834000119634,False,992,1,0.3,992,0.007113875000186454,0.96875,0.04848954070470068,1.6107680578055195,2026,20.985935763927188,3.750401788082929e-05,cutoff_1e-10,complete,0.13864804199988612,0.16199170799995954,1024,0.002533763414107976,2.5945737360465673,0.07877821232055256,80.66888941624582,4096,58.78858608492362,240798.04860384716,58.76758119656799,240712.01258114248,32768,66.05915994485532,2164626.5530730193,0.056749500000023545,66.01508068448595,2163182.1638692357,complete,complete
526.6041348954203,559564.9999584297,False,735444992,0.006996834000119634,False,992,0,0.0,992,0.007113875000186454,0.96875,0.0010373036900528574,0.03378682593910983,2026,20.985935763927188,3.750401788082929e-05,cutoff_1e-14,complete,0.13864804199988612,0.16199170799995954,1024,1.1147945381247097e-06,0.0011415496070397027,1.1147945381247097e-06,0.0011415496070397027,4096,0.054787742963999304,224.41059518054115,0.054787742963999304,224.41059518054115,32768,0.049346628483699216,1616.990322153856,0.056749500000023545,0.049346628483699216,1616.990322153856,complete,complete
18918.42636232133,559564.9999584297,False,735444992,0.006996834000119634,False,992,1,0.3,992,0.007113875000186454,0.96875,0.04848954070470068,1.6107680578055195,2026,20.985935763927188,3.750401788082929e-05,cutoff_1e-14,complete,0.13864804199988612,0.16199170799995954,1024,0.002533763414107976,2.5945737360465673,0.07877821232055256,80.66888941624582,4096,58.78858608492362,240798.04860384716,58.76758119656799,240712.01258114248,32768,66.05915994485532,2164626.5530730193,0.056749500000023545,66.01508068448595,2163182.1638692357,complete,complete
1804.3020473980373,8591067.800104052,False,735461376,0.007020541999963825,False,1023,0,0.0,1023,0.008651417000010042,0.9990234375,5.3475285096553196e-05,0.0017417851367225452,2026,21.011675581357625,2.4457583236746355e-06,cutoff_1e-10,complete,0.163259374999825,0.18921324999996614,1024,2.962710412605054e-09,3.0338154625075752e-06,2.962710412605054e-09,3.0338154625075752e-06,4096,0.5274329489356946,2160.365358840605,0.5274329489356946,2160.365358840605,32768,0.5174211222376359,16954.855333482854,0.06845283300026495,0.5174211222376359,16954.855333482854,complete,complete
161265.28505011534,8591067.800104052,False,735461376,0.007020541999963825,False,1023,1,0.3,1023,0.008651417000010042,0.9990234375,0.013922914021602225,0.462503559564452,2026,21.011675581357625,2.4457583236746355e-06,cutoff_1e-10,complete,0.163259374999825,0.18921324999996614,1024,0.0002088960377048716,0.2139095426097885,0.08108290619921345,83.02889594799457,4096,4777.598578759927,19569043.77860066,4777.691810785749,19569425.65697843,32768,4589.581570472307,150391408.90123656,0.06845283300026495,4589.571029691049,150391063.5009163,complete,complete
1804.3020473980373,8591067.800104052,False,735461376,0.007020541999963825,False,1023,0,0.0,1023,0.008651417000010042,0.9990234375,5.3475285096553196e-05,0.0017417851367225452,2026,21.011675581357625,2.4457583236746355e-06,cutoff_1e-14,complete,0.163259374999825,0.18921324999996614,1024,2.962710412605054e-09,3.0338154625075752e-06,2.962710412605054e-09,3.0338154625075752e-06,4096,0.5274329489356946,2160.365358840605,0.5274329489356946,2160.365358840605,32768,0.5174211222376359,16954.855333482854,0.06845283300026495,0.5174211222376359,16954.855333482854,complete,complete
161265.28505011534,8591067.800104052,False,735461376,0.007020541999963825,False,1023,1,0.3,1023,0.008651417000010042,0.9990234375,0.013922914021602225,0.462503559564452,2026,21.011675581357625,2.4457583236746355e-06,cutoff_1e-14,complete,0.163259374999825,0.18921324999996614,1024,0.0002088960377048716,0.2139095426097885,0.08108290619921345,83.02889594799457,4096,4777.598578759927,19569043.77860066,4777.691810785749,19569425.65697843,32768,4589.581570472307,150391408.90123656,0.06845283300026495,4589.571029691049,150391063.5009163,complete,complete
3139.6854009984195,21251589.367336217,False,382238720,0.008196499999939988,True,1024,0,0.0,1024,0.00892795799995838,1.0,1.1999627205496236e-13,3.908491983728015e-12,2026,21.00987658786883,9.886261316605853e-07,cutoff_1e-10,complete,0.16675000000009277,0.19359875000009197,1024,1.4918271080923983e-26,1.5276309586866158e-23,1.4918271080923983e-26,1.5276309586866158e-23,4096,1.8077831359254746,7404.679724750744,1.8077831359254746,7404.679724750744,32768,1.6267233316795435,53304.47013247528,0.058652332999827195,1.6267233316795435,53304.47013247528,complete,complete
546887.3284723074,21251589.367336217,False,382238720,0.008196499999939988,True,1024,1,0.3,1024,0.00892795799995838,1.0,2.1244367126707856e-11,7.057140050963053e-10,2026,21.00987658786883,9.886261316605853e-07,cutoff_1e-10,complete,0.16675000000009277,0.19359875000009197,1024,4.863596259658868e-22,4.980322569890681e-19,0.08129337563839947,83.24441665372106,4096,64483.50938107638,264124454.42488885,64482.20206381365,264119099.65338072,32768,55681.87526297589,1824583688.617194,0.058652332999827195,55681.372095645616,1824567200.8301156,complete,complete
3139.6854009984195,21251589.367336217,False,382238720,0.008196499999939988,True,1024,0,0.0,1024,0.00892795799995838,1.0,1.1999627205496236e-13,3.908491983728015e-12,2026,21.00987658786883,9.886261316605853e-07,cutoff_1e-14,complete,0.16675000000009277,0.19359875000009197,1024,1.4918271080923983e-26,1.5276309586866158e-23,1.4918271080923983e-26,1.5276309586866158e-23,4096,1.8077831359254746,7404.679724750744,1.8077831359254746,7404.679724750744,32768,1.6267233316795435,53304.47013247528,0.058652332999827195,1.6267233316795435,53304.47013247528,complete,complete
546887.3284723074,21251589.367336217,False,382238720,0.008196499999939988,True,1024,1,0.3,1024,0.00892795799995838,1.0,2.1244367126707856e-11,7.057140050963053e-10,2026,21.00987658786883,9.886261316605853e-07,cutoff_1e-14,complete,0.16675000000009277,0.19359875000009197,1024,4.863596259658868e-22,4.980322569890681e-19,0.08129337563839947,83.24441665372106,4096,64483.50938107638,264124454.42488885,64482.20206381365,264119099.65338072,32768,55681.87526297589,1824583688.617194,0.058652332999827195,55681.372095645616,1824567200.8301156,complete,complete
1887.3608202013095,8068094.037876595,False,760889344,0.00695704199983993,True,1025,0,0.0,1024,0.01125875000002452,1.0009765625,8.59043095762721e-14,2.7980561362169775e-12,2026,21.003251181521954,2.6032481876041326e-06,cutoff_1e-10,complete,0.19128654199994344,0.21955983300017579,1024,7.645623184981914e-27,7.82911814142148e-24,7.645623184981914e-27,7.82911814142148e-24,4096,0.6184875318279256,2533.3249303671832,0.6184875318279256,2533.3249303671832,32768,0.6283383389196563,20589.390689719297,0.07039845799999966,0.6283383389196563,20589.390689719297,complete,complete
237322.13362633027,8068094.037876595,False,760889344,0.00695704199983993,True,1025,1,0.3,1024,0.01125875000002452,1.0009765625,1.1585841526196384e-11,3.848686372767549e-10,2026,21.003251181521954,2.6032481876041326e-06,cutoff_1e-10,complete,0.19128654199994344,0.21955983300017579,1024,1.4465221480397104e-22,1.4812386795926634e-19,0.08129337563883052,83.24441665416245,4096,10655.589929677139,43645296.35195756,10656.314577271463,43648264.508503914,32768,10507.918235306559,344323464.7345253,0.07039845799999966,10507.834787422871,344320730.31427264,complete,complete
1887.3608202013095,8068094.037876595,False,760889344,0.00695704199983993,True,1025,0,0.0,1024,0.01125875000002452,1.0009765625,8.59043095762721e-14,2.7980561362169775e-12,2026,21.003251181521954,2.6032481876041326e-06,cutoff_1e-14,complete,0.19128654199994344,0.21955983300017579,1024,7.645623184981914e-27,7.82911814142148e-24,7.645623184981914e-27,7.82911814142148e-24,4096,0.6184875318279256,2533.3249303671832,0.6184875318279256,2533.3249303671832,32768,0.6283383389196563,20589.390689719297,0.07039845799999966,0.6283383389196563,20589.390689719297,complete,complete
237322.13362633027,8068094.037876595,False,760889344,0.00695704199983993,True,1025,1,0.3,1024,0.01125875000002452,1.0009765625,1.1585841526196384e-11,3.848686372767549e-10,2026,21.003251181521954,2.6032481876041326e-06,cutoff_1e-14,complete,0.19128654199994344,0.21955983300017579,1024,1.4465221480397104e-22,1.4812386795926634e-19,0.08129337563883052,83.24441665416245,4096,10655.589929677139,43645296.35195756,10656.314577271463,43648264.508503914,32768,10507.918235306559,344323464.7345253,0.07039845799999966,10507.834787422871,344320730.31427264,complete,complete
478.85039377654937,681766.7230264215,False,786972672,0.007072957999980645,True,1056,0,0.0,1024,0.00905325000007906,1.03125,2.6190449003683227e-14,8.530695014779006e-13,2026,20.97708041838431,3.076870681699634e-05,cutoff_1e-10,complete,0.18667425000012372,0.2151254999998855,1024,7.106714593278845e-28,7.277275743517538e-25,7.106714593278845e-28,7.277275743517538e-25,4096,0.051968179405842765,212.86166284633197,0.051968179405842765,212.86166284633197,32768,0.05222504501497654,1711.3102750507512,0.060069708000355604,0.05222504501497654,1711.3102750507512,complete,complete
26951.953721192498,681766.7230264215,False,786972672,0.007072957999980645,True,1056,1,0.3,1024,0.00905325000007906,1.03125,9.28609013561726e-13,3.0847348015620966e-11,2026,20.97708041838431,3.076870681699634e-05,cutoff_1e-10,complete,0.18667425000012372,0.2151254999998855,1024,9.292567183562841e-25,9.51558879596835e-22,0.08129337563894709,83.24441665428182,4096,159.38060019554277,652822.9384009432,159.52117193122928,653398.7202303151,32768,158.01025697296805,5177680.100490217,0.060069708000355604,157.95069548315752,5175728.3895921055,complete,complete
478.85039377654937,681766.7230264215,False,786972672,0.007072957999980645,True,1056,0,0.0,1024,0.00905325000007906,1.03125,2.6190449003683227e-14,8.530695014779006e-13,2026,20.97708041838431,3.076870681699634e-05,cutoff_1e-14,complete,0.18667425000012372,0.2151254999998855,1024,7.106714593278845e-28,7.277275743517538e-25,7.106714593278845e-28,7.277275743517538e-25,4096,0.051968179405842765,212.86166284633197,0.051968179405842765,212.86166284633197,32768,0.05222504501497654,1711.3102750507512,0.060069708000355604,0.05222504501497654,1711.3102750507512,complete,complete
26951.953721192498,681766.7230264215,False,786972672,0.007072957999980645,True,1056,1,0.3,1024,0.00905325000007906,1.03125,9.28609013561726e-13,3.0847348015620966e-11,2026,20.97708041838431,3.076870681699634e-05,cutoff_1e-14,complete,0.18667425000012372,0.2151254999998855,1024,9.292567183562841e-25,9.51558879596835e-22,0.08129337563894709,83.24441665428182,4096,159.38060019554277,652822.9384009432,159.52117193122928,653398.7202303151,32768,158.01025697296805,5177680.100490217,0.060069708000355604,157.95069548315752,5175728.3895921055,complete,complete
343.98674789626835,367548.4180876075,False,831700992,0.008442999999942913,True,1088,0,0.0,1024,0.009829124999896521,1.0625,1.6137001853267825e-14,5.256108486104684e-13,2026,20.98799677586121,5.7102672037235075e-05,cutoff_1e-10,complete,0.18812945800004854,0.21646495799996046,1024,2.6979176189161794e-28,2.7626676417701677e-25,2.6979176189161794e-28,2.7626676417701677e-25,4096,0.032570440702294264,133.4085251165973,0.032570440702294264,133.4085251165973,32768,0.031792240865287695,1041.7681486737472,0.06323612500000309,0.031792240865287695,1041.7681486737472,complete,complete
18554.761659485877,367548.4180876075,False,831700992,0.008442999999942913,True,1088,1,0.3,1024,0.009829124999896521,1.0625,6.606402620126456e-13,2.194572718745259e-11,2026,20.98799677586121,5.7102672037235075e-05,cutoff_1e-10,complete,0.18812945800004854,0.21646495799996046,1024,4.703270915879841e-25,4.816149417860958e-22,0.08129337563893159,83.24441665426595,4096,98.74286795137691,404450.7871288398,98.88336854962623,405026.277579269,32768,100.88067787740579,3305658.052686833,0.06323612500000309,100.837827458422,3304253.930157572,complete,complete
343.98674789626835,367548.4180876075,False,831700992,0.008442999999942913,True,1088,0,0.0,1024,0.009829124999896521,1.0625,1.6137001853267825e-14,5.256108486104684e-13,2026,20.98799677586121,5.7102672037235075e-05,cutoff_1e-14,complete,0.18812945800004854,0.21646495799996046,1024,2.6979176189161794e-28,2.7626676417701677e-25,2.6979176189161794e-28,2.7626676417701677e-25,4096,0.032570440702294264,133.4085251165973,0.032570440702294264,133.4085251165973,32768,0.031792240865287695,1041.7681486737472,0.06323612500000309,0.031792240865287695,1041.7681486737472,complete,complete
18554.761659485877,367548.4180876075,False,831700992,0.008442999999942913,True,1088,1,0.3,1024,0.009829124999896521,1.0625,6.606402620126456e-13,2.194572718745259e-11,2026,20.98799677586121,5.7102672037235075e-05,cutoff_1e-14,complete,0.18812945800004854,0.21646495799996046,1024,4.703270915879841e-25,4.816149417860958e-22,0.08129337563893159,83.24441665426595,4096,98.74286795137691,404450.7871288398,98.88336854962623,405026.277579269,32768,100.88067787740579,3305658.052686833,0.06323612500000309,100.837827458422,3304253.930157572,complete,complete
219.20877023519063,232586.22326487914,False,879181824,0.008640167000066867,True,1152,0,0.0,1024,0.01034950000007484,1.125,9.998256078372036e-15,3.2566098149847443e-13,2026,20.869236189771893,8.972688019446927e-05,cutoff_1e-10,complete,0.20123100000000704,0.23131949999992685,1024,1.035694090532712e-28,1.0605507487054972e-25,1.035694090532712e-28,1.0605507487054972e-25,4096,0.018899094263397885,77.41069010287774,0.018899094263397885,77.41069010287774,32768,0.018978161734096582,621.8764037028768,0.06691720799972245,0.018978161734096582,621.8764037028768,complete,complete
11870.539726421412,232586.22326487914,False,879181824,0.008640167000066867,True,1152,1,0.3,1024,0.01034950000007484,1.125,4.589617169688457e-13,1.5246192533585425e-11,2026,20.869236189771893,8.972688019446927e-05,cutoff_1e-10,complete,0.20123100000000704,0.23131949999992685,1024,2.2699842458120702e-25,2.32446386771156e-22,0.0812933756389374,83.2444166542719,4096,59.384002876134836,243236.8757806483,59.36444980257928,243156.78639136473,32768,59.07195399180773,1935669.7884035558,0.06691720799972245,58.99469977412721,1933138.3221986005,complete,complete
219.20877023519063,232586.22326487914,False,879181824,0.008640167000066867,True,1152,0,0.0,1024,0.01034950000007484,1.125,9.998256078372036e-15,3.2566098149847443e-13,2026,20.869236189771893,8.972688019446927e-05,cutoff_1e-14,complete,0.20123100000000704,0.23131949999992685,1024,1.035694090532712e-28,1.0605507487054972e-25,1.035694090532712e-28,1.0605507487054972e-25,4096,0.018899094263397885,77.41069010287774,0.018899094263397885,77.41069010287774,32768,0.018978161734096582,621.8764037028768,0.06691720799972245,0.018978161734096582,621.8764037028768,complete,complete
11870.539726421412,232586.22326487914,False,879181824,0.008640167000066867,True,1152,1,0.3,1024,0.01034950000007484,1.125,4.589617169688457e-13,1.5246192533585425e-11,2026,20.869236189771893,8.972688019446927e-05,cutoff_1e-14,complete,0.20123100000000704,0.23131949999992685,1024,2.2699842458120702e-25,2.32446386771156e-22,0.0812933756389374,83.2444166542719,4096,59.384002876134836,243236.8757806483,59.36444980257928,243156.78639136473,32768,59.07195399180773,1935669.7884035558,0.06691720799972245,58.99469977412721,1933138.3221986005,complete,complete
129.91979311935668,117461.247305228,False,932134912,0.009580041000162964,True,1280,0,0.0,1024,0.011928249999982654,1.25,7.344995158081705e-15,2.3923955473161915e-13,2026,20.697591774268556,0.00017620783236265995,cutoff_1e-10,complete,0.22462174999986928,0.2582430839997869,1024,5.589410600408535e-29,5.72355645481834e-26,5.589410600408535e-29,5.72355645481834e-26,4096,0.009884333265487742,40.48622905543779,0.009884333265487742,40.48622905543779,32768,0.010784315199436057,353.3804404551207,0.07474562500010506,0.010784315199436057,353.3804404551207,complete,complete
6862.045969769307,117461.247305228,False,932134912,0.009580041000162964,True,1280,1,0.3,1024,0.011928249999982654,1.25,3.577335809779735e-13,1.1883507599152065e-11,2026,20.697591774268556,0.00017620783236265995,cutoff_1e-10,complete,0.22462174999986928,0.2582430839997869,1024,1.3790796177646962e-25,1.4121775285910489e-22,0.08129337563892941,83.24441665426372,4096,28.92944037975601,118494.98779548061,28.82130119709379,118052.04970329616,32768,28.491335789078285,933604.0911365172,0.07474562500010506,28.403293689358676,930719.1276129051,complete,complete
129.91979311935668,117461.247305228,False,932134912,0.009580041000162964,True,1280,0,0.0,1024,0.011928249999982654,1.25,7.344995158081705e-15,2.3923955473161915e-13,2026,20.697591774268556,0.00017620783236265995,cutoff_1e-14,complete,0.22462174999986928,0.2582430839997869,1024,5.589410600408535e-29,5.72355645481834e-26,5.589410600408535e-29,5.72355645481834e-26,4096,0.009884333265487742,40.48622905543779,0.009884333265487742,40.48622905543779,32768,0.010784315199436057,353.3804404551207,0.07474562500010506,0.010784315199436057,353.3804404551207,complete,complete
6862.045969769307,117461.247305228,False,932134912,0.009580041000162964,True,1280,1,0.3,1024,0.011928249999982654,1.25,3.577335809779735e-13,1.1883507599152065e-11,2026,20.697591774268556,0.00017620783236265995,cutoff_1e-14,complete,0.22462174999986928,0.2582430839997869,1024,1.3790796177646962e-25,1.4121775285910489e-22,0.08129337563892941,83.24441665426372,4096,28.92944037975601,118494.98779548061,28.82130119709379,118052.04970329616,32768,28.491335789078285,933604.0911365172,0.07474562500010506,28.403293689358676,930719.1276129051,complete,complete
79.73398661054163,76562.46301213968,False,749895680,0.010312625000096887,True,1536,0,0.0,1024,0.01953045799996289,1.5,5.5498142140784805e-15,1.8076731881278892e-13,2026,20.64977504647227,0.000269711477845195,cutoff_1e-10,complete,0.4060687500000313,0.44991258400000333,1024,3.191096049879343e-29,3.2676823550764474e-26,3.191096049879343e-29,3.2676823550764474e-26,4096,0.006460076236153887,26.46047226328632,0.006460076236153887,26.46047226328632,32768,0.006911039889620363,226.46095510308007,0.09124304199986,0.006911039889620363,226.46095510308007,complete,complete
3895.9931243814594,76562.46301213968,False,749895680,0.010312625000096887,True,1536,1,0.3,1024,0.01953045799996289,1.5,1.6881850262380456e-13,5.607960967273514e-12,2026,20.64977504647227,0.000269711477845195,cutoff_1e-10,complete,0.4060687500000313,0.44991258400000333,1024,3.0712134971155556e-26,3.144922621046329e-23,0.0812933756389281,83.24441665426238,4096,18.528418864541386,75892.40366916152,18.42187325799556,75455.99286474982,32768,18.01440258883612,590295.944030982,0.09124304199986,17.933590056848857,587647.8789828233,complete,complete
79.73398661054163,76562.46301213968,False,749895680,0.010312625000096887,True,1536,0,0.0,1024,0.01953045799996289,1.5,5.5498142140784805e-15,1.8076731881278892e-13,2026,20.64977504647227,0.000269711477845195,cutoff_1e-14,complete,0.4060687500000313,0.44991258400000333,1024,3.191096049879343e-29,3.2676823550764474e-26,3.191096049879343e-29,3.2676823550764474e-26,4096,0.006460076236153887,26.46047226328632,0.006460076236153887,26.46047226328632,32768,0.006911039889620363,226.46095510308007,0.09124304199986,0.006911039889620363,226.46095510308007,complete,complete
3895.9931243814594,76562.46301213968,False,749895680,0.010312625000096887,True,1536,1,0.3,1024,0.01953045799996289,1.5,1.6881850262380456e-13,5.607960967273514e-12,2026,20.64977504647227,0.000269711477845195,cutoff_1e-14,complete,0.4060687500000313,0.44991258400000333,1024,3.0712134971155556e-26,3.144922621046329e-23,0.0812933756389281,83.24441665426238,4096,18.528418864541386,75892.40366916152,18.42187325799556,75455.99286474982,32768,18.01440258883612,590295.944030982,0.09124304199986,17.933590056848857,587647.8789828233,complete,complete
53.01908798847748,46836.516133533034,False,810139648,0.01265029199998935,True,2048,0,0.0,1024,0.021446833000027254,2.0,4.27660699440891e-15,1.392966953802224e-13,2026,20.81351056461783,0.00044438639512122476,cutoff_1e-10,complete,0.3758863749999364,0.4253118340000128,1024,1.8948798187353978e-29,1.9403569343850473e-26,1.8948798187353978e-29,1.9403569343850473e-26,4096,0.0037448610745905112,15.338950961522734,0.0037448610745905112,15.338950961522734,32768,0.003818170975731134,125.1138265327578,0.13160079099998256,0.003818170975731134,125.1138265327578,complete,complete
2441.6952628804033,46836.516133533034,False,810139648,0.01265029199998935,True,2048,1,0.3,1024,0.021446833000027254,2.0,1.0716767212405376e-13,3.5599896509241714e-12,2026,20.81351056461783,0.00044438639512122476,cutoff_1e-10,complete,0.3758863749999364,0.4253118340000128,1024,1.2376490541686722e-26,1.2673526314687203e-23,0.08129337563892736,83.24441665426161,4096,13.513986031887354,55353.2867866106,13.386746781880351,54832.11481858192,32768,12.037728098849554,394452.2743431022,0.13160079099998256,11.952601799775348,391662.8557750386,complete,complete
53.01908798847748,46836.516133533034,False,810139648,0.01265029199998935,True,2048,0,0.0,1024,0.021446833000027254,2.0,4.27660699440891e-15,1.392966953802224e-13,2026,20.81351056461783,0.00044438639512122476,cutoff_1e-14,complete,0.3758863749999364,0.4253118340000128,1024,1.8948798187353978e-29,1.9403569343850473e-26,1.8948798187353978e-29,1.9403569343850473e-26,4096,0.0037448610745905112,15.338950961522734,0.0037448610745905112,15.338950961522734,32768,0.003818170975731134,125.1138265327578,0.13160079099998256,0.003818170975731134,125.1138265327578,complete,complete
2441.6952628804033,46836.516133533034,False,810139648,0.01265029199998935,True,2048,1,0.3,1024,0.021446833000027254,2.0,1.0716767212405376e-13,3.5599896509241714e-12,2026,20.81351056461783,0.00044438639512122476,cutoff_1e-14,complete,0.3758863749999364,0.4253118340000128,1024,1.2376490541686722e-26,1.2673526314687203e-23,0.08129337563892736,83.24441665426161,4096,13.513986031887354,55353.2867866106,13.386746781880351,54832.11481858192,32768,12.037728098849554,394452.2743431022,0.13160079099998256,11.952601799775348,391662.8557750386,complete,complete
38.77334252625844,31727.038437326715,False,900005888,0.012909374999935608,True,3072,0,0.0,1024,0.028973291000056633,3.0,4.686563285915227e-15,1.526497008660711e-13,2026,20.796763115729696,0.0006554902108752262,cutoff_1e-10,complete,0.5846609170000647,0.6466457500000615,1024,2.2755792162598622e-29,2.330193117450099e-26,2.2755792162598622e-29,2.330193117450099e-26,4096,0.003041569321211297,12.458267939681473,0.003041569321211297,12.458267939681473,32768,0.003098492103276772,101.53138924017327,0.16414670900030615,0.003098492103276772,101.53138924017327,complete,complete
1616.7180224067226,31727.038437326715,False,900005888,0.012909374999935608,True,3072,1,0.3,1024,0.028973291000056633,3.0,7.203626019039075e-14,2.3929636212701893e-12,2026,20.796763115729696,0.0006554902108752262,cutoff_1e-10,complete,0.5846609170000647,0.6466457500000615,1024,5.592065324924353e-27,5.7262748927225374e-24,0.08129337563892794,83.24441665426221,4096,9.359951758676559,38338.362403539184,9.266510656712743,37955.627649895396,32768,8.814926496697382,288847.5114437798,0.16414670900030615,8.727498199892342,285982.66101407225,complete,complete
38.77334252625844,31727.038437326715,False,900005888,0.012909374999935608,True,3072,0,0.0,1024,0.028973291000056633,3.0,4.686563285915227e-15,1.526497008660711e-13,2026,20.796763115729696,0.0006554902108752262,cutoff_1e-14,complete,0.5846609170000647,0.6466457500000615,1024,2.2755792162598622e-29,2.330193117450099e-26,2.2755792162598622e-29,2.330193117450099e-26,4096,0.003041569321211297,12.458267939681473,0.003041569321211297,12.458267939681473,32768,0.003098492103276772,101.53138924017327,0.16414670900030615,0.003098492103276772,101.53138924017327,complete,complete
1616.7180224067226,31727.038437326715,False,900005888,0.012909374999935608,True,3072,1,0.3,1024,0.028973291000056633,3.0,7.203626019039075e-14,2.3929636212701893e-12,2026,20.796763115729696,0.0006554902108752262,cutoff_1e-14,complete,0.5846609170000647,0.6466457500000615,1024,5.592065324924353e-27,5.7262748927225374e-24,0.08129337563892794,83.24441665426221,4096,9.359951758676559,38338.362403539184,9.266510656712743,37955.627649895396,32768,8.814926496697382,288847.5114437798,0.16414670900030615,8.727498199892342,285982.66101407225,complete,complete
33.324310163189516,24800.366267904737,False,1047068672,0.04800870799999757,True,4096,0,0.0,1024,0.04688091599996369,4.0,6.386630136623248e-15,2.0802390161416212e-13,2026,20.815981874867568,0.0008393417117313489,cutoff_1e-10,complete,0.7101840830000583,0.83239308300017,1024,4.2259710588650977e-29,4.32739436427786e-26,4.2259710588650977e-29,4.32739436427786e-26,4096,0.0026724916495036947,10.946525796367133,0.0026724916495036947,10.946525796367133,32768,0.002772766120340265,90.8580002313098,0.22475804200030325,0.002772766120340265,90.8580002313098,complete,complete
1377.7475379000869,24800.366267904737,False,1047068672,0.04800870799999757,True,4096,1,0.3,1024,0.04688091599996369,4.0,6.624362121557933e-14,2.2005386633220716e-12,2026,20.815981874867568,0.0008393417117313489,cutoff_1e-10,complete,0.7101840830000583,0.83239308300017,1024,4.728877352319619e-27,4.84237040877529e-24,0.081293375638928,83.24441665426227,4096,7.777958129868178,31858.51649994006,7.693827088187559,31513.915753216243,32768,7.323907598995282,239989.8042038774,0.22475804200030325,7.231805936531972,236971.81692827964,complete,complete
33.324310163189516,24800.366267904737,False,1047068672,0.04800870799999757,True,4096,0,0.0,1024,0.04688091599996369,4.0,6.386630136623248e-15,2.0802390161416212e-13,2026,20.815981874867568,0.0008393417117313489,cutoff_1e-14,complete,0.7101840830000583,0.83239308300017,1024,4.2259710588650977e-29,4.32739436427786e-26,4.2259710588650977e-29,4.32739436427786e-26,4096,0.0026724916495036947,10.946525796367133,0.0026724916495036947,10.946525796367133,32768,0.002772766120340265,90.8580002313098,0.22475804200030325,0.002772766120340265,90.8580002313098,complete,complete
1377.7475379000869,24800.366267904737,False,1047068672,0.04800870799999757,True,4096,1,0.3,1024,0.04688091599996369,4.0,6.624362121557933e-14,2.2005386633220716e-12,2026,20.815981874867568,0.0008393417117313489,cutoff_1e-14,complete,0.7101840830000583,0.83239308300017,1024,4.728877352319619e-27,4.84237040877529e-24,0.081293375638928,83.24441665426227,4096,7.777958129868178,31858.51649994006,7.693827088187559,31513.915753216243,32768,7.323907598995282,239989.8042038774,0.22475804200030325,7.231805936531972,236971.81692827964,complete,complete
26.80869576606118,18357.517908846883,False,675348480,0.028075625000155924,True,8192,0,0.0,1024,0.07973425000000134,8.0,5.259772041680345e-15,1.7132012944308973e-13,2026,20.956847658914434,0.0011415948366753261,cutoff_1e-10,complete,1.3599650410001232,1.5192282079999586,1024,2.866268237538772e-29,2.9350586752397025e-26,2.866268237538772e-29,2.9350586752397025e-26,4096,0.002625535559491421,10.75419365167686,0.002625535559491421,10.75419365167686,32768,0.002550750602282364,83.5829957355885,0.4479607500002203,0.002550750602282364,83.5829957355885,complete,complete
981.719086195437,18357.517908846883,False,675348480,0.028075625000155924,True,8192,1,0.3,1024,0.07973425000000134,8.0,4.1054367444273236e-14,1.363779956493493e-12,2026,20.956847658914434,0.0011415948366753261,cutoff_1e-10,complete,1.3599650410001232,1.5192282079999586,1024,1.8163044626302674e-27,1.859895769733394e-24,0.08129337563892772,83.24441665426198,4096,5.098321264603678,20882.723899816665,5.0008326135260095,20483.410385002535,32768,4.976278689247032,163062.70008924673,0.4479607500002203,4.88484242880735,160066.51670715926,complete,complete
26.80869576606118,18357.517908846883,False,675348480,0.028075625000155924,True,8192,0,0.0,1024,0.07973425000000134,8.0,5.259772041680345e-15,1.7132012944308973e-13,2026,20.956847658914434,0.0011415948366753261,cutoff_1e-14,complete,1.3599650410001232,1.5192282079999586,1024,2.866268237538772e-29,2.9350586752397025e-26,2.866268237538772e-29,2.9350586752397025e-26,4096,0.002625535559491421,10.75419365167686,0.002625535559491421,10.75419365167686,32768,0.002550750602282364,83.5829957355885,0.4479607500002203,0.002550750602282364,83.5829957355885,complete,complete
981.719086195437,18357.517908846883,False,675348480,0.028075625000155924,True,8192,1,0.3,1024,0.07973425000000134,8.0,4.1054367444273236e-14,1.363779956493493e-12,2026,20.956847658914434,0.0011415948366753261,cutoff_1e-14,complete,1.3599650410001232,1.5192282079999586,1024,1.8163044626302674e-27,1.859895769733394e-24,0.08129337563892772,83.24441665426198,4096,5.098321264603678,20882.723899816665,5.0008326135260095,20483.410385002535,32768,4.976278689247032,163062.70008924673,0.4479607500002203,4.88484242880735,160066.51670715926,complete,complete
9.338589440875262,104.79645333151169,False,1049018368,0.005975167000087822,False,64,0,0.0,64,0.0009804999999687425,0.0625,0.3648470504791275,11.88371728274461,2027,22.985491714657993,0.2193346337966801,cutoff_1e-10,complete,0.002639249999901949,0.016545209000014438,1024,0.13791282857051076,141.22273645620302,0.13791282857051076,141.22273645620302,4096,0.17278406782316802,707.7235418036962,0.17278406782316802,707.7235418036962,32768,0.17669307898675551,5789.878812238005,0.007876416000272002,0.17669307898675551,5789.878812238005,complete,complete
9.300185037666964,104.79645333151169,False,1049018368,0.005975167000087822,False,64,1,0.3,64,0.0009804999999687425,0.0625,0.43847551722431344,14.565663997023783,2027,22.985491714657993,0.2193346337966801,cutoff_1e-10,complete,0.002639249999901949,0.016545209000014438,1024,0.20718610124433068,212.15856767419461,0.14498384300055284,148.4634552325661,4096,0.2735793948245835,1120.581201201494,0.1811613968582355,742.0370815313327,32768,0.278535219331955,9127.042067069502,0.007876416000272002,0.18608672899699735,6097.689935773609,complete,complete
9.338589440875262,104.79645333151169,False,1049018368,0.005975167000087822,False,64,0,0.0,64,0.0009804999999687425,0.0625,0.3648470504791275,11.88371728274461,2027,22.985491714657993,0.2193346337966801,cutoff_1e-14,complete,0.002639249999901949,0.016545209000014438,1024,0.13791282857051076,141.22273645620302,0.13791282857051076,141.22273645620302,4096,0.17278406782316802,707.7235418036962,0.17278406782316802,707.7235418036962,32768,0.17669307898675551,5789.878812238005,0.007876416000272002,0.17669307898675551,5789.878812238005,complete,complete
9.300185037666964,104.79645333151169,False,1049018368,0.005975167000087822,False,64,1,0.3,64,0.0009804999999687425,0.0625,0.43847551722431344,14.565663997023783,2027,22.985491714657993,0.2193346337966801,cutoff_1e-14,complete,0.002639249999901949,0.016545209000014438,1024,0.20718610124433068,212.15856767419461,0.14498384300055284,148.4634552325661,4096,0.2735793948245835,1120.581201201494,0.1811613968582355,742.0370815313327,32768,0.278535219331955,9127.042067069502,0.007876416000272002,0.18608672899699735,6097.689935773609,complete,complete
29.35433647082785,323.6026705686,False,1049362432,0.01067804200010869,False,128,0,0.0,128,0.001446750000013708,0.125,0.23259043631599874,7.5758841526051235,2027,22.16063744600406,0.06848100915565919,cutoff_1e-10,complete,0.007698707999907128,0.031672791000119105,1024,0.05604884833368501,57.39402069369345,0.05604884833368501,57.39402069369345,4096,0.09611823184162994,393.70027762331625,0.09611823184162994,393.70027762331625,32768,0.09842735455164447,3225.267553948286,0.011430000000018481,0.09842735455164447,3225.267553948286,complete,complete
28.213157885438868,323.6026705686,False,1049362432,0.01067804200010869,False,128,1,0.3,128,0.001446750000013708,0.125,0.3447849598037865,11.453368953232024,2027,22.16063744600406,0.06848100915565919,cutoff_1e-10,complete,0.007698707999907128,0.031672791000119105,1024,0.12810513708872961,131.17966037885913,0.06875849519227988,70.40869907689459,4096,0.20440880534386824,837.2584666884843,0.10813168411205745,442.9073781229873,32768,0.203026908655633,6652.785742827782,0.011430000000018481,0.11066605571912147,3626.3053138041723,complete,complete
29.35433647082785,323.6026705686,False,1049362432,0.01067804200010869,False,128,0,0.0,128,0.001446750000013708,0.125,0.23259043631599874,7.5758841526051235,2027,22.16063744600406,0.06848100915565919,cutoff_1e-14,complete,0.007698707999907128,0.031672791000119105,1024,0.05604884833368501,57.39402069369345,0.05604884833368501,57.39402069369345,4096,0.09611823184162994,393.70027762331625,0.09611823184162994,393.70027762331625,32768,0.09842735455164447,3225.267553948286,0.011430000000018481,0.09842735455164447,3225.267553948286,complete,complete
28.213157885438868,323.6026705686,False,1049362432,0.01067804200010869,False,128,1,0.3,128,0.001446750000013708,0.125,0.3447849598037865,11.453368953232024,2027,22.16063744600406,0.06848100915565919,cutoff_1e-14,complete,0.007698707999907128,0.031672791000119105,1024,0.12810513708872961,131.17966037885913,0.06875849519227988,70.40869907689459,4096,0.20440880534386824,837.2584666884843,0.10813168411205745,442.9073781229873,32768,0.203026908655633,6652.785742827782,0.011430000000018481,0.11066605571912147,3626.3053138041723,complete,complete
66.21336376264611,935.5526382935388,False,1068466176,0.0061541249999663705,False,256,0,0.0,256,0.0043969999999262654,0.25,0.11549228446522314,3.761789097981339,2027,21.730832866908447,0.02322780352214686,cutoff_1e-10,complete,0.08210829099994044,0.09996399999999994,1024,0.013819391814151627,14.151057217691266,0.013819391814151627,14.151057217691266,4096,0.050215988039987516,205.68468701178887,0.050215988039987516,205.68468701178887,32768,0.05246282962553489,1719.1020011695273,0.01816279200011195,0.05246282962553489,1719.1020011695273,complete,complete
70.19346305822532,935.5526382935388,False,1068466176,0.0061541249999663705,False,256,1,0.3,256,0.0043969999999262654,0.25,0.26120688390387636,8.67699918284627,2027,21.730832866908447,0.02322780352214686,cutoff_1e-10,complete,0.08210829099994044,0.09996399999999994,1024,0.0735256980655418,75.2903148191148,0.036499139610594644,37.375118961248916,4096,0.18285608416451432,748.9785207378507,0.09443303598246386,386.79771538417197,32768,0.18635156859051724,6106.368199574069,0.01816279200011195,0.09493757714092385,3110.9145277537928,complete,complete
66.21336376264611,935.5526382935388,False,1068466176,0.0061541249999663705,False,256,0,0.0,256,0.0043969999999262654,0.25,0.11549228446522314,3.761789097981339,2027,21.730832866908447,0.02322780352214686,cutoff_1e-14,complete,0.08210829099994044,0.09996399999999994,1024,0.013819391814151627,14.151057217691266,0.013819391814151627,14.151057217691266,4096,0.050215988039987516,205.68468701178887,0.050215988039987516,205.68468701178887,32768,0.05246282962553489,1719.1020011695273,0.01816279200011195,0.05246282962553489,1719.1020011695273,complete,complete
70.19346305822532,935.5526382935388,False,1068466176,0.0061541249999663705,False,256,1,0.3,256,0.0043969999999262654,0.25,0.26120688390387636,8.67699918284627,2027,21.730832866908447,0.02322780352214686,cutoff_1e-14,complete,0.08210829099994044,0.09996399999999994,1024,0.0735256980655418,75.2903148191148,0.036499139610594644,37.375118961248916,4096,0.18285608416451432,748.9785207378507,0.09443303598246386,386.79771538417197,32768,0.18635156859051724,6106.368199574069,0.01816279200011195,0.09493757714092385,3110.9145277537928,complete,complete
82.59220460480631,2382.960223533477,False,1075068928,0.006001332999858278,False,384,0,0.0,384,0.004460915999970894,0.375,0.053969154209154074,1.7578713320230732,2027,21.248192771625373,0.00891672154733592,cutoff_1e-10,complete,0.03010454199988999,0.04801233399984994,1024,0.0030176871288560246,3.090111619948569,0.0030176871288560246,3.090111619948569,4096,0.029436049073514305,120.57005700511459,0.029436049073514305,120.57005700511459,32768,0.030327780798730268,993.7807212127934,0.023673958000017592,0.030327780798730268,993.7807212127934,complete,complete
131.9468456935374,2382.960223533477,False,1075068928,0.006001332999858278,False,384,1,0.3,384,0.004460915999970894,0.375,0.21814037173416023,7.246378039483975,2027,21.248192771625373,0.00891672154733592,cutoff_1e-10,complete,0.03010454199988999,0.04801233399984994,1024,0.051279291690542544,52.509994691115566,0.03556384752074725,36.41737986124518,4096,0.21132908590811317,865.6039358796315,0.12105161293189702,495.8274065690502,32768,0.21635845730458328,7089.633928956585,0.023673958000017592,0.12446057253540757,4078.3240408402353,complete,complete
82.59220460480631,2382.960223533477,False,1075068928,0.006001332999858278,False,384,0,0.0,384,0.004460915999970894,0.375,0.053969154209154074,1.7578713320230732,2027,21.248192771625373,0.00891672154733592,cutoff_1e-14,complete,0.03010454199988999,0.04801233399984994,1024,0.0030176871288560246,3.090111619948569,0.0030176871288560246,3.090111619948569,4096,0.029436049073514305,120.57005700511459,0.029436049073514305,120.57005700511459,32768,0.030327780798730268,993.7807212127934,0.023673958000017592,0.030327780798730268,993.7807212127934,complete,complete
131.9468456935374,2382.960223533477,False,1075068928,0.006001332999858278,False,384,1,0.3,384,0.004460915999970894,0.375,0.21814037173416023,7.246378039483975,2027,21.248192771625373,0.00891672154733592,cutoff_1e-14,complete,0.03010454199988999,0.04801233399984994,1024,0.051279291690542544,52.509994691115566,0.03556384752074725,36.41737986124518,4096,0.21132908590811317,865.6039358796315,0.12105161293189702,495.8274065690502,32768,0.21635845730458328,7089.633928956585,0.023673958000017592,0.12446057253540757,4078.3240408402353,complete,complete
98.29605367830455,5978.447753965139,False,1083588608,0.00622370799987948,False,512,0,0.0,512,0.005725875000052838,0.5,0.030338826899861965,0.9881895470845055,2027,21.05614328889139,0.003522008413459186,cutoff_1e-10,complete,0.05759279099993364,0.07793441599983453,1024,0.0009536314267256653,0.9765185809670812,0.0009536314267256653,0.9765185809670812,4096,0.025214148038676568,103.27715036641922,0.025214148038676568,103.27715036641922,32768,0.023143533906359703,758.3673190435948,0.03085979200022848,0.023143533906359703,758.3673190435948,complete,complete
282.02220551764606,5978.447753965139,False,1083588608,0.00622370799987948,False,512,1,0.3,512,0.005725875000052838,0.5,0.1929332728883749,6.409026539332494,2027,21.05614328889139,0.003522008413459186,cutoff_1e-10,complete,0.05759279099993364,0.07793441599983453,1024,0.04011291131041822,41.07562118186826,0.04310785648948444,44.142445045232066,4096,0.33217704341242943,1360.597169817311,0.2458235296920636,1006.8931776186926,32768,0.3441663167212996,11277.641866323545,0.03085979200022848,0.2519290074846408,8255.20971725671,complete,complete
98.29605367830455,5978.447753965139,False,1083588608,0.00622370799987948,False,512,0,0.0,512,0.005725875000052838,0.5,0.030338826899861965,0.9881895470845055,2027,21.05614328889139,0.003522008413459186,cutoff_1e-14,complete,0.05759279099993364,0.07793441599983453,1024,0.0009536314267256653,0.9765185809670812,0.0009536314267256653,0.9765185809670812,4096,0.025214148038676568,103.27715036641922,0.025214148038676568,103.27715036641922,32768,0.023143533906359703,758.3673190435948,0.03085979200022848,0.023143533906359703,758.3673190435948,complete,complete
282.02220551764606,5978.447753965139,False,1083588608,0.00622370799987948,False,512,1,0.3,512,0.005725875000052838,0.5,0.1929332728883749,6.409026539332494,2027,21.05614328889139,0.003522008413459186,cutoff_1e-14,complete,0.05759279099993364,0.07793441599983453,1024,0.04011291131041822,41.07562118186826,0.04310785648948444,44.142445045232066,4096,0.33217704341242943,1360.597169817311,0.2458235296920636,1006.8931776186926,32768,0.3441663167212996,11277.641866323545,0.03085979200022848,0.2519290074846408,8255.20971725671,complete,complete
236.08668160809728,37809.3445569509,False,1099595776,0.007428417000028276,False,768,0,0.0,768,0.006985374999885607,0.75,0.008706253899193118,0.2835781728094932,2027,21.063275013198975,0.0005570917787657519,cutoff_1e-10,complete,0.09938474999989921,0.12236287500013532,1024,7.853181649801842e-05,0.08041658009397086,7.853181649801842e-05,0.08041658009397086,4096,0.030294380616865915,124.08578300668279,0.030294380616865915,124.08578300668279,32768,0.028158447140516567,922.6959959004469,0.04465833399990515,0.028158447140516567,922.6959959004469,complete,complete
1806.017422673718,37809.3445569509,False,1099595776,0.007428417000028276,False,768,1,0.3,768,0.006985374999885607,0.75,0.13843544593240126,4.598669963363008,2027,21.063275013198975,0.0005570917787657519,cutoff_1e-10,complete,0.09938474999989921,0.12236287500013532,1024,0.02065211467962607,21.147765431937096,0.06110131622806246,62.56774781753596,4096,1.7868786111923163,7319.0547914437275,1.6920427414727048,6930.607069072199,32768,1.626006094391728,53280.967701028145,0.04465833399990515,1.533119074131959,50237.24582115603,complete,complete
236.08668160809728,37809.3445569509,False,1099595776,0.007428417000028276,False,768,0,0.0,768,0.006985374999885607,0.75,0.008706253899193118,0.2835781728094932,2027,21.063275013198975,0.0005570917787657519,cutoff_1e-14,complete,0.09938474999989921,0.12236287500013532,1024,7.853181649801842e-05,0.08041658009397086,7.853181649801842e-05,0.08041658009397086,4096,0.030294380616865915,124.08578300668279,0.030294380616865915,124.08578300668279,32768,0.028158447140516567,922.6959959004469,0.04465833399990515,0.028158447140516567,922.6959959004469,complete,complete
1806.017422673718,37809.3445569509,False,1099595776,0.007428417000028276,False,768,1,0.3,768,0.006985374999885607,0.75,0.13843544593240126,4.598669963363008,2027,21.063275013198975,0.0005570917787657519,cutoff_1e-14,complete,0.09938474999989921,0.12236287500013532,1024,0.02065211467962607,21.147765431937096,0.06110131622806246,62.56774781753596,4096,1.7868786111923163,7319.0547914437275,1.6920427414727048,6930.607069072199,32768,1.626006094391728,53280.967701028145,0.04465833399990515,1.533119074131959,50237.24582115603,complete,complete
367.03879998430386,124751.05237329459,False,1105510400,0.00777054200011662,False,896,0,0.0,896,0.008316041999933077,0.875,0.004426215017212932,0.1441696947477618,2027,21.050447243653558,0.00016873963660574154,cutoff_1e-10,complete,0.12169954099999813,0.1491785420000724,1024,2.0297754769201978e-05,0.020784900883662825,2.0297754769201978e-05,0.020784900883662825,4096,0.03631513129213053,148.74677777256665,0.03631513129213053,148.74677777256665,32768,0.03454006401518342,1131.8088176495303,0.051597166000192374,0.03454006401518342,1131.8088176495303,complete,complete
7275.041557547259,124751.05237329459,False,1105510400,0.00777054200011662,False,896,1,0.3,896,0.008316041999933077,0.875,0.09154221568810002,3.0409295453862772,2027,21.050447243653558,0.00016873963660574154,cutoff_1e-10,complete,0.12169954099999813,0.1491785420000724,1024,0.009030520019534355,9.24725250000318,0.0724598971775122,74.19893470977249,4096,13.518046332641209,55369.91777849839,13.47664075882918,55200.32054816432,32768,12.869879423043159,421720.2089342782,0.051597166000192374,12.786243992743707,418979.6431542258,complete,complete
367.03879998430386,124751.05237329459,False,1105510400,0.00777054200011662,False,896,0,0.0,896,0.008316041999933077,0.875,0.004426215017212932,0.1441696947477618,2027,21.050447243653558,0.00016873963660574154,cutoff_1e-14,complete,0.12169954099999813,0.1491785420000724,1024,2.0297754769201978e-05,0.020784900883662825,2.0297754769201978e-05,0.020784900883662825,4096,0.03631513129213053,148.74677777256665,0.03631513129213053,148.74677777256665,32768,0.03454006401518342,1131.8088176495303,0.051597166000192374,0.03454006401518342,1131.8088176495303,complete,complete
7275.041557547259,124751.05237329459,False,1105510400,0.00777054200011662,False,896,1,0.3,896,0.008316041999933077,0.875,0.09154221568810002,3.0409295453862772,2027,21.050447243653558,0.00016873963660574154,cutoff_1e-14,complete,0.12169954099999813,0.1491785420000724,1024,0.009030520019534355,9.24725250000318,0.0724598971775122,74.19893470977249,4096,13.518046332641209,55369.91777849839,13.47664075882918,55200.32054816432,32768,12.869879423043159,421720.2089342782,0.051597166000192374,12.786243992743707,418979.6431542258,complete,complete
580.3987299771455,286277.94579739927,False,1107836928,0.007500124999978652,False,960,0,0.0,960,0.007911708000165163,0.9375,0.002633948432032593,0.08579238467872578,2027,20.98113632092425,7.328939105834137e-05,cutoff_1e-10,complete,0.1396127499999693,0.16524395800001912,1024,7.187825457873497e-06,0.007360333268862461,7.187825457873497e-06,0.007360333268862461,4096,0.07383429741597543,302.42528221583535,0.07383429741597543,302.42528221583535,32768,0.06388102632275741,2093.253470544115,0.05536483300011241,0.06388102632275741,2093.253470544115,complete,complete
11788.626424209831,286277.94579739927,False,1107836928,0.007500124999978652,False,960,1,0.3,960,0.007911708000165163,0.9375,0.06643063543078306,2.206751065415964,2027,20.98113632092425,7.328939105834137e-05,cutoff_1e-10,complete,0.1396127499999693,0.16524395800001912,1024,0.0047556154928852425,4.869750264714488,0.07661014859005384,78.44879215621513,4096,27.656020045577954,113279.0581066873,27.580001503166457,112967.68615696981,32768,27.01874528224636,885350.2454086487,0.05536483300011241,26.935357031898995,882617.7792212663,complete,complete
580.3987299771455,286277.94579739927,False,1107836928,0.007500124999978652,False,960,0,0.0,960,0.007911708000165163,0.9375,0.002633948432032593,0.08579238467872578,2027,20.98113632092425,7.328939105834137e-05,cutoff_1e-14,complete,0.1396127499999693,0.16524395800001912,1024,7.187825457873497e-06,0.007360333268862461,7.187825457873497e-06,0.007360333268862461,4096,0.07383429741597543,302.42528221583535,0.07383429741597543,302.42528221583535,32768,0.06388102632275741,2093.253470544115,0.05536483300011241,0.06388102632275741,2093.253470544115,complete,complete
11788.626424209831,286277.94579739927,False,1107836928,0.007500124999978652,False,960,1,0.3,960,0.007911708000165163,0.9375,0.06643063543078306,2.206751065415964,2027,20.98113632092425,7.328939105834137e-05,cutoff_1e-14,complete,0.1396127499999693,0.16524395800001912,1024,0.0047556154928852425,4.869750264714488,0.07661014859005384,78.44879215621513,4096,27.656020045577954,113279.0581066873,27.580001503166457,112967.68615696981,32768,27.01874528224636,885350.2454086487,0.05536483300011241,26.935357031898995,882617.7792212663,complete,complete
1079.550115749665,630372.9216761845,False,1108819968,0.007155167000064466,False,992,0,0.0,992,0.007528207999939696,0.96875,0.0012353296623116644,0.0402368840274893,2027,21.01544911508804,3.33381215982552e-05,cutoff_1e-10,complete,0.1443672919999699,0.17019125000001623,1024,1.5810613635172124e-06,0.0016190068362416255,1.5810613635172124e-06,0.0016190068362416255,4096,0.2026314583528422,829.9784534132416,0.2026314583528422,829.9784534132416,32768,0.1942304509550922,6364.543416896461,0.056746416999885696,0.1942304509550922,6364.543416896461,complete,complete
22987.75083524237,630372.9216761845,False,1108819968,0.007155167000064466,False,992,1,0.3,992,0.007528207999939696,0.96875,0.0473199663496913,1.571916111903401,2027,21.01544911508804,3.33381215982552e-05,cutoff_1e-10,complete,0.1443672919999699,0.17019125000001623,1024,0.0024130080692006876,2.470920262861504,0.07888391733962126,80.77713135577217,4096,79.92892781814116,327388.8883431062,79.85570233610463,327088.95676868455,32768,72.82373583613898,2386288.175878602,0.056746416999885696,72.72528746204362,2383062.2195562455,complete,complete
1079.550115749665,630372.9216761845,False,1108819968,0.007155167000064466,False,992,0,0.0,992,0.007528207999939696,0.96875,0.0012353296623116644,0.0402368840274893,2027,21.01544911508804,3.33381215982552e-05,cutoff_1e-14,complete,0.1443672919999699,0.17019125000001623,1024,1.5810613635172124e-06,0.0016190068362416255,1.5810613635172124e-06,0.0016190068362416255,4096,0.2026314583528422,829.9784534132416,0.2026314583528422,829.9784534132416,32768,0.1942304509550922,6364.543416896461,0.056746416999885696,0.1942304509550922,6364.543416896461,complete,complete
22987.75083524237,630372.9216761845,False,1108819968,0.007155167000064466,False,992,1,0.3,992,0.007528207999939696,0.96875,0.0473199663496913,1.571916111903401,2027,21.01544911508804,3.33381215982552e-05,cutoff_1e-14,complete,0.1443672919999699,0.17019125000001623,1024,0.0024130080692006876,2.470920262861504,0.07888391733962126,80.77713135577217,4096,79.92892781814116,327388.8883431062,79.85570233610463,327088.95676868455,32768,72.82373583613898,2386288.175878602,0.056746416999885696,72.72528746204362,2383062.2195562455,complete,complete
2241.098145801172,4243028.645671181,False,1110261760,0.0077357090001441975,False,1023,0,0.0,1023,0.00935641699993539,0.9990234375,0.00020828366252035035,0.006784169302604889,2027,21.012235898832262,4.952178656693574e-06,cutoff_1e-10,complete,0.167249166999909,0.19568645799995465,1024,4.494624328750636e-08,4.602495312640651e-05,4.494624328750636e-08,4.602495312640651e-05,4096,0.689600051819362,2824.601812252107,0.689600051819362,2824.601812252107,32768,0.7298434076590272,23915.508782171004,0.0695762499999546,0.7298434076590272,23915.508782171004,complete,complete
86388.62631906269,4243028.645671181,False,1110261760,0.0077357090001441975,False,1023,1,0.3,1023,0.00935641699993539,0.9990234375,0.011516239355668378,0.38255653137904777,2027,21.012235898832262,4.952178656693574e-06,cutoff_1e-10,complete,0.167249166999909,0.19568645799995465,1024,0.00014291943330153157,0.14634949970076833,0.08115552520612573,83.10325781107275,4096,961.8131565307763,3939586.6891500596,961.9877130545786,3940301.672671554,32768,1003.5756535192139,32885167.0145176,0.0695762499999546,1003.5326601082932,32883758.20642855,complete,complete
2241.098145801172,4243028.645671181,False,1110261760,0.0077357090001441975,False,1023,0,0.0,1023,0.00935641699993539,0.9990234375,0.00020828366252035035,0.006784169302604889,2027,21.012235898832262,4.952178656693574e-06,cutoff_1e-14,complete,0.167249166999909,0.19568645799995465,1024,4.494624328750636e-08,4.602495312640651e-05,4.494624328750636e-08,4.602495312640651e-05,4096,0.689600051819362,2824.601812252107,0.689600051819362,2824.601812252107,32768,0.7298434076590272,23915.508782171004,0.0695762499999546,0.7298434076590272,23915.508782171004,complete,complete
86388.62631906269,4243028.645671181,False,1110261760,0.0077357090001441975,False,1023,1,0.3,1023,0.00935641699993539,0.9990234375,0.011516239355668378,0.38255653137904777,2027,21.012235898832262,4.952178656693574e-06,cutoff_1e-14,complete,0.167249166999909,0.19568645799995465,1024,0.00014291943330153157,0.14634949970076833,0.08115552520612573,83.10325781107275,4096,961.8131565307763,3939586.6891500596,961.9877130545786,3940301.672671554,32768,1003.5756535192139,32885167.0145176,0.0695762499999546,1003.5326601082932,32883758.20642855,complete,complete
3963.411090541035,7989397.0436940435,False,1110458368,0.007508916999995563,True,1024,0,0.0,1024,0.008038916000032259,1.0,1.665538108460444e-13,5.4249538206732654e-12,2027,21.002149048953726,2.6287526998712032e-06,cutoff_1e-10,complete,0.16354541600003358,0.19001587499997186,1024,2.8740355426208454e-26,2.943012395643746e-23,2.8740355426208454e-26,2.943012395643746e-23,4096,1.941298697983797,7951.559466941632,1.941298697983797,7951.559466941632,32768,2.195751620559701,71950.38910250028,0.0604432079999242,2.195751620559701,71950.38910250028,complete,complete
177661.590733839,7989397.0436940435,False,1110458368,0.007508916999995563,True,1024,1,0.3,1024,0.008038916000032259,1.0,6.598893002433633e-12,2.1920781081281786e-10,2027,21.002149048953726,2.6287526998712032e-06,cutoff_1e-10,complete,0.16354541600003358,0.19001587499997186,1024,4.6925844063816546e-23,4.8052064321348143e-20,0.08129337563877079,83.24441665410129,4096,4014.971917750381,16445324.975105561,4015.8872453810654,16449074.157080844,32768,4703.107953225642,154111441.41129783,0.0604432079999242,4703.161116901574,154113183.47863078,complete,complete
3963.411090541035,7989397.0436940435,False,1110458368,0.007508916999995563,True,1024,0,0.0,1024,0.008038916000032259,1.0,1.665538108460444e-13,5.4249538206732654e-12,2027,21.002149048953726,2.6287526998712032e-06,cutoff_1e-14,complete,0.16354541600003358,0.19001587499997186,1024,2.8740355426208454e-26,2.943012395643746e-23,2.8740355426208454e-26,2.943012395643746e-23,4096,1.941298697983797,7951.559466941632,1.941298697983797,7951.559466941632,32768,2.195751620559701,71950.38910250028,0.0604432079999242,2.195751620559701,71950.38910250028,complete,complete
177661.590733839,7989397.0436940435,False,1110458368,0.007508916999995563,True,1024,1,0.3,1024,0.008038916000032259,1.0,6.598893002433633e-12,2.1920781081281786e-10,2027,21.002149048953726,2.6287526998712032e-06,cutoff_1e-14,complete,0.16354541600003358,0.19001587499997186,1024,4.6925844063816546e-23,4.8052064321348143e-20,0.08129337563877079,83.24441665410129,4096,4014.971917750381,16445324.975105561,4015.8872453810654,16449074.157080844,32768,4703.107953225642,154111441.41129783,0.0604432079999242,4703.161116901574,154113183.47863078,complete,complete
3646.939609553154,7920103.918687801,False,1124990976,0.009059541999931753,True,1025,0,0.0,1024,0.009557625000070402,1.0009765625,1.398372889500044e-13,4.554749189516576e-12,2027,21.002518512668527,2.6517983511696414e-06,cutoff_1e-10,complete,0.18037216700008685,0.21038883300002453,1024,2.0259511893947176e-26,2.074574017940191e-23,2.0259511893947176e-26,2.074574017940191e-23,4096,1.7265370107572229,7071.895596061585,1.7265370107572229,7071.895596061585,32768,1.9018264002354073,62319.047482913826,0.07107274999998481,1.9018264002354073,62319.047482913826,complete,complete
162623.284742173,7920103.918687801,False,1124990976,0.009059541999931753,True,1025,1,0.3,1024,0.009557625000070402,1.0009765625,7.088523768780269e-12,2.3547279470600497e-10,2027,21.002518512668527,2.6517983511696414e-06,cutoff_1e-10,complete,0.18037216700008685,0.21038883300002453,1024,5.414788774087537e-23,5.544743704665638e-20,0.08129337563884101,83.2444166541732,4096,3351.1827384165135,13726444.49655404,3351.81676602866,13729041.473653391,32768,4030.574599512083,132073868.47681193,0.07107274999998481,4030.514259736885,132071891.26305825,complete,complete
3646.939609553154,7920103.918687801,False,1124990976,0.009059541999931753,True,1025,0,0.0,1024,0.009557625000070402,1.0009765625,1.398372889500044e-13,4.554749189516576e-12,2027,21.002518512668527,2.6517983511696414e-06,cutoff_1e-14,complete,0.18037216700008685,0.21038883300002453,1024,2.0259511893947176e-26,2.074574017940191e-23,2.0259511893947176e-26,2.074574017940191e-23,4096,1.7265370107572229,7071.895596061585,1.7265370107572229,7071.895596061585,32768,1.9018264002354073,62319.047482913826,0.07107274999998481,1.9018264002354073,62319.047482913826,complete,complete
162623.284742173,7920103.918687801,False,1124990976,0.009059541999931753,True,1025,1,0.3,1024,0.009557625000070402,1.0009765625,7.088523768780269e-12,2.3547279470600497e-10,2027,21.002518512668527,2.6517983511696414e-06,cutoff_1e-14,complete,0.18037216700008685,0.21038883300002453,1024,5.414788774087537e-23,5.544743704665638e-20,0.08129337563884101,83.2444166541732,4096,3351.1827384165135,13726444.49655404,3351.81676602866,13729041.473653391,32768,4030.574599512083,132073868.47681193,0.07107274999998481,4030.514259736885,132071891.26305825,complete,complete
683.0663166920872,730931.0150453947,False,1135345664,0.007752292000077432,True,1056,0,0.0,1024,0.025425124999856052,1.03125,2.9798786502170166e-14,9.70599470916965e-13,2027,21.038397756730866,2.8783014160952344e-05,cutoff_1e-10,complete,0.19668641699990985,0.24430849999998827,1024,9.199837235784108e-28,9.420633329442926e-25,9.199837235784108e-28,9.420633329442926e-25,4096,0.10811375378865133,442.83393551831585,0.10811375378865133,442.83393551831585,32768,0.10540174138913341,3453.8042618391237,0.06186329199999818,0.10540174138913341,3453.8042618391237,complete,complete
30341.302134553505,730931.0150453947,False,1135345664,0.007752292000077432,True,1056,1,0.3,1024,0.025425124999856052,1.03125,1.329074835673084e-12,4.415037264990606e-11,2027,21.038397756730866,2.8783014160952344e-05,cutoff_1e-10,complete,0.19668641699990985,0.24430849999998827,1024,1.9035697315679427e-24,1.9492554051255733e-21,0.0812933756388795,83.24441665421261,4096,220.34372656379253,902527.9040052942,220.1703248036132,901817.6503955997,32768,218.83323407512023,7170727.41417354,0.06186329199999818,218.79773220852525,7169564.089008955,complete,complete
683.0663166920872,730931.0150453947,False,1135345664,0.007752292000077432,True,1056,0,0.0,1024,0.025425124999856052,1.03125,2.9798786502170166e-14,9.70599470916965e-13,2027,21.038397756730866,2.8783014160952344e-05,cutoff_1e-14,complete,0.19668641699990985,0.24430849999998827,1024,9.199837235784108e-28,9.420633329442926e-25,9.199837235784108e-28,9.420633329442926e-25,4096,0.10811375378865133,442.83393551831585,0.10811375378865133,442.83393551831585,32768,0.10540174138913341,3453.8042618391237,0.06186329199999818,0.10540174138913341,3453.8042618391237,complete,complete
30341.302134553505,730931.0150453947,False,1135345664,0.007752292000077432,True,1056,1,0.3,1024,0.025425124999856052,1.03125,1.329074835673084e-12,4.415037264990606e-11,2027,21.038397756730866,2.8783014160952344e-05,cutoff_1e-14,complete,0.19668641699990985,0.24430849999998827,1024,1.9035697315679427e-24,1.9492554051255733e-21,0.0812933756388795,83.24441665421261,4096,220.34372656379253,902527.9040052942,220.1703248036132,901817.6503955997,32768,218.83323407512023,7170727.41417354,0.06186329199999818,218.79773220852525,7169564.089008955,complete,complete
415.29518930935564,420510.565906962,False,1157578752,0.009471915999938574,True,1088,0,0.0,1024,0.010285792000104266,1.0625,1.916363483451874e-14,6.241936674124366e-13,2027,21.011472236431384,4.996657382701812e-05,cutoff_1e-10,complete,0.1903864999999314,0.22174570900006074,1024,3.8048606878690195e-28,3.896177344377876e-25,3.8048606878690195e-28,3.896177344377876e-25,4096,0.04509594734305125,184.71300031713793,0.04509594734305125,184.71300031713793,32768,0.047959317567480106,1571.530918051188,0.06339487500008545,0.047959317567480106,1571.530918051188,complete,complete
18150.570781826464,420510.565906962,False,1157578752,0.009471915999938574,True,1088,1,0.3,1024,0.010285792000104266,1.0625,8.187889667249301e-13,2.7199249457032882e-11,2027,21.011472236431384,4.996657382701812e-05,cutoff_1e-10,complete,0.1903864999999314,0.22174570900006074,1024,7.2246012795498395e-25,7.397991710259036e-22,0.08129337563892264,83.24441665425678,4096,105.38963771690418,431675.9560884395,105.22060802454573,430983.6104685393,32768,100.27237645023425,3285725.231521276,0.06339487500008545,100.19344123646718,3283138.6824365566,complete,complete
415.29518930935564,420510.565906962,False,1157578752,0.009471915999938574,True,1088,0,0.0,1024,0.010285792000104266,1.0625,1.916363483451874e-14,6.241936674124366e-13,2027,21.011472236431384,4.996657382701812e-05,cutoff_1e-14,complete,0.1903864999999314,0.22174570900006074,1024,3.8048606878690195e-28,3.896177344377876e-25,3.8048606878690195e-28,3.896177344377876e-25,4096,0.04509594734305125,184.71300031713793,0.04509594734305125,184.71300031713793,32768,0.047959317567480106,1571.530918051188,0.06339487500008545,0.047959317567480106,1571.530918051188,complete,complete
18150.570781826464,420510.565906962,False,1157578752,0.009471915999938574,True,1088,1,0.3,1024,0.010285792000104266,1.0625,8.187889667249301e-13,2.7199249457032882e-11,2027,21.011472236431384,4.996657382701812e-05,cutoff_1e-14,complete,0.1903864999999314,0.22174570900006074,1024,7.2246012795498395e-25,7.397991710259036e-22,0.08129337563892264,83.24441665425678,4096,105.38963771690418,431675.9560884395,105.22060802454573,430983.6104685393,32768,100.27237645023425,3285725.231521276,0.06339487500008545,100.19344123646718,3283138.6824365566,complete,complete
251.31949109067023,214193.2368411156,False,1178075136,0.008316458000081184,True,1152,0,0.0,1024,0.011262333000104263,1.125,1.2734513490367959e-14,4.147857516021983e-13,2027,20.879434211132104,9.747942801116574e-05,cutoff_1e-10,complete,0.2009391249998771,0.23114862499983246,1024,1.6801486301972712e-28,1.7204721973220057e-25,1.6801486301972712e-28,1.7204721973220057e-25,4096,0.02526649507012098,103.49156380721553,0.02526649507012098,103.49156380721553,32768,0.025489972154269555,835.2554075511048,0.06547158400007902,0.025489972154269555,835.2554075511048,complete,complete
10572.246072794238,214193.2368411156,False,1178075136,0.008316458000081184,True,1152,1,0.3,1024,0.011262333000104263,1.125,3.8386625673915664e-13,1.2751605724425124e-11,2027,20.879434211132104,9.747942801116574e-05,cutoff_1e-10,complete,0.2009391249998771,0.23114862499983246,1024,1.5879243022577302e-25,1.6260344855119158e-22,0.08129337563893155,83.2444166542659,4096,60.997765045563284,249846.8456266272,60.93714876292397,249598.56133293657,32768,55.33779884865757,1813308.9926728113,0.06547158400007902,55.26660052379192,1810975.9659636137,complete,complete
251.31949109067023,214193.2368411156,False,1178075136,0.008316458000081184,True,1152,0,0.0,1024,0.011262333000104263,1.125,1.2734513490367959e-14,4.147857516021983e-13,2027,20.879434211132104,9.747942801116574e-05,cutoff_1e-14,complete,0.2009391249998771,0.23114862499983246,1024,1.6801486301972712e-28,1.7204721973220057e-25,1.6801486301972712e-28,1.7204721973220057e-25,4096,0.02526649507012098,103.49156380721553,0.02526649507012098,103.49156380721553,32768,0.025489972154269555,835.2554075511048,0.06547158400007902,0.025489972154269555,835.2554075511048,complete,complete
10572.246072794238,214193.2368411156,False,1178075136,0.008316458000081184,True,1152,1,0.3,1024,0.011262333000104263,1.125,3.8386625673915664e-13,1.2751605724425124e-11,2027,20.879434211132104,9.747942801116574e-05,cutoff_1e-14,complete,0.2009391249998771,0.23114862499983246,1024,1.5879243022577302e-25,1.6260344855119158e-22,0.08129337563893155,83.2444166542659,4096,60.997765045563284,249846.8456266272,60.93714876292397,249598.56133293657,32768,55.33779884865757,1813308.9926728113,0.06547158400007902,55.26660052379192,1810975.9659636137,complete,complete
136.70613313901075,118993.50058575669,False,1194557440,0.007851292000168542,True,1280,0,0.0,1024,0.012298666999868146,1.25,1.0908692256828381e-14,3.553155069620881e-13,2027,20.691978201337392,0.0001738916671875286,cutoff_1e-10,complete,0.22401895899997726,0.25499712500004534,1024,1.232901459841071e-28,1.2624910948772567e-25,1.232901459841071e-28,1.2624910948772567e-25,4096,0.012999257337241422,53.244958053340866,0.012999257337241422,53.244958053340866,32768,0.01397219453350516,457.8408704738971,0.07300116699980208,0.01397219453350516,457.8408704738971,complete,complete
5992.962944013796,118993.50058575669,False,1194557440,0.007851292000168542,True,1280,1,0.3,1024,0.012298666999868146,1.25,2.545082028665339e-13,8.45447652563882e-12,2027,20.691978201337392,0.0001738916671875286,cutoff_1e-10,complete,0.22401895899997726,0.25499712500004534,1024,6.980290363532993e-26,7.147817332257785e-23,0.08129337563893252,83.2444166542669,4096,27.152509492506816,111216.67888130792,27.12166067706126,111090.32213324292,32768,25.293552901027983,828819.141460885,0.07300116699980208,25.223967826927293,826538.9777527535,complete,complete
136.70613313901075,118993.50058575669,False,1194557440,0.007851292000168542,True,1280,0,0.0,1024,0.012298666999868146,1.25,1.0908692256828381e-14,3.553155069620881e-13,2027,20.691978201337392,0.0001738916671875286,cutoff_1e-14,complete,0.22401895899997726,0.25499712500004534,1024,1.232901459841071e-28,1.2624910948772567e-25,1.232901459841071e-28,1.2624910948772567e-25,4096,0.012999257337241422,53.244958053340866,0.012999257337241422,53.244958053340866,32768,0.01397219453350516,457.8408704738971,0.07300116699980208,0.01397219453350516,457.8408704738971,complete,complete
5992.962944013796,118993.50058575669,False,1194557440,0.007851292000168542,True,1280,1,0.3,1024,0.012298666999868146,1.25,2.545082028665339e-13,8.45447652563882e-12,2027,20.691978201337392,0.0001738916671875286,cutoff_1e-14,complete,0.22401895899997726,0.25499712500004534,1024,6.980290363532993e-26,7.147817332257785e-23,0.08129337563893252,83.2444166542669,4096,27.152509492506816,111216.67888130792,27.12166067706126,111090.32213324292,32768,25.293552901027983,828819.141460885,0.07300116699980208,25.223967826927293,826538.9777527535,complete,complete
85.51286263090904,69003.48190424978,False,1206861824,0.008330624999871361,True,1536,0,0.0,1024,0.013532209000004514,1.5,6.160738716687836e-15,2.0066621633868873e-13,2027,20.665632607177695,0.0002994868090258637,cutoff_1e-10,complete,0.27218633299980866,0.30639512499988086,1024,3.932317419891155e-29,4.0266930379685426e-26,3.932317419891155e-29,4.0266930379685426e-26,4096,0.008515173070018922,34.878148894797505,0.008515173070018922,34.878148894797505,32768,0.00844426600476297,276.701708444073,0.08983725000007325,0.00844426600476297,276.701708444073,complete,complete
3532.722463573155,69003.48190424978,False,1206861824,0.008330624999871361,True,1536,1,0.3,1024,0.013532209000004514,1.5,1.3033495497845055e-13,4.329580755844459e-12,2027,20.665632607177695,0.0002994868090258637,cutoff_1e-10,complete,0.27218633299980866,0.30639512499988086,1024,1.8305927266971366e-26,1.8745269521378678e-23,0.08129337563892737,83.24441665426163,4096,18.8428819908164,77180.44463438398,18.757523018862308,76830.81428526001,32768,16.602610555764258,544034.3426912832,0.08983725000007325,16.5232008981893,541432.247031867,complete,complete
85.51286263090904,69003.48190424978,False,1206861824,0.008330624999871361,True,1536,0,0.0,1024,0.013532209000004514,1.5,6.160738716687836e-15,2.0066621633868873e-13,2027,20.665632607177695,0.0002994868090258637,cutoff_1e-14,complete,0.27218633299980866,0.30639512499988086,1024,3.932317419891155e-29,4.0266930379685426e-26,3.932317419891155e-29,4.0266930379685426e-26,4096,0.008515173070018922,34.878148894797505,0.008515173070018922,34.878148894797505,32768,0.00844426600476297,276.701708444073,0.08983725000007325,0.00844426600476297,276.701708444073,complete,complete
3532.722463573155,69003.48190424978,False,1206861824,0.008330624999871361,True,1536,1,0.3,1024,0.013532209000004514,1.5,1.3033495497845055e-13,4.329580755844459e-12,2027,20.665632607177695,0.0002994868090258637,cutoff_1e-14,complete,0.27218633299980866,0.30639512499988086,1024,1.8305927266971366e-26,1.8745269521378678e-23,0.08129337563892737,83.24441665426163,4096,18.8428819908164,77180.44463438398,18.757523018862308,76830.81428526001,32768,16.602610555764258,544034.3426912832,0.08983725000007325,16.5232008981893,541432.247031867,complete,complete
50.04479487173533,44931.85603130816,False,1207025664,0.009288834000017232,True,2048,0,0.0,1024,0.017594916000007288,2.0,6.487912983649813e-15,2.1132286406452192e-13,2027,20.68693928384942,0.0004604069609195517,cutoff_1e-10,complete,0.3636042919999909,0.40592245799984994,1024,4.3610696168391025e-29,4.465735287643241e-26,4.3610696168391025e-29,4.465735287643241e-26,4096,0.003951241798779618,16.184286407801316,0.003951241798779618,16.184286407801316,32768,0.003968959823796818,130.05487550617414,0.12760537499980273,0.003968959823796818,130.05487550617414,complete,complete
2331.507871004607,44931.85603130816,False,1207025664,0.009288834000017232,True,2048,1,0.3,1024,0.017594916000007288,2.0,1.0812423370919322e-13,3.5917655519591983e-12,2027,20.68693928384942,0.0004604069609195517,cutoff_1e-10,complete,0.3636042919999909,0.40592245799984994,1024,1.2598417754141372e-26,1.2900779780240765e-23,0.08129337563892511,83.24441665425931,4096,11.996615325273227,49138.13637231914,11.916419384851444,48809.653800351516,32768,11.254674993825496,368793.19019767386,0.12760537499980273,11.17528840208826,366191.8503596281,complete,complete
50.04479487173533,44931.85603130816,False,1207025664,0.009288834000017232,True,2048,0,0.0,1024,0.017594916000007288,2.0,6.487912983649813e-15,2.1132286406452192e-13,2027,20.68693928384942,0.0004604069609195517,cutoff_1e-14,complete,0.3636042919999909,0.40592245799984994,1024,4.3610696168391025e-29,4.465735287643241e-26,4.3610696168391025e-29,4.465735287643241e-26,4096,0.003951241798779618,16.184286407801316,0.003951241798779618,16.184286407801316,32768,0.003968959823796818,130.05487550617414,0.12760537499980273,0.003968959823796818,130.05487550617414,complete,complete
2331.507871004607,44931.85603130816,False,1207025664,0.009288834000017232,True,2048,1,0.3,1024,0.017594916000007288,2.0,1.0812423370919322e-13,3.5917655519591983e-12,2027,20.68693928384942,0.0004604069609195517,cutoff_1e-14,complete,0.3636042919999909,0.40592245799984994,1024,1.2598417754141372e-26,1.2900779780240765e-23,0.08129337563892511,83.24441665425931,4096,11.996615325273227,49138.13637231914,11.916419384851444,48809.653800351516,32768,11.254674993825496,368793.19019767386,0.12760537499980273,11.17528840208826,366191.8503596281,complete,complete
40.46051707333479,30258.399073482382,False,1207140352,0.010988624999981766,True,3072,0,0.0,1024,0.021082917000057932,3.0,1.6269842216233536e-14,5.299376954772544e-13,2027,20.87553401785456,0.0006899087412773697,cutoff_1e-10,complete,0.5266100420001294,0.5781345830000646,1024,2.7425191512474926e-28,2.8083396108774324e-25,2.7425191512474926e-28,2.8083396108774324e-25,4096,0.0038499149274706943,15.769251542919964,0.0038499149274706943,15.769251542919964,32768,0.003979737367561424,130.40803406025273,0.15785954099965238,0.003979737367561424,130.40803406025273,complete,complete
1611.355386737514,30258.399073482382,False,1207140352,0.010988624999981766,True,3072,1,0.3,1024,0.021082917000057932,3.0,8.198553572490884e-14,2.723467375201479e-12,2027,20.87553401785456,0.0006899087412773697,cutoff_1e-10,complete,0.5266100420001294,0.5781345830000646,1024,7.24343217166683e-27,7.417274543786834e-24,0.08129337563892747,83.24441665426173,4096,8.990576121417925,36825.39979332782,8.906548328740495,36481.22195452107,32768,8.3783333629363,274541.22763669665,0.15785954099965238,8.287025055772883,271549.23702756583,complete,complete
40.46051707333479,30258.399073482382,False,1207140352,0.010988624999981766,True,3072,0,0.0,1024,0.021082917000057932,3.0,1.6269842216233536e-14,5.299376954772544e-13,2027,20.87553401785456,0.0006899087412773697,cutoff_1e-14,complete,0.5266100420001294,0.5781345830000646,1024,2.7425191512474926e-28,2.8083396108774324e-25,2.7425191512474926e-28,2.8083396108774324e-25,4096,0.0038499149274706943,15.769251542919964,0.0038499149274706943,15.769251542919964,32768,0.003979737367561424,130.40803406025273,0.15785954099965238,0.003979737367561424,130.40803406025273,complete,complete
1611.355386737514,30258.399073482382,False,1207140352,0.010988624999981766,True,3072,1,0.3,1024,0.021082917000057932,3.0,8.198553572490884e-14,2.723467375201479e-12,2027,20.87553401785456,0.0006899087412773697,cutoff_1e-14,complete,0.5266100420001294,0.5781345830000646,1024,7.24343217166683e-27,7.417274543786834e-24,0.08129337563892747,83.24441665426173,4096,8.990576121417925,36825.39979332782,8.906548328740495,36481.22195452107,32768,8.3783333629363,274541.22763669665,0.15785954099965238,8.287025055772883,271549.23702756583,complete,complete
34.88435340146866,24305.3300365698,False,1207173120,0.012998124999967331,True,4096,0,0.0,1024,0.02837154200005898,4.0,1.165212201612072e-14,3.795303363471881e-13,2027,20.89255444633885,0.0008595873586124487,cutoff_1e-10,complete,0.6897328750001179,0.7564437500000167,1024,1.406672619216892e-28,1.4404327620780974e-25,1.406672619216892e-28,1.4404327620780974e-25,4096,0.003453151490269873,14.1441085041454,0.003453151490269873,14.1441085041454,32768,0.0036737116217460146,120.3801824213734,0.21480991699991137,0.0036737116217460146,120.3801824213734,complete,complete
1316.4794859581648,24305.3300365698,False,1207173120,0.012998124999967331,True,4096,1,0.3,1024,0.02837154200005898,4.0,5.278681233079881e-14,1.7535185926721414e-12,2027,20.89255444633885,0.0008595873586124487,cutoff_1e-10,complete,0.6897328750001179,0.7564437500000167,1024,3.0027611863739138e-27,3.0748274548468877e-24,0.08129337563892475,83.24441665425894,4096,7.475782748217217,30620.80613669772,7.365805899567266,30170.34096462752,32768,6.893481787930321,225885.61122690077,0.21480991699991137,6.805720532343718,223009.85040383897,complete,complete
34.88435340146866,24305.3300365698,False,1207173120,0.012998124999967331,True,4096,0,0.0,1024,0.02837154200005898,4.0,1.165212201612072e-14,3.795303363471881e-13,2027,20.89255444633885,0.0008595873586124487,cutoff_1e-14,complete,0.6897328750001179,0.7564437500000167,1024,1.406672619216892e-28,1.4404327620780974e-25,1.406672619216892e-28,1.4404327620780974e-25,4096,0.003453151490269873,14.1441085041454,0.003453151490269873,14.1441085041454,32768,0.0036737116217460146,120.3801824213734,0.21480991699991137,0.0036737116217460146,120.3801824213734,complete,complete
1316.4794859581648,24305.3300365698,False,1207173120,0.012998124999967331,True,4096,1,0.3,1024,0.02837154200005898,4.0,5.278681233079881e-14,1.7535185926721414e-12,2027,20.89255444633885,0.0008595873586124487,cutoff_1e-14,complete,0.6897328750001179,0.7564437500000167,1024,3.0027611863739138e-27,3.0748274548468877e-24,0.08129337563892475,83.24441665425894,4096,7.475782748217217,30620.80613669772,7.365805899567266,30170.34096462752,32768,6.893481787930321,225885.61122690077,0.21480991699991137,6.805720532343718,223009.85040383897,complete,complete
28.59995386495954,17866.081166503453,False,1257897984,0.021261999999978798,True,8192,0,0.0,1024,0.06532045800008746,8.0,9.059604015674349e-15,2.950874145056325e-13,2027,20.936508684301515,0.0011718579183192513,cutoff_1e-10,complete,1.342105500000116,1.4803322089999256,1024,8.50357248043154e-29,8.707658219961897e-26,8.50357248043154e-29,8.707658219961897e-26,4096,0.0033551424017787593,13.742663277685798,0.0033551424017787593,13.742663277685798,32768,0.003426873725711565,112.29179824411656,0.4331466659996295,0.003426873725711565,112.29179824411656,complete,complete
924.8362660513073,17866.081166503453,False,1257897984,0.021261999999978798,True,8192,1,0.3,1024,0.06532045800008746,8.0,4.1840258387630616e-14,1.389886370579531e-12,2027,20.936508684301515,0.0011718579183192513,cutoff_1e-10,complete,1.342105500000116,1.4803322089999256,1024,1.886507932737052e-27,1.9317841231227412e-24,0.08129337563892619,83.24441665426042,4096,5.738644321604548,23505.48714129223,5.622613062359399,23030.223103424098,32768,4.895700420307191,160422.31137262605,0.4331466659996295,4.804235062096065,157425.17451476387,complete,complete
28.59995386495954,17866.081166503453,False,1257897984,0.021261999999978798,True,8192,0,0.0,1024,0.06532045800008746,8.0,9.059604015674349e-15,2.950874145056325e-13,2027,20.936508684301515,0.0011718579183192513,cutoff_1e-14,complete,1.342105500000116,1.4803322089999256,1024,8.50357248043154e-29,8.707658219961897e-26,8.50357248043154e-29,8.707658219961897e-26,4096,0.0033551424017787593,13.742663277685798,0.0033551424017787593,13.742663277685798,32768,0.003426873725711565,112.29179824411656,0.4331466659996295,0.003426873725711565,112.29179824411656,complete,complete
924.8362660513073,17866.081166503453,False,1257897984,0.021261999999978798,True,8192,1,0.3,1024,0.06532045800008746,8.0,4.1840258387630616e-14,1.389886370579531e-12,2027,20.936508684301515,0.0011718579183192513,cutoff_1e-14,complete,1.342105500000116,1.4803322089999256,1024,1.886507932737052e-27,1.9317841231227412e-24,0.08129337563892619,83.24441665426042,4096,5.738644321604548,23505.48714129223,5.622613062359399,23030.223103424098,32768,4.895700420307191,160422.31137262605,0.4331466659996295,4.804235062096065,157425.17451476387,complete,complete
15.35269001882121,72.89035241308638,False,1257930752,0.005516707999959181,False,64,0,0.0,64,0.0007217079999009002,0.0625,0.3452158312187393,11.244293559023507,2028,21.056934888395237,0.28888507451659373,cutoff_1e-10,complete,0.002859624999928201,0.015407542000048124,1024,0.12347083754052478,126.43413764149737,0.12347083754052478,126.43413764149737,4096,0.1690083591269783,692.2582389841032,0.1690083591269783,692.2582389841032,32768,0.1705147521241341,5587.427397603627,0.008015249999971275,0.1705147521241341,5587.427397603627,complete,complete
14.65067051522753,72.89035241308638,False,1257930752,0.005516707999959181,False,64,1,0.3,64,0.0007217079999009002,0.0625,0.423487412544814,14.067776000686406,2028,21.056934888395237,0.28888507451659373,cutoff_1e-10,complete,0.002859624999928201,0.015407542000048124,1024,0.19326398594285993,197.90232160548857,0.1300639976067427,133.18553354930452,4096,0.25742172709133426,1054.3993941661051,0.17016270748901896,696.9864498750217,32768,0.2668790289195868,8745.09201963702,0.008015249999971275,0.1735294558342611,5686.213208777068,complete,complete
15.35269001882121,72.89035241308638,False,1257930752,0.005516707999959181,False,64,0,0.0,64,0.0007217079999009002,0.0625,0.3452158312187393,11.244293559023507,2028,21.056934888395237,0.28888507451659373,cutoff_1e-14,complete,0.002859624999928201,0.015407542000048124,1024,0.12347083754052478,126.43413764149737,0.12347083754052478,126.43413764149737,4096,0.1690083591269783,692.2582389841032,0.1690083591269783,692.2582389841032,32768,0.1705147521241341,5587.427397603627,0.008015249999971275,0.1705147521241341,5587.427397603627,complete,complete
14.65067051522753,72.89035241308638,False,1257930752,0.005516707999959181,False,64,1,0.3,64,0.0007217079999009002,0.0625,0.423487412544814,14.067776000686406,2028,21.056934888395237,0.28888507451659373,cutoff_1e-14,complete,0.002859624999928201,0.015407542000048124,1024,0.19326398594285993,197.90232160548857,0.1300639976067427,133.18553354930452,4096,0.25742172709133426,1054.3993941661051,0.17016270748901896,696.9864498750217,32768,0.2668790289195868,8745.09201963702,0.008015249999971275,0.1735294558342611,5686.213208777068,complete,complete
18.37823461488705,204.241216778381,False,1257996288,0.00531924999995681,False,128,0,0.0,128,0.0011805829999502748,0.125,0.19427468969800224,6.327872144045396,2028,21.018708034181245,0.1029111967002641,cutoff_1e-10,complete,0.006717124999795487,0.019429791999982626,1024,0.039103482296275166,40.04196587138577,0.039103482296275166,40.04196587138577,4096,0.06738841856102913,276.0229624259753,0.06738841856102913,276.0229624259753,32768,0.06342473181725114,2078.3016121876854,0.011305832999823906,0.06342473181725114,2078.3016121876854,complete,complete
19.857455662568118,204.241216778381,False,1257996288,0.00531924999995681,False,128,1,0.3,128,0.0011805829999502748,0.125,0.31571522936463303,10.487705171725718,2028,21.018708034181245,0.1029111967002641,cutoff_1e-10,complete,0.006717124999795487,0.019429791999982626,1024,0.1074140232119556,109.99195976904254,0.05146787552220185,52.70310453473469,4096,0.17077539203467945,699.496005774047,0.0793030471579344,324.8252811588993,32768,0.16869870193233216,5527.91906491866,0.011305832999823906,0.07602981779740023,2491.3450695852107,complete,complete
18.37823461488705,204.241216778381,False,1257996288,0.00531924999995681,False,128,0,0.0,128,0.0011805829999502748,0.125,0.19427468969800224,6.327872144045396,2028,21.018708034181245,0.1029111967002641,cutoff_1e-14,complete,0.006717124999795487,0.019429791999982626,1024,0.039103482296275166,40.04196587138577,0.039103482296275166,40.04196587138577,4096,0.06738841856102913,276.0229624259753,0.06738841856102913,276.0229624259753,32768,0.06342473181725114,2078.3016121876854,0.011305832999823906,0.06342473181725114,2078.3016121876854,complete,complete
19.857455662568118,204.241216778381,False,1257996288,0.00531924999995681,False,128,1,0.3,128,0.0011805829999502748,0.125,0.31571522936463303,10.487705171725718,2028,21.018708034181245,0.1029111967002641,cutoff_1e-14,complete,0.006717124999795487,0.019429791999982626,1024,0.1074140232119556,109.99195976904254,0.05146787552220185,52.70310453473469,4096,0.17077539203467945,699.496005774047,0.0793030471579344,324.8252811588993,32768,0.16869870193233216,5527.91906491866,0.011305832999823906,0.07602981779740023,2491.3450695852107,complete,complete
51.85693806309871,1069.0443767118452,False,1262567424,0.005475625000144646,False,256,0,0.0,256,0.002578082999889375,0.25,0.08663002816470677,2.8216940812694715,2028,20.72362441042987,0.019385186304586684,cutoff_1e-10,complete,0.016493291999950088,0.03084941599990998,1024,0.007775349109639814,7.961957488271169,0.007775349109639814,7.961957488271169,4096,0.033313097641711455,136.45044794045012,0.033313097641711455,136.45044794045012,32768,0.03090474234069465,1012.6865970198822,0.017768666999927518,0.03090474234069465,1012.6865970198822,complete,complete
65.41036456989536,1069.0443767118452,False,1262567424,0.005475625000144646,False,256,1,0.3,256,0.002578082999889375,0.25,0.2465877144557862,8.191366800348838,2028,20.72362441042987,0.019385186304586684,cutoff_1e-10,complete,0.016493291999950088,0.03084941599990998,1024,0.06552586919712625,67.09849005785728,0.03212805399105799,32.89912728684338,4096,0.16866898924441803,690.8681799451363,0.07772900736588097,318.37801417064844,32768,0.16461263079629518,5394.026685933,0.017768666999927518,0.072903574109034,2388.904316404826,complete,complete
51.85693806309871,1069.0443767118452,False,1262567424,0.005475625000144646,False,256,0,0.0,256,0.002578082999889375,0.25,0.08663002816470677,2.8216940812694715,2028,20.72362441042987,0.019385186304586684,cutoff_1e-14,complete,0.016493291999950088,0.03084941599990998,1024,0.007775349109639814,7.961957488271169,0.007775349109639814,7.961957488271169,4096,0.033313097641711455,136.45044794045012,0.033313097641711455,136.45044794045012,32768,0.03090474234069465,1012.6865970198822,0.017768666999927518,0.03090474234069465,1012.6865970198822,complete,complete
65.41036456989536,1069.0443767118452,False,1262567424,0.005475625000144646,False,256,1,0.3,256,0.002578082999889375,0.25,0.2465877144557862,8.191366800348838,2028,20.72362441042987,0.019385186304586684,cutoff_1e-14,complete,0.016493291999950088,0.03084941599990998,1024,0.06552586919712625,67.09849005785728,0.03212805399105799,32.89912728684338,4096,0.16866898924441803,690.8681799451363,0.07772900736588097,318.37801417064844,32768,0.16461263079629518,5394.026685933,0.017768666999927518,0.072903574109034,2388.904316404826,complete,complete
82.64556442756803,3120.6079546791425,False,1262649344,0.005981249999877036,False,384,0,0.0,384,0.0030260000000907894,0.375,0.05028977200902723,1.6380273103047949,2028,20.846712867162182,0.006680337027246224,cutoff_1e-10,complete,0.030301624999992782,0.04654266599982293,1024,0.0026202475286175387,2.6831334693043596,0.0026202475286175387,2.6831334693043596,4096,0.0233335798391833,95.5743430212948,0.0233335798391833,95.5743430212948,32768,0.02202702093480626,721.7814219917316,0.023362916000223777,0.02202702093480626,721.7814219917316,complete,complete
151.8803146154271,3120.6079546791425,False,1262649344,0.005981249999877036,False,384,1,0.3,384,0.0030260000000907894,0.375,0.21810193000631278,7.245101048479243,2028,20.846712867162182,0.006680337027246224,cutoff_1e-10,complete,0.030301624999992782,0.04654266599982293,1024,0.051261219924487275,52.49148920267497,0.036328715693564884,37.20060487021044,4096,0.20368208146761088,834.2818056913342,0.11376211289719518,465.96961442691145,32768,0.2038328699168954,6679.195481436828,0.023362916000223777,0.11157570481568382,3656.1126954003275,complete,complete
82.64556442756803,3120.6079546791425,False,1262649344,0.005981249999877036,False,384,0,0.0,384,0.0030260000000907894,0.375,0.05028977200902723,1.6380273103047949,2028,20.846712867162182,0.006680337027246224,cutoff_1e-14,complete,0.030301624999992782,0.04654266599982293,1024,0.0026202475286175387,2.6831334693043596,0.0026202475286175387,2.6831334693043596,4096,0.0233335798391833,95.5743430212948,0.0233335798391833,95.5743430212948,32768,0.02202702093480626,721.7814219917316,0.023362916000223777,0.02202702093480626,721.7814219917316,complete,complete
151.8803146154271,3120.6079546791425,False,1262649344,0.005981249999877036,False,384,1,0.3,384,0.0030260000000907894,0.375,0.21810193000631278,7.245101048479243,2028,20.846712867162182,0.006680337027246224,cutoff_1e-14,complete,0.030301624999992782,0.04654266599982293,1024,0.051261219924487275,52.49148920267497,0.036328715693564884,37.20060487021044,4096,0.20368208146761088,834.2818056913342,0.11376211289719518,465.96961442691145,32768,0.2038328699168954,6679.195481436828,0.023362916000223777,0.11157570481568382,3656.1126954003275,complete,complete
92.42981809173529,7123.436816038368,False,1262682112,0.006421166999871275,False,512,0,0.0,512,0.0043682499999704305,0.5,0.026574239673078193,0.865570246118307,2028,20.80843274176736,0.002921122665806106,cutoff_1e-10,complete,0.05029362499999479,0.07077970800014555,1024,0.0007316521982083075,0.7492118509653068,0.0007316521982083075,0.7492118509653068,4096,0.020499314672644278,83.96519289915096,0.020499314672644278,83.96519289915096,32768,0.018461709301720888,604.95329039879,0.03019291600003271,0.018461709301720888,604.95329039879,complete,complete
345.0596470546887,7123.436816038368,False,1262682112,0.006421166999871275,False,512,1,0.3,512,0.0043682499999704305,0.5,0.1864298817604905,6.1929911934832305,2028,20.80843274176736,0.002921122665806106,cutoff_1e-10,complete,0.05029362499999479,0.07077970800014555,1024,0.03745423820562588,38.3531399225609,0.04497837833895436,46.05785941908926,4096,0.3296586040996959,1350.2816423923543,0.24450973055808062,1001.5118563658982,32768,0.335302306272214,10987.18597192791,0.03019291600003271,0.2451105555571537,8031.782684496812,complete,complete
92.42981809173529,7123.436816038368,False,1262682112,0.006421166999871275,False,512,0,0.0,512,0.0043682499999704305,0.5,0.026574239673078193,0.865570246118307,2028,20.80843274176736,0.002921122665806106,cutoff_1e-14,complete,0.05029362499999479,0.07077970800014555,1024,0.0007316521982083075,0.7492118509653068,0.0007316521982083075,0.7492118509653068,4096,0.020499314672644278,83.96519289915096,0.020499314672644278,83.96519289915096,32768,0.018461709301720888,604.95329039879,0.03019291600003271,0.018461709301720888,604.95329039879,complete,complete
345.0596470546887,7123.436816038368,False,1262682112,0.006421166999871275,False,512,1,0.3,512,0.0043682499999704305,0.5,0.1864298817604905,6.1929911934832305,2028,20.80843274176736,0.002921122665806106,cutoff_1e-14,complete,0.05029362499999479,0.07077970800014555,1024,0.03745423820562588,38.3531399225609,0.04497837833895436,46.05785941908926,4096,0.3296586040996959,1350.2816423923543,0.24450973055808062,1001.5118563658982,32768,0.335302306272214,10987.18597192791,0.03019291600003271,0.2451105555571537,8031.782684496812,complete,complete
209.41944092429443,45576.80681638034,False,1262764032,0.0066181249999317515,False,768,0,0.0,768,0.006024458999945637,0.75,0.008866578090330032,0.28880021683740503,2028,20.835098253133747,0.00045714256237989884,cutoff_1e-10,complete,0.10102537499983555,0.12264883300008478,1024,8.145074730989473e-05,0.0834055652453322,8.145074730989473e-05,0.0834055652453322,4096,0.01875436253336707,76.81786893667152,0.01875436253336707,76.81786893667152,32768,0.01882799074620172,616.955600771538,0.04272937499990803,0.01882799074620172,616.955600771538,complete,complete
1935.9185960430304,45576.80681638034,False,1262764032,0.0066181249999317515,False,768,1,0.3,768,0.006024458999945637,0.75,0.12873092574741807,4.276296707128299,2028,20.835098253133747,0.00045714256237989884,cutoff_1e-10,complete,0.10102537499983555,0.12264883300008478,1024,0.01785811867909799,18.28671352739634,0.06352138288116779,65.04589607031582,4096,1.7017297176105253,6970.2849233327115,1.59400231704226,6529.033490605097,32768,1.6217276048835723,53140.770156824896,0.04272937499990803,1.5248166650635264,49965.192480801634,complete,complete
209.41944092429443,45576.80681638034,False,1262764032,0.0066181249999317515,False,768,0,0.0,768,0.006024458999945637,0.75,0.008866578090330032,0.28880021683740503,2028,20.835098253133747,0.00045714256237989884,cutoff_1e-14,complete,0.10102537499983555,0.12264883300008478,1024,8.145074730989473e-05,0.0834055652453322,8.145074730989473e-05,0.0834055652453322,4096,0.01875436253336707,76.81786893667152,0.01875436253336707,76.81786893667152,32768,0.01882799074620172,616.955600771538,0.04272937499990803,0.01882799074620172,616.955600771538,complete,complete
1935.9185960430304,45576.80681638034,False,1262764032,0.0066181249999317515,False,768,1,0.3,768,0.006024458999945637,0.75,0.12873092574741807,4.276296707128299,2028,20.835098253133747,0.00045714256237989884,cutoff_1e-14,complete,0.10102537499983555,0.12264883300008478,1024,0.01785811867909799,18.28671352739634,0.06352138288116779,65.04589607031582,4096,1.7017297176105253,6970.2849233327115,1.59400231704226,6529.033490605097,32768,1.6217276048835723,53140.770156824896,0.04272937499990803,1.5248166650635264,49965.192480801634,complete,complete
311.48026996596946,115808.16711141786,False,1262796800,0.007190165999872988,False,896,0,0.0,896,0.006654667000020709,0.875,0.00410612360969018,0.13374374835011155,2028,20.86214302295684,0.00018014397035474695,cutoff_1e-10,complete,0.12272170799997184,0.15913091600009466,1024,1.746815451439257e-05,0.01788739022273799,1.746815451439257e-05,0.01788739022273799,4096,0.025564768975130492,104.7132937221345,0.025564768975130492,104.7132937221345,32768,0.022030693445411316,721.901762819238,0.04988541700004134,0.022030693445411316,721.901762819238,complete,complete
5473.097824454416,115808.16711141786,False,1262796800,0.007190165999872988,False,896,1,0.3,896,0.006654667000020709,0.875,0.0915519801597722,3.041253910163553,2028,20.86214302295684,0.00018014397035474695,cutoff_1e-10,complete,0.12272170799997184,0.15913091600009466,1024,0.00903244662703622,9.249225346085089,0.07230539349299489,74.04072293682677,4096,7.977024668929346,32673.8930439346,7.886035328941114,32301.200707342803,32768,7.772436595846267,254687.2023726905,0.04988541700004134,7.670138732567295,251335.10598876514,complete,complete
311.48026996596946,115808.16711141786,False,1262796800,0.007190165999872988,False,896,0,0.0,896,0.006654667000020709,0.875,0.00410612360969018,0.13374374835011155,2028,20.86214302295684,0.00018014397035474695,cutoff_1e-14,complete,0.12272170799997184,0.15913091600009466,1024,1.746815451439257e-05,0.01788739022273799,1.746815451439257e-05,0.01788739022273799,4096,0.025564768975130492,104.7132937221345,0.025564768975130492,104.7132937221345,32768,0.022030693445411316,721.901762819238,0.04988541700004134,0.022030693445411316,721.901762819238,complete,complete
5473.097824454416,115808.16711141786,False,1262796800,0.007190165999872988,False,896,1,0.3,896,0.006654667000020709,0.875,0.0915519801597722,3.041253910163553,2028,20.86214302295684,0.00018014397035474695,cutoff_1e-14,complete,0.12272170799997184,0.15913091600009466,1024,0.00903244662703622,9.249225346085089,0.07230539349299489,74.04072293682677,4096,7.977024668929346,32673.8930439346,7.886035328941114,32301.200707342803,32768,7.772436595846267,254687.2023726905,0.04988541700004134,7.670138732567295,251335.10598876514,complete,complete
437.80642636920015,290424.1734454621,False,1262829568,0.012105499999961467,False,960,0,0.0,960,0.007539707999967504,0.9375,0.0019439662781876852,0.0633184388549506,2028,20.82549226129719,7.170715858199024e-05,cutoff_1e-10,complete,0.13787112499994691,0.1664964169999621,1024,3.915258495144644e-06,0.004009224699028115,3.915258495144644e-06,0.004009224699028115,4096,0.03857881152533385,158.01881200776745,0.03857881152533385,158.01881200776745,32768,0.04254010945238763,1393.9543065358378,0.05294358400033161,0.04254010945238763,1393.9543065358378,complete,complete
10716.030461488965,290424.1734454621,False,1262829568,0.012105499999961467,False,960,1,0.3,960,0.007539707999967504,0.9375,0.0647737299655338,2.1517105276125568,2028,20.82549226129719,7.170715858199024e-05,cutoff_1e-10,complete,0.13787112499994691,0.1664964169999621,1024,0.0045213458932018575,4.629858194638702,0.07675121217782588,78.5932412700937,4096,22.58189611042222,92495.44646828942,22.556975216216543,92393.37048562296,32768,22.246280838888097,728966.1305286852,0.05294358400033161,22.17235858081502,726543.8459761465,complete,complete
437.80642636920015,290424.1734454621,False,1262829568,0.012105499999961467,False,960,0,0.0,960,0.007539707999967504,0.9375,0.0019439662781876852,0.0633184388549506,2028,20.82549226129719,7.170715858199024e-05,cutoff_1e-14,complete,0.13787112499994691,0.1664964169999621,1024,3.915258495144644e-06,0.004009224699028115,3.915258495144644e-06,0.004009224699028115,4096,0.03857881152533385,158.01881200776745,0.03857881152533385,158.01881200776745,32768,0.04254010945238763,1393.9543065358378,0.05294358400033161,0.04254010945238763,1393.9543065358378,complete,complete
10716.030461488965,290424.1734454621,False,1262829568,0.012105499999961467,False,960,1,0.3,960,0.007539707999967504,0.9375,0.0647737299655338,2.1517105276125568,2028,20.82549226129719,7.170715858199024e-05,cutoff_1e-14,complete,0.13787112499994691,0.1664964169999621,1024,0.0045213458932018575,4.629858194638702,0.07675121217782588,78.5932412700937,4096,22.58189611042222,92495.44646828942,22.556975216216543,92393.37048562296,32768,22.246280838888097,728966.1305286852,0.05294358400033161,22.17235858081502,726543.8459761465,complete,complete
631.1668107409073,582204.5529739907,False,1262977024,0.007618624999849999,False,992,0,0.0,992,0.0077345839999907184,0.96875,0.0012223163244906754,0.039813016471574036,2028,20.78480701257904,3.5700179441069365e-05,cutoff_1e-10,complete,0.14240025000003698,0.16821241700017708,1024,1.5479260552400648e-06,0.0015850762805658264,1.5479260552400648e-06,0.0015850762805658264,4096,0.06356595311649764,260.36614396517433,0.06356595311649764,260.36614396517433,32768,0.06633327285798969,2173.608685010606,0.055653875000189146,0.06633327285798969,2173.608685010606,complete,complete
22009.12574066993,582204.5529739907,False,1262977024,0.007618624999849999,False,992,1,0.3,992,0.0077345839999907184,0.96875,0.042021009812417104,1.3958907298128345,2028,20.78480701257904,3.5700179441069365e-05,cutoff_1e-10,complete,0.14240025000003698,0.16821241700017708,1024,0.0019028427046654383,1.9485109295774088,0.07937574662415037,81.28076454312998,4096,86.8508220783186,355740.967232793,86.75121845850958,355332.99080605526,32768,95.4545020030956,3127853.1216374366,0.055653875000189146,95.36477151740036,3124912.833082175,complete,complete
631.1668107409073,582204.5529739907,False,1262977024,0.007618624999849999,False,992,0,0.0,992,0.0077345839999907184,0.96875,0.0012223163244906754,0.039813016471574036,2028,20.78480701257904,3.5700179441069365e-05,cutoff_1e-14,complete,0.14240025000003698,0.16821241700017708,1024,1.5479260552400648e-06,0.0015850762805658264,1.5479260552400648e-06,0.0015850762805658264,4096,0.06356595311649764,260.36614396517433,0.06356595311649764,260.36614396517433,32768,0.06633327285798969,2173.608685010606,0.055653875000189146,0.06633327285798969,2173.608685010606,complete,complete
22009.12574066993,582204.5529739907,False,1262977024,0.007618624999849999,False,992,1,0.3,992,0.0077345839999907184,0.96875,0.042021009812417104,1.3958907298128345,2028,20.78480701257904,3.5700179441069365e-05,cutoff_1e-14,complete,0.14240025000003698,0.16821241700017708,1024,0.0019028427046654383,1.9485109295774088,0.07937574662415037,81.28076454312998,4096,86.8508220783186,355740.967232793,86.75121845850958,355332.99080605526,32768,95.4545020030956,3127853.1216374366,0.055653875000189146,95.36477151740036,3124912.833082175,complete,complete
1360.353443596515,11771855.889337815,False,1263026176,0.007320208000010098,False,1023,0,0.0,1023,0.009116500000118322,0.9990234375,0.00018365431051155012,0.0059819475065250975,2028,20.816716541664373,1.768346192593031e-06,cutoff_1e-10,complete,0.16636625000001004,0.19339704200001506,1024,3.494501559650569e-08,3.5783695970821826e-05,3.494501559650569e-08,3.5783695970821826e-05,4096,0.27436835372068435,1123.8127768399231,0.27436835372068435,1123.8127768399231,32768,0.26130147677773097,8562.326791052688,0.06660962499972811,0.26130147677773097,8562.326791052688,complete,complete
313584.92990745057,11771855.889337815,False,1263026176,0.007320208000010098,False,1023,1,0.3,1023,0.009116500000118322,0.9990234375,0.008956060418943158,0.2975102638002809,2028,20.816716541664373,1.768346192593031e-06,cutoff_1e-10,complete,0.16636625000001004,0.19339704200001506,1024,8.643784869776643e-05,0.08851235706651282,0.08120346183168539,83.15234491564584,4096,13909.442114805552,56973074.90224354,13910.33694170316,56976740.11321615,32768,13142.356621311625,430648741.7671393,0.06660962499972811,13142.200302021116,430643619.4966279,complete,complete
1360.353443596515,11771855.889337815,False,1263026176,0.007320208000010098,False,1023,0,0.0,1023,0.009116500000118322,0.9990234375,0.00018365431051155012,0.0059819475065250975,2028,20.816716541664373,1.768346192593031e-06,cutoff_1e-14,complete,0.16636625000001004,0.19339704200001506,1024,3.494501559650569e-08,3.5783695970821826e-05,3.494501559650569e-08,3.5783695970821826e-05,4096,0.27436835372068435,1123.8127768399231,0.27436835372068435,1123.8127768399231,32768,0.26130147677773097,8562.326791052688,0.06660962499972811,0.26130147677773097,8562.326791052688,complete,complete
313584.92990745057,11771855.889337815,False,1263026176,0.007320208000010098,False,1023,1,0.3,1023,0.009116500000118322,0.9990234375,0.008956060418943158,0.2975102638002809,2028,20.816716541664373,1.768346192593031e-06,cutoff_1e-14,complete,0.16636625000001004,0.19339704200001506,1024,8.643784869776643e-05,0.08851235706651282,0.08120346183168539,83.15234491564584,4096,13909.442114805552,56973074.90224354,13910.33694170316,56976740.11321615,32768,13142.356621311625,430648741.7671393,0.06660962499972811,13142.200302021116,430643619.4966279,complete,complete
2091.564664372431,11776436.511170955,False,1263058944,0.007517541000197525,True,1024,0,0.0,1024,0.008334666000109792,1.0,1.9397631401732673e-13,6.318153517490686e-12,2028,20.810285656957184,1.7671122870842e-06,cutoff_1e-10,complete,0.16760999999996784,0.1938708330001191,1024,3.898346081111321e-26,3.9919063870579925e-23,3.898346081111321e-26,3.9919063870579925e-23,4096,0.6669565160777826,2731.8538898545976,0.6669565160777826,2731.8538898545976,32768,0.6293214998073484,20621.606905687193,0.05881287500005783,0.6293214998073484,20621.606905687193,complete,complete
337385.3834157839,11776436.511170955,False,1263058944,0.007517541000197525,True,1024,1,0.3,1024,0.008334666000109792,1.0,2.930165558088485e-11,9.733680741160877e-10,2028,20.810285656957184,1.7671122870842e-06,cutoff_1e-10,complete,0.16760999999996784,0.1938708330001191,1024,9.252396559652945e-22,9.474454077084616e-19,0.08129337563949116,83.24441665483894,4096,15571.508412326912,63780898.45689103,15572.869058696411,63786471.6644205,32768,14830.62513832602,485969924.53266704,0.05881287500005783,14830.320320895453,485959936.2751022,complete,complete
2091.564664372431,11776436.511170955,False,1263058944,0.007517541000197525,True,1024,0,0.0,1024,0.008334666000109792,1.0,1.9397631401732673e-13,6.318153517490686e-12,2028,20.810285656957184,1.7671122870842e-06,cutoff_1e-14,complete,0.16760999999996784,0.1938708330001191,1024,3.898346081111321e-26,3.9919063870579925e-23,3.898346081111321e-26,3.9919063870579925e-23,4096,0.6669565160777826,2731.8538898545976,0.6669565160777826,2731.8538898545976,32768,0.6293214998073484,20621.606905687193,0.05881287500005783,0.6293214998073484,20621.606905687193,complete,complete
337385.3834157839,11776436.511170955,False,1263058944,0.007517541000197525,True,1024,1,0.3,1024,0.008334666000109792,1.0,2.930165558088485e-11,9.733680741160877e-10,2028,20.810285656957184,1.7671122870842e-06,cutoff_1e-14,complete,0.16760999999996784,0.1938708330001191,1024,9.252396559652945e-22,9.474454077084616e-19,0.08129337563949116,83.24441665483894,4096,15571.508412326912,63780898.45689103,15572.869058696411,63786471.6644205,32768,14830.62513832602,485969924.53266704,0.05881287500005783,14830.320320895453,485959936.2751022,complete,complete
2079.472764611846,11564740.80459064,False,1263091712,0.007605709000017669,True,1025,0,0.0,1024,0.009270915999877616,1.0009765625,7.857552920196948e-14,2.5593447258296207e-12,2028,20.811380747933704,1.7995544474003774e-06,cutoff_1e-10,complete,0.17912412499981656,0.20668433300011202,1024,6.39672404846865e-27,6.550245425631897e-24,6.39672404846865e-27,6.550245425631897e-24,4096,0.6749681847608444,2764.6696847804187,0.6749681847608444,2764.6696847804187,32768,0.6299483136546157,20642.146341834447,0.06815891699989152,0.6299483136546157,20642.146341834447,complete,complete
327379.8156069192,11564740.80459064,False,1263091712,0.007605709000017669,True,1025,1,0.3,1024,0.009270915999877616,1.0009765625,1.1899126360168692e-11,3.952756074444178e-10,2028,20.811380747933704,1.7995544474003774e-06,cutoff_1e-10,complete,0.17912412499981656,0.20668433300011202,1024,1.5258086507866551e-22,1.5624280584055348e-19,0.08129337563930712,83.2444166546505,4096,13514.47763576379,55355300.39608848,13515.818067570977,55360790.80477072,32768,13139.710167356712,430562022.76394475,0.06815891699989152,13139.36020398363,430550555.1641356,complete,complete
2079.472764611846,11564740.80459064,False,1263091712,0.007605709000017669,True,1025,0,0.0,1024,0.009270915999877616,1.0009765625,7.857552920196948e-14,2.5593447258296207e-12,2028,20.811380747933704,1.7995544474003774e-06,cutoff_1e-14,complete,0.17912412499981656,0.20668433300011202,1024,6.39672404846865e-27,6.550245425631897e-24,6.39672404846865e-27,6.550245425631897e-24,4096,0.6749681847608444,2764.6696847804187,0.6749681847608444,2764.6696847804187,32768,0.6299483136546157,20642.146341834447,0.06815891699989152,0.6299483136546157,20642.146341834447,complete,complete
327379.8156069192,11564740.80459064,False,1263091712,0.007605709000017669,True,1025,1,0.3,1024,0.009270915999877616,1.0009765625,1.1899126360168692e-11,3.952756074444178e-10,2028,20.811380747933704,1.7995544474003774e-06,cutoff_1e-14,complete,0.17912412499981656,0.20668433300011202,1024,1.5258086507866551e-22,1.5624280584055348e-19,0.08129337563930712,83.2444166546505,4096,13514.47763576379,55355300.39608848,13515.818067570977,55360790.80477072,32768,13139.710167356712,430562022.76394475,0.06815891699989152,13139.36020398363,430550555.1641356,complete,complete
541.483428856329,764881.2693000927,False,1263140864,0.007398875000035332,True,1056,0,0.0,1024,0.008196084000019255,1.03125,3.3104527959688316e-14,1.0782733491610245e-12,2028,20.797905009898315,2.719102407740944e-05,cutoff_1e-10,complete,0.1831110829998579,0.2087765409999065,1024,1.1354232573348954e-27,1.1626734155109329e-24,1.1354232573348954e-27,1.1626734155109329e-24,4096,0.05959925926262716,244.11856593972084,0.05959925926262716,244.11856593972084,32768,0.05889979802469559,1930.028581673225,0.05891654200013363,0.05889979802469559,1930.028581673225,complete,complete
28519.013124651497,764881.2693000927,False,1263140864,0.007398875000035332,True,1056,1,0.3,1024,0.008196084000019255,1.03125,1.7447979795756334e-12,5.7960228370477945e-11,2028,20.797905009898315,2.719102407740944e-05,cutoff_1e-10,complete,0.1831110829998579,0.2087765409999065,1024,3.280652414802692e-24,3.3593880727579568e-21,0.0812933756388898,83.24441665422316,4096,203.92663730010895,835283.5063812463,203.8453824557453,834950.6865387327,32768,200.14051664354946,6558204.449375829,0.05891654200013363,200.1089831796048,6557171.16082929,complete,complete
541.483428856329,764881.2693000927,False,1263140864,0.007398875000035332,True,1056,0,0.0,1024,0.008196084000019255,1.03125,3.3104527959688316e-14,1.0782733491610245e-12,2028,20.797905009898315,2.719102407740944e-05,cutoff_1e-14,complete,0.1831110829998579,0.2087765409999065,1024,1.1354232573348954e-27,1.1626734155109329e-24,1.1354232573348954e-27,1.1626734155109329e-24,4096,0.05959925926262716,244.11856593972084,0.05959925926262716,244.11856593972084,32768,0.05889979802469559,1930.028581673225,0.05891654200013363,0.05889979802469559,1930.028581673225,complete,complete
28519.013124651497,764881.2693000927,False,1263140864,0.007398875000035332,True,1056,1,0.3,1024,0.008196084000019255,1.03125,1.7447979795756334e-12,5.7960228370477945e-11,2028,20.797905009898315,2.719102407740944e-05,cutoff_1e-14,complete,0.1831110829998579,0.2087765409999065,1024,3.280652414802692e-24,3.3593880727579568e-21,0.0812933756388898,83.24441665422316,4096,203.92663730010895,835283.5063812463,203.8453824557453,834950.6865387327,32768,200.14051664354946,6558204.449375829,0.05891654200013363,200.1089831796048,6557171.16082929,complete,complete
347.02772841660214,381187.3552161237,False,1263190016,0.00766295799985528,True,1088,0,0.0,1024,0.008444124999869018,1.0625,1.5114683431118266e-14,4.923121194969603e-13,2028,20.80572838596159,5.458137081741671e-05,cutoff_1e-10,complete,0.18776441599993632,0.21457937499985746,1024,2.3669064746444275e-28,2.4237122300358937e-25,2.3669064746444275e-28,2.4237122300358937e-25,4096,0.028389075474657605,116.28165314419755,0.028389075474657605,116.28165314419755,32768,0.03269603580725807,1071.3837013322325,0.06306016600001385,0.03269603580725807,1071.3837013322325,complete,complete
16457.29399526443,381187.3552161237,False,1263190016,0.00766295799985528,True,1088,1,0.3,1024,0.008444124999869018,1.0625,8.181685253503002e-13,2.7178639091715524e-11,2028,20.80572838596159,5.458137081741671e-05,cutoff_1e-10,complete,0.18776441599993632,0.21457937499985746,1024,7.213656473415306e-25,7.386784228777273e-22,0.08129337563892633,83.24441665426056,4096,98.69423410242817,404251.5828835458,98.58491775640056,403803.8231302167,32768,83.82810967528167,2746879.4978396297,0.06306016600001385,83.78069101382495,2745325.683141016,complete,complete
347.02772841660214,381187.3552161237,False,1263190016,0.00766295799985528,True,1088,0,0.0,1024,0.008444124999869018,1.0625,1.5114683431118266e-14,4.923121194969603e-13,2028,20.80572838596159,5.458137081741671e-05,cutoff_1e-14,complete,0.18776441599993632,0.21457937499985746,1024,2.3669064746444275e-28,2.4237122300358937e-25,2.3669064746444275e-28,2.4237122300358937e-25,4096,0.028389075474657605,116.28165314419755,0.028389075474657605,116.28165314419755,32768,0.03269603580725807,1071.3837013322325,0.06306016600001385,0.03269603580725807,1071.3837013322325,complete,complete
16457.29399526443,381187.3552161237,False,1263190016,0.00766295799985528,True,1088,1,0.3,1024,0.008444124999869018,1.0625,8.181685253503002e-13,2.7178639091715524e-11,2028,20.80572838596159,5.458137081741671e-05,cutoff_1e-14,complete,0.18776441599993632,0.21457937499985746,1024,7.213656473415306e-25,7.386784228777273e-22,0.08129337563892633,83.24441665426056,4096,98.69423410242817,404251.5828835458,98.58491775640056,403803.8231302167,32768,83.82810967528167,2746879.4978396297,0.06306016600001385,83.78069101382495,2745325.683141016,complete,complete
229.09084422036707,222729.72778416018,False,1263206400,0.007847332999972423,True,1152,0,0.0,1024,0.008836374999873442,1.125,1.6659186521033543e-14,5.42619331899459e-13,2028,20.6800061685838,9.284798385163966e-05,cutoff_1e-10,complete,0.1989312499999869,0.2271726670001044,1024,2.875349017099759e-28,2.9443573935101533e-25,2.875349017099759e-28,2.9443573935101533e-25,4096,0.01723532844308308,70.59590530286829,0.01723532844308308,70.59590530286829,32768,0.01780646647666377,583.4822935073184,0.07041800000024523,0.01780646647666377,583.4822935073184,complete,complete
9820.986918246075,222729.72778416018,False,1263206400,0.007847332999972423,True,1152,1,0.3,1024,0.008836374999873442,1.125,4.184058577296892e-13,1.3898972459526088e-11,2028,20.6800061685838,9.284798385163966e-05,cutoff_1e-10,complete,0.1989312499999869,0.2271726670001044,1024,1.8865374553775849e-25,1.931814354306647e-22,0.08129337563890876,83.24441665424257,4096,42.00226116069657,172041.26171421315,41.85795610455497,171450.18820425717,32768,40.31014586602969,1320882.859738061,0.07041800000024523,40.25604621359443,1319110.1223270623,complete,complete
229.09084422036707,222729.72778416018,False,1263206400,0.007847332999972423,True,1152,0,0.0,1024,0.008836374999873442,1.125,1.6659186521033543e-14,5.42619331899459e-13,2028,20.6800061685838,9.284798385163966e-05,cutoff_1e-14,complete,0.1989312499999869,0.2271726670001044,1024,2.875349017099759e-28,2.9443573935101533e-25,2.875349017099759e-28,2.9443573935101533e-25,4096,0.01723532844308308,70.59590530286829,0.01723532844308308,70.59590530286829,32768,0.01780646647666377,583.4822935073184,0.07041800000024523,0.01780646647666377,583.4822935073184,complete,complete
9820.986918246075,222729.72778416018,False,1263206400,0.007847332999972423,True,1152,1,0.3,1024,0.008836374999873442,1.125,4.184058577296892e-13,1.3898972459526088e-11,2028,20.6800061685838,9.284798385163966e-05,cutoff_1e-14,complete,0.1989312499999869,0.2271726670001044,1024,1.8865374553775849e-25,1.931814354306647e-22,0.08129337563890876,83.24441665424257,4096,42.00226116069657,172041.26171421315,41.85795610455497,171450.18820425717,32768,40.31014586602969,1320882.859738061,0.07041800000024523,40.25604621359443,1319110.1223270623,complete,complete
147.03422447620966,129963.10438491653,False,1263288320,0.007436916999949972,True,1280,0,0.0,1024,0.010362083000018174,1.25,6.725361711307466e-15,2.1905699140617188e-13,2028,20.741716490337282,0.000159596960910581,cutoff_1e-10,complete,0.2239171249998435,0.2531189999999697,1024,4.68612944178942e-29,4.798596548392366e-26,4.68612944178942e-29,4.798596548392366e-26,4096,0.01451845063771423,59.46757381207749,0.01451845063771423,59.46757381207749,32768,0.012521108482968175,410.2916827699012,0.0731841249998979,0.012521108482968175,410.2916827699012,complete,complete
5936.193873260843,129963.10438491653,False,1263288320,0.007436916999949972,True,1280,1,0.3,1024,0.010362083000018174,1.25,2.374963071029335e-13,7.889360463484243e-12,2028,20.741716490337282,0.000159596960910581,cutoff_1e-10,complete,0.2239171249998435,0.2531189999999697,1024,6.078321144803546e-26,6.224200852278831e-23,0.08129337563892972,83.24441665426403,4096,25.045564462360815,102586.6320378299,24.966747335323113,102263.79708548347,32768,22.665465153625156,742701.9621539891,0.0731841249998979,22.596145125128416,740430.4834602079,complete,complete
147.03422447620966,129963.10438491653,False,1263288320,0.007436916999949972,True,1280,0,0.0,1024,0.010362083000018174,1.25,6.725361711307466e-15,2.1905699140617188e-13,2028,20.741716490337282,0.000159596960910581,cutoff_1e-14,complete,0.2239171249998435,0.2531189999999697,1024,4.68612944178942e-29,4.798596548392366e-26,4.68612944178942e-29,4.798596548392366e-26,4096,0.01451845063771423,59.46757381207749,0.01451845063771423,59.46757381207749,32768,0.012521108482968175,410.2916827699012,0.0731841249998979,0.012521108482968175,410.2916827699012,complete,complete
5936.193873260843,129963.10438491653,False,1263288320,0.007436916999949972,True,1280,1,0.3,1024,0.010362083000018174,1.25,2.374963071029335e-13,7.889360463484243e-12,2028,20.741716490337282,0.000159596960910581,cutoff_1e-14,complete,0.2239171249998435,0.2531189999999697,1024,6.078321144803546e-26,6.224200852278831e-23,0.08129337563892972,83.24441665426403,4096,25.045564462360815,102586.6320378299,24.966747335323113,102263.79708548347,32768,22.665465153625156,742701.9621539891,0.0731841249998979,22.596145125128416,740430.4834602079,complete,complete
82.9725903902161,75026.4546295912,False,1263353856,0.008540583000012703,True,1536,0,0.0,1024,0.012100541000108933,1.5,7.468676120054605e-15,2.4326806361887383e-13,2028,20.589893015799756,0.00027443510582304516,cutoff_1e-10,complete,0.27494104199990943,0.30713783399983186,1024,5.779233474304342e-29,5.917935077687646e-26,5.779233474304342e-29,5.917935077687646e-26,4096,0.007937171763585181,32.5106555436449,0.007937171763585181,32.5106555436449,32768,0.0077820575977994265,255.0024633646916,0.0903024170002027,0.0077820575977994265,255.0024633646916,complete,complete
3871.1366608265516,75026.4546295912,False,1263353856,0.008540583000012703,True,1536,1,0.3,1024,0.012100541000108933,1.5,2.0712824446692244e-13,6.880567545246065e-12,2028,20.589893015799756,0.00027443510582304516,cutoff_1e-10,complete,0.27494104199990943,0.30713783399983186,1024,4.6232626703802206e-26,4.734220974469346e-23,0.08129337563892758,83.24441665426184,4096,16.89800476465236,69214.22751601606,16.887867327722283,69172.70457435047,32768,16.64804191329361,545523.037414805,0.0903024170002027,16.563172861548463,542742.04832722,complete,complete
82.9725903902161,75026.4546295912,False,1263353856,0.008540583000012703,True,1536,0,0.0,1024,0.012100541000108933,1.5,7.468676120054605e-15,2.4326806361887383e-13,2028,20.589893015799756,0.00027443510582304516,cutoff_1e-14,complete,0.27494104199990943,0.30713783399983186,1024,5.779233474304342e-29,5.917935077687646e-26,5.779233474304342e-29,5.917935077687646e-26,4096,0.007937171763585181,32.5106555436449,0.007937171763585181,32.5106555436449,32768,0.0077820575977994265,255.0024633646916,0.0903024170002027,0.0077820575977994265,255.0024633646916,complete,complete
3871.1366608265516,75026.4546295912,False,1263353856,0.008540583000012703,True,1536,1,0.3,1024,0.012100541000108933,1.5,2.0712824446692244e-13,6.880567545246065e-12,2028,20.589893015799756,0.00027443510582304516,cutoff_1e-14,complete,0.27494104199990943,0.30713783399983186,1024,4.6232626703802206e-26,4.734220974469346e-23,0.08129337563892758,83.24441665426184,4096,16.89800476465236,69214.22751601606,16.887867327722283,69172.70457435047,32768,16.64804191329361,545523.037414805,0.0903024170002027,16.563172861548463,542742.04832722,complete,complete
52.99044138764606,46689.45757917876,False,1263386624,0.00907520900000236,True,2048,0,0.0,1024,0.01864783299993178,2.0,1.1609125972950521e-14,3.7812987875642417e-13,2028,20.873972937900035,0.00044708107611875144,cutoff_1e-10,complete,0.36462870800005476,0.41096699999980046,1024,1.3963105977377736e-28,1.4298220520834802e-25,1.3963105977377736e-28,1.4298220520834802e-25,4096,0.00551921629902751,22.60670996081668,0.00551921629902751,22.60670996081668,32768,0.005107050410146813,167.34782783969078,0.13013504199989256,0.005107050410146813,167.34782783969078,complete,complete
2503.2701939633816,46689.45757917876,False,1263386624,0.00907520900000236,True,2048,1,0.3,1024,0.01864783299993178,2.0,1.3997668263418404e-13,4.6498681148131944e-12,2028,20.873972937900035,0.00044708107611875144,cutoff_1e-10,complete,0.36462870800005476,0.41096699999980046,1024,2.1114524887848058e-26,2.1621273485156412e-23,0.08129337563892224,83.24441665425637,4096,11.06917484312996,45339.34015746032,11.011294845137094,45102.26368568154,32768,11.091869135862165,363458.3678439314,0.13013504199989256,11.004160766166219,360584.33998573467,complete,complete
52.99044138764606,46689.45757917876,False,1263386624,0.00907520900000236,True,2048,0,0.0,1024,0.01864783299993178,2.0,1.1609125972950521e-14,3.7812987875642417e-13,2028,20.873972937900035,0.00044708107611875144,cutoff_1e-14,complete,0.36462870800005476,0.41096699999980046,1024,1.3963105977377736e-28,1.4298220520834802e-25,1.3963105977377736e-28,1.4298220520834802e-25,4096,0.00551921629902751,22.60670996081668,0.00551921629902751,22.60670996081668,32768,0.005107050410146813,167.34782783969078,0.13013504199989256,0.005107050410146813,167.34782783969078,complete,complete
2503.2701939633816,46689.45757917876,False,1263386624,0.00907520900000236,True,2048,1,0.3,1024,0.01864783299993178,2.0,1.3997668263418404e-13,4.6498681148131944e-12,2028,20.873972937900035,0.00044708107611875144,cutoff_1e-14,complete,0.36462870800005476,0.41096699999980046,1024,2.1114524887848058e-26,2.1621273485156412e-23,0.08129337563892224,83.24441665425637,4096,11.06917484312996,45339.34015746032,11.011294845137094,45102.26368568154,32768,11.091869135862165,363458.3678439314,0.13013504199989256,11.004160766166219,360584.33998573467,complete,complete
37.892265451989566,28933.01369716918,False,1263468544,0.011150125000085609,True,3072,0,0.0,1024,0.02211816700014424,3.0,7.971375341289153e-15,2.59641871261178e-13,2028,20.90747979529405,0.0007226167316728451,cutoff_1e-10,complete,0.5579769999999371,0.6142842080000719,1024,6.583388800000597e-29,6.741390131200612e-26,6.583388800000597e-29,6.741390131200612e-26,4096,0.0037879642910017275,15.515501735943076,0.0037879642910017275,15.515501735943076,32768,0.0033301401242518177,109.12203159148356,0.15866237499994895,0.0033301401242518177,109.12203159148356,complete,complete
1700.5623096128008,28933.01369716918,False,1263468544,0.011150125000085609,True,3072,1,0.3,1024,0.02211816700014424,3.0,6.407106665065762e-14,2.128368841827429e-12,2028,20.90747979529405,0.0007226167316728451,cutoff_1e-10,complete,0.5579769999999371,0.6142842080000719,1024,4.423783131701008e-27,4.529953926861832e-24,0.081293375638928,83.24441665426227,4096,8.40342977028984,34420.448339107184,8.283408920750903,33928.8429393957,32768,8.226305965036726,269559.59386232344,0.15866237499994895,8.14004813198704,266733.09718895133,complete,complete
37.892265451989566,28933.01369716918,False,1263468544,0.011150125000085609,True,3072,0,0.0,1024,0.02211816700014424,3.0,7.971375341289153e-15,2.59641871261178e-13,2028,20.90747979529405,0.0007226167316728451,cutoff_1e-14,complete,0.5579769999999371,0.6142842080000719,1024,6.583388800000597e-29,6.741390131200612e-26,6.583388800000597e-29,6.741390131200612e-26,4096,0.0037879642910017275,15.515501735943076,0.0037879642910017275,15.515501735943076,32768,0.0033301401242518177,109.12203159148356,0.15866237499994895,0.0033301401242518177,109.12203159148356,complete,complete
1700.5623096128008,28933.01369716918,False,1263468544,0.011150125000085609,True,3072,1,0.3,1024,0.02211816700014424,3.0,6.407106665065762e-14,2.128368841827429e-12,2028,20.90747979529405,0.0007226167316728451,cutoff_1e-14,complete,0.5579769999999371,0.6142842080000719,1024,4.423783131701008e-27,4.529953926861832e-24,0.081293375638928,83.24441665426227,4096,8.40342977028984,34420.448339107184,8.283408920750903,33928.8429393957,32768,8.226305965036726,269559.59386232344,0.15866237499994895,8.14004813198704,266733.09718895133,complete,complete
31.398947466310425,24060.45429989086,False,1263583232,0.012878249999857871,True,4096,0,0.0,1024,0.02974270799995793,4.0,7.805996157577759e-15,2.542551771352521e-13,2028,20.879906665581956,0.0008678101587498566,cutoff_1e-10,complete,0.7204466250000223,0.7902102499999728,1024,6.313056162117034e-29,6.464569510007842e-26,6.313056162117034e-29,6.464569510007842e-26,4096,0.0028719591028117924,11.763544485117102,0.0028719591028117924,11.763544485117102,32768,0.002562958887204203,83.98303681590733,0.21486079200030872,0.002562958887204203,83.98303681590733,complete,complete
1410.3316487297166,24060.45429989086,False,1263583232,0.012878249999857871,True,4096,1,0.3,1024,0.02974270799995793,4.0,6.694166354172352e-14,2.2237268450538142e-12,2028,20.879906665581956,0.0008678101587498566,cutoff_1e-10,complete,0.7204466250000223,0.7902102499999728,1024,4.829063556067374e-27,4.944961081412991e-24,0.08129337563892752,83.24441665426178,4096,7.097101746822759,29069.72875498602,6.972893086775993,28560.970083434466,32768,6.845373041114668,224309.18381124543,0.21486079200030872,6.763901415086355,221639.5215695497,complete,complete
31.398947466310425,24060.45429989086,False,1263583232,0.012878249999857871,True,4096,0,0.0,1024,0.02974270799995793,4.0,7.805996157577759e-15,2.542551771352521e-13,2028,20.879906665581956,0.0008678101587498566,cutoff_1e-14,complete,0.7204466250000223,0.7902102499999728,1024,6.313056162117034e-29,6.464569510007842e-26,6.313056162117034e-29,6.464569510007842e-26,4096,0.0028719591028117924,11.763544485117102,0.0028719591028117924,11.763544485117102,32768,0.002562958887204203,83.98303681590733,0.21486079200030872,0.002562958887204203,83.98303681590733,complete,complete
1410.3316487297166,24060.45429989086,False,1263583232,0.012878249999857871,True,4096,1,0.3,1024,0.02974270799995793,4.0,6.694166354172352e-14,2.2237268450538142e-12,2028,20.879906665581956,0.0008678101587498566,cutoff_1e-14,complete,0.7204466250000223,0.7902102499999728,1024,4.829063556067374e-27,4.944961081412991e-24,0.08129337563892752,83.24441665426178,4096,7.097101746822759,29069.72875498602,6.972893086775993,28560.970083434466,32768,6.845373041114668,224309.18381124543,0.21486079200030872,6.763901415086355,221639.5215695497,complete,complete
27.4675325067461,18325.19128473528,False,1263648768,0.02060979199995927,True,8192,0,0.0,1024,0.05807779199994911,8.0,5.841549964056528e-15,1.9026967101614577e-13,2028,21.009348815619365,0.0011464736432585,cutoff_1e-10,complete,1.358481791000031,1.4873553749998791,1024,3.535405049667221e-29,3.6202547708592344e-26,3.535405049667221e-29,3.6202547708592344e-26,4096,0.0027343888419324464,11.2000566965553,0.0027343888419324464,11.2000566965553,32768,0.0026076041169839693,85.4459717053307,0.45602275000010195,0.0026076041169839693,85.4459717053307,complete,complete
1026.3762569730925,18325.19128473528,False,1263648768,0.02060979199995927,True,8192,1,0.3,1024,0.05807779199994911,8.0,4.425055452764796e-14,1.4699537000647844e-12,2028,21.009348815619365,0.0011464736432585,cutoff_1e-10,complete,1.358481791000031,1.4873553749998791,1024,2.1101209768888184e-27,2.16076388033415e-24,0.08129337563892487,83.24441665425907,4096,5.3442527808528535,21890.059390373288,5.236899140039749,21450.33887760281,32768,5.2200744323183095,171051.39899820636,0.45602275000010195,5.132343010017236,168176.61575224478,complete,complete
27.4675325067461,18325.19128473528,False,1263648768,0.02060979199995927,True,8192,0,0.0,1024,0.05807779199994911,8.0,5.841549964056528e-15,1.9026967101614577e-13,2028,21.009348815619365,0.0011464736432585,cutoff_1e-14,complete,1.358481791000031,1.4873553749998791,1024,3.535405049667221e-29,3.6202547708592344e-26,3.535405049667221e-29,3.6202547708592344e-26,4096,0.0027343888419324464,11.2000566965553,0.0027343888419324464,11.2000566965553,32768,0.0026076041169839693,85.4459717053307,0.45602275000010195,0.0026076041169839693,85.4459717053307,complete,complete
1026.3762569730925,18325.19128473528,False,1263648768,0.02060979199995927,True,8192,1,0.3,1024,0.05807779199994911,8.0,4.425055452764796e-14,1.4699537000647844e-12,2028,21.009348815619365,0.0011464736432585,cutoff_1e-14,complete,1.358481791000031,1.4873553749998791,1024,2.1101209768888184e-27,2.16076388033415e-24,0.08129337563892487,83.24441665425907,4096,5.3442527808528535,21890.059390373288,5.236899140039749,21450.33887760281,32768,5.2200744323183095,171051.39899820636,0.45602275000010195,5.132343010017236,168176.61575224478,complete,complete
11.455505302378604,81.76134281122904,False,1263681536,0.005196082999873397,False,64,0,0.0,64,0.0008194160000130069,0.0625,0.2883623371871754,9.392474149437888,2029,21.091745679507646,0.25796721230721914,cutoff_1e-10,complete,0.0028642919999128935,0.014692415999888908,1024,0.08615094789829979,88.21857064785898,0.08615094789829979,88.21857064785898,4096,0.11688351322444293,478.75487016731824,0.11688351322444293,478.75487016731824,32768,0.12221211284310157,4004.6465136427523,0.008180709000043862,0.12221211284310157,4004.6465136427523,complete,complete
11.305884527185503,81.76134281122904,False,1263681536,0.005196082999873397,False,64,1,0.3,64,0.0008194160000130069,0.0625,0.38527701064242115,12.798469383923194,2029,21.091745679507646,0.25796721230721914,cutoff_1e-10,complete,0.0028642919999128935,0.014692415999888908,1024,0.15996173688595638,163.80081857121934,0.09230859903806525,94.52400541497882,4096,0.21205482412010307,868.5765595959422,0.12092178111049368,495.2956154285821,32768,0.2193362178828701,7187.209187585888,0.008180709000043862,0.1272212208085095,4168.7849634532395,complete,complete
11.455505302378604,81.76134281122904,False,1263681536,0.005196082999873397,False,64,0,0.0,64,0.0008194160000130069,0.0625,0.2883623371871754,9.392474149437888,2029,21.091745679507646,0.25796721230721914,cutoff_1e-14,complete,0.0028642919999128935,0.014692415999888908,1024,0.08615094789829979,88.21857064785898,0.08615094789829979,88.21857064785898,4096,0.11688351322444293,478.75487016731824,0.11688351322444293,478.75487016731824,32768,0.12221211284310157,4004.6465136427523,0.008180709000043862,0.12221211284310157,4004.6465136427523,complete,complete
11.305884527185503,81.76134281122904,False,1263681536,0.005196082999873397,False,64,1,0.3,64,0.0008194160000130069,0.0625,0.38527701064242115,12.798469383923194,2029,21.091745679507646,0.25796721230721914,cutoff_1e-14,complete,0.0028642919999128935,0.014692415999888908,1024,0.15996173688595638,163.80081857121934,0.09230859903806525,94.52400541497882,4096,0.21205482412010307,868.5765595959422,0.12092178111049368,495.2956154285821,32768,0.2193362178828701,7187.209187585888,0.008180709000043862,0.1272212208085095,4168.7849634532395,complete,complete
19.830127888309047,220.3273407862805,False,1263714304,0.005050917000062327,False,128,0,0.0,128,0.0010987499999828287,0.125,0.2219301041717894,7.228658176197825,2029,20.455541280718883,0.09284159291225205,cutoff_1e-10,complete,0.006834667000021,0.0185534159998042,1024,0.051028807644835604,52.25349902831166,0.051028807644835604,52.25349902831166,4096,0.09054402605606182,370.8683307256292,0.09054402605606182,370.8683307256292,32768,0.08956935434394747,2935.0086031424707,0.01094162499975937,0.08956935434394747,2935.0086031424707,complete,complete
20.643881619967765,220.3273407862805,False,1263714304,0.005050917000062327,False,128,1,0.3,128,0.0010987499999828287,0.125,0.33646422940143794,11.176963638705814,2029,20.455541280718883,0.09284159291225205,cutoff_1e-10,complete,0.006834667000021,0.0185534159998042,1024,0.12199659783296088,124.92451618095194,0.062158862807420265,63.65067551479835,4096,0.18944145918021624,775.9522168021657,0.09714057936514398,397.8878130796297,32768,0.1920823127314492,6294.153223584128,0.01094162499975937,0.09869792734748314,3234.1336833223277,complete,complete
19.830127888309047,220.3273407862805,False,1263714304,0.005050917000062327,False,128,0,0.0,128,0.0010987499999828287,0.125,0.2219301041717894,7.228658176197825,2029,20.455541280718883,0.09284159291225205,cutoff_1e-14,complete,0.006834667000021,0.0185534159998042,1024,0.051028807644835604,52.25349902831166,0.051028807644835604,52.25349902831166,4096,0.09054402605606182,370.8683307256292,0.09054402605606182,370.8683307256292,32768,0.08956935434394747,2935.0086031424707,0.01094162499975937,0.08956935434394747,2935.0086031424707,complete,complete
20.643881619967765,220.3273407862805,False,1263714304,0.005050917000062327,False,128,1,0.3,128,0.0010987499999828287,0.125,0.33646422940143794,11.176963638705814,2029,20.455541280718883,0.09284159291225205,cutoff_1e-14,complete,0.006834667000021,0.0185534159998042,1024,0.12199659783296088,124.92451618095194,0.062158862807420265,63.65067551479835,4096,0.18944145918021624,775.9522168021657,0.09714057936514398,397.8878130796297,32768,0.1920823127314492,6294.153223584128,0.01094162499975937,0.09869792734748314,3234.1336833223277,complete,complete
68.51943390348586,1169.6786142403291,False,1263730688,0.005354541999849971,False,256,0,0.0,256,0.0022547080000094866,0.25,0.11070592580973629,3.6058888844509642,2029,20.877394067975587,0.017848829425281765,cutoff_1e-10,complete,0.01619641699994645,0.029836541999884503,1024,0.012697690084967808,13.002434647007036,0.012697690084967808,13.002434647007036,4096,0.0393436015429624,161.151391919974,0.0393436015429624,161.151391919974,32768,0.039137370180833825,1282.4533460855628,0.01784937499996886,0.039137370180833825,1282.4533460855628,complete,complete
99.80554406542389,1169.6786142403291,False,1263730688,0.005354541999849971,False,256,1,0.3,256,0.0022547080000094866,0.25,0.2540030921454832,8.43769731504414,2029,20.877394067975587,0.017848829425281765,cutoff_1e-10,complete,0.01619641699994645,0.029836541999884503,1024,0.06952610935576473,71.19473598030308,0.035334766251024524,36.18280064104911,4096,0.1755890872177241,719.2129012437979,0.08293423835244429,339.6986402916118,32768,0.18034524918810524,5909.5531253958325,0.01784937499996886,0.08725378628738795,2859.1320690651282,complete,complete
68.51943390348586,1169.6786142403291,False,1263730688,0.005354541999849971,False,256,0,0.0,256,0.0022547080000094866,0.25,0.11070592580973629,3.6058888844509642,2029,20.877394067975587,0.017848829425281765,cutoff_1e-14,complete,0.01619641699994645,0.029836541999884503,1024,0.012697690084967808,13.002434647007036,0.012697690084967808,13.002434647007036,4096,0.0393436015429624,161.151391919974,0.0393436015429624,161.151391919974,32768,0.039137370180833825,1282.4533460855628,0.01784937499996886,0.039137370180833825,1282.4533460855628,complete,complete
99.80554406542389,1169.6786142403291,False,1263730688,0.005354541999849971,False,256,1,0.3,256,0.0022547080000094866,0.25,0.2540030921454832,8.43769731504414,2029,20.877394067975587,0.017848829425281765,cutoff_1e-14,complete,0.01619641699994645,0.029836541999884503,1024,0.06952610935576473,71.19473598030308,0.035334766251024524,36.18280064104911,4096,0.1755890872177241,719.2129012437979,0.08293423835244429,339.6986402916118,32768,0.18034524918810524,5909.5531253958325,0.01784937499996886,0.08725378628738795,2859.1320690651282,complete,complete
79.56865341522914,3908.8467967753613,False,1263730688,0.005660583000008046,False,384,0,0.0,384,0.002806708999969487,0.375,0.04062976012748649,1.3233835438349018,2029,21.094202612929724,0.005396528364921229,cutoff_1e-10,complete,0.028807082999946942,0.04371879099994658,1024,0.0017102968789970935,1.7513440040930237,0.0017102968789970935,1.7513440040930237,4096,0.014781477056995127,60.54493002545204,0.014781477056995127,60.54493002545204,32768,0.014421365621581746,472.55930868799067,0.023302916000375262,0.014421365621581746,472.55930868799067,complete,complete
168.68738786521902,3908.8467967753613,False,1263730688,0.005660583000008046,False,384,1,0.3,384,0.002806708999969487,0.375,0.21379102940910114,7.101897774506179,2029,21.094202612929724,0.005396528364921229,cutoff_1e-10,complete,0.028807082999946942,0.04371879099994658,1024,0.049254835937046715,50.436951999535836,0.03594439608785273,36.807061593961194,4096,0.20661189907294247,846.2823386027724,0.11794847997479427,483.1169739767573,32768,0.21291218332033218,6976.706423040645,0.023302916000375262,0.12000873346110631,3932.4461780535316,complete,complete
79.56865341522914,3908.8467967753613,False,1263730688,0.005660583000008046,False,384,0,0.0,384,0.002806708999969487,0.375,0.04062976012748649,1.3233835438349018,2029,21.094202612929724,0.005396528364921229,cutoff_1e-14,complete,0.028807082999946942,0.04371879099994658,1024,0.0017102968789970935,1.7513440040930237,0.0017102968789970935,1.7513440040930237,4096,0.014781477056995127,60.54493002545204,0.014781477056995127,60.54493002545204,32768,0.014421365621581746,472.55930868799067,0.023302916000375262,0.014421365621581746,472.55930868799067,complete,complete
168.68738786521902,3908.8467967753613,False,1263730688,0.005660583000008046,False,384,1,0.3,384,0.002806708999969487,0.375,0.21379102940910114,7.101897774506179,2029,21.094202612929724,0.005396528364921229,cutoff_1e-14,complete,0.028807082999946942,0.04371879099994658,1024,0.049254835937046715,50.436951999535836,0.03594439608785273,36.807061593961194,4096,0.20661189907294247,846.2823386027724,0.11794847997479427,483.1169739767573,32768,0.21291218332033218,6976.706423040645,0.023302916000375262,0.12000873346110631,3932.4461780535316,complete,complete
116.41590723475676,7941.988798549386,False,1263730688,0.006383541999866793,False,512,0,0.0,512,0.003866874999857828,0.5,0.025079186317246056,0.8168736994969329,2029,21.097629957658356,0.002656466848897075,cutoff_1e-10,complete,0.049924417000056565,0.06718437499989705,1024,0.0006516432040330131,0.6672826409298054,0.0006516432040330131,0.6672826409298054,4096,0.016543834969774684,67.76354803619711,0.016543834969774684,67.76354803619711,32768,0.016571858709808606,543.0266662030084,0.030840874999739754,0.016571858709808606,543.0266662030084,complete,complete
382.62456598693177,7941.988798549386,False,1263730688,0.006383541999866793,False,512,1,0.3,512,0.003866874999857828,0.5,0.18851300489990366,6.2621902035104995,2029,21.097629957658356,0.002656466848897075,cutoff_1e-10,complete,0.049924417000056565,0.06718437499989705,1024,0.038295923969670784,39.21502614494288,0.04474000235214372,45.81376240859517,4096,0.3161927902453995,1295.1256688451563,0.2286107210931935,936.3895135977206,32768,0.31069201907599586,10180.756081082232,0.030840874999739754,0.21922750591033152,7183.646913669743,complete,complete
116.41590723475676,7941.988798549386,False,1263730688,0.006383541999866793,False,512,0,0.0,512,0.003866874999857828,0.5,0.025079186317246056,0.8168736994969329,2029,21.097629957658356,0.002656466848897075,cutoff_1e-14,complete,0.049924417000056565,0.06718437499989705,1024,0.0006516432040330131,0.6672826409298054,0.0006516432040330131,0.6672826409298054,4096,0.016543834969774684,67.76354803619711,0.016543834969774684,67.76354803619711,32768,0.016571858709808606,543.0266662030084,0.030840874999739754,0.016571858709808606,543.0266662030084,complete,complete
382.62456598693177,7941.988798549386,False,1263730688,0.006383541999866793,False,512,1,0.3,512,0.003866874999857828,0.5,0.18851300489990366,6.2621902035104995,2029,21.097629957658356,0.002656466848897075,cutoff_1e-14,complete,0.049924417000056565,0.06718437499989705,1024,0.038295923969670784,39.21502614494288,0.04474000235214372,45.81376240859517,4096,0.3161927902453995,1295.1256688451563,0.2286107210931935,936.3895135977206,32768,0.31069201907599586,10180.756081082232,0.030840874999739754,0.21922750591033152,7183.646913669743,complete,complete
169.79957501149767,54195.95240048829,False,1263812608,0.0060645420001037564,False,768,0,0.0,768,0.005644207999921491,0.75,0.007343562331253444,0.2391928850136652,2029,20.968966048217304,0.0003869101864520122,cutoff_1e-10,complete,0.09555291700007729,0.11520750000022417,1024,5.5872301016758255e-05,0.05721323624116045,5.5872301016758255e-05,0.05721323624116045,4096,0.012969025184066044,53.121127153934516,0.012969025184066044,53.121127153934516,32768,0.012132864585665216,397.5697067430778,0.04317700000001423,0.012132864585665216,397.5697067430778,complete,complete
2364.594173777267,54195.95240048829,False,1263812608,0.0060645420001037564,False,768,1,0.3,768,0.005644207999921491,0.75,0.13044956421408838,4.3333879458737306,2029,20.968966048217304,0.0003869101864520122,cutoff_1e-10,complete,0.09555291700007729,0.11520750000022417,1024,0.018338135829534925,18.778251089443764,0.0633425675867341,64.86278920881571,4096,2.0592623634142675,8434.73864054484,1.9418503059590233,7953.818853208159,32768,1.7118429944276923,56093.67124140662,0.04317700000001423,1.62741696170164,53327.19900103934,complete,complete
169.79957501149767,54195.95240048829,False,1263812608,0.0060645420001037564,False,768,0,0.0,768,0.005644207999921491,0.75,0.007343562331253444,0.2391928850136652,2029,20.968966048217304,0.0003869101864520122,cutoff_1e-14,complete,0.09555291700007729,0.11520750000022417,1024,5.5872301016758255e-05,0.05721323624116045,5.5872301016758255e-05,0.05721323624116045,4096,0.012969025184066044,53.121127153934516,0.012969025184066044,53.121127153934516,32768,0.012132864585665216,397.5697067430778,0.04317700000001423,0.012132864585665216,397.5697067430778,complete,complete
2364.594173777267,54195.95240048829,False,1263812608,0.0060645420001037564,False,768,1,0.3,768,0.005644207999921491,0.75,0.13044956421408838,4.3333879458737306,2029,20.968966048217304,0.0003869101864520122,cutoff_1e-14,complete,0.09555291700007729,0.11520750000022417,1024,0.018338135829534925,18.778251089443764,0.0633425675867341,64.86278920881571,4096,2.0592623634142675,8434.73864054484,1.9418503059590233,7953.818853208159,32768,1.7118429944276923,56093.67124140662,0.04317700000001423,1.62741696170164,53327.19900103934,complete,complete
312.2881443434855,134674.5083764312,False,1263845376,0.006434000000126616,False,896,0,0.0,896,0.0066106250001212175,0.875,0.002868981366679846,0.09344782534574998,2029,20.801245567342125,0.00015445570077152375,cutoff_1e-10,complete,0.11620695800002068,0.13771074999999655,1024,8.527828185400194e-06,0.008732496061849799,8.527828185400194e-06,0.008732496061849799,4096,0.015436492357070192,63.22787269455951,0.015436492357070192,63.22787269455951,32768,0.015178302093832847,497.36260301071474,0.04913825000039651,0.015178302093832847,497.36260301071474,complete,complete
4986.792297845522,134674.5083764312,False,1263845376,0.006434000000126616,False,896,1,0.3,896,0.0066106250001212175,0.875,0.09218606111482394,3.0623173670166546,2029,20.801245567342125,0.00015445570077152375,cutoff_1e-10,complete,0.11620695800002068,0.13771074999999655,1024,0.009157995758136556,9.377787656331833,0.0721992068824708,73.9319878476501,4096,8.916393661810732,36521.54843877676,8.761834018554755,35888.472140000275,32768,7.857285277426708,257467.52397071838,0.04913825000039651,7.7776693029370065,254858.66771863983,complete,complete
312.2881443434855,134674.5083764312,False,1263845376,0.006434000000126616,False,896,0,0.0,896,0.0066106250001212175,0.875,0.002868981366679846,0.09344782534574998,2029,20.801245567342125,0.00015445570077152375,cutoff_1e-14,complete,0.11620695800002068,0.13771074999999655,1024,8.527828185400194e-06,0.008732496061849799,8.527828185400194e-06,0.008732496061849799,4096,0.015436492357070192,63.22787269455951,0.015436492357070192,63.22787269455951,32768,0.015178302093832847,497.36260301071474,0.04913825000039651,0.015178302093832847,497.36260301071474,complete,complete
4986.792297845522,134674.5083764312,False,1263845376,0.006434000000126616,False,896,1,0.3,896,0.0066106250001212175,0.875,0.09218606111482394,3.0623173670166546,2029,20.801245567342125,0.00015445570077152375,cutoff_1e-14,complete,0.11620695800002068,0.13771074999999655,1024,0.009157995758136556,9.377787656331833,0.0721992068824708,73.9319878476501,4096,8.916393661810732,36521.54843877676,8.761834018554755,35888.472140000275,32768,7.857285277426708,257467.52397071838,0.04913825000039651,7.7776693029370065,254858.66771863983,complete,complete
364.625423781176,304705.28296413197,False,1107918848,0.006932041000027311,False,960,0,0.0,960,0.008674208000002182,0.9375,0.0015702525166517392,0.05114591702441359,2029,20.708429125943866,6.796215977778612e-05,cutoff_1e-10,complete,0.1326627500000086,0.16015170900004705,1024,2.5545945588556668e-06,0.0026159048282682028,2.5545945588556668e-06,0.0026159048282682028,4096,0.023750020821814686,97.28008528615295,0.023750020821814686,97.28008528615295,32768,0.02241815570792839,734.5981262373975,0.05368124999995416,0.02241815570792839,734.5981262373975,complete,complete
9745.013623144529,304705.28296413197,False,1107918848,0.006932041000027311,False,960,1,0.3,960,0.008674208000002182,0.9375,0.06384136555854161,2.120738429646857,2029,20.708429125943866,6.796215977778612e-05,cutoff_1e-10,complete,0.1326627500000086,0.16015170900004705,1024,0.004392120592754902,4.4975314869810195,0.07690960249921111,78.75543295919218,4096,21.66313897327459,88732.21723453273,21.488628233535884,88017.42124456298,32768,21.723839262072744,711846.7649395997,0.05368124999995416,21.65282739830509,709519.8481876611,complete,complete
364.625423781176,304705.28296413197,False,1107918848,0.006932041000027311,False,960,0,0.0,960,0.008674208000002182,0.9375,0.0015702525166517392,0.05114591702441359,2029,20.708429125943866,6.796215977778612e-05,cutoff_1e-14,complete,0.1326627500000086,0.16015170900004705,1024,2.5545945588556668e-06,0.0026159048282682028,2.5545945588556668e-06,0.0026159048282682028,4096,0.023750020821814686,97.28008528615295,0.023750020821814686,97.28008528615295,32768,0.02241815570792839,734.5981262373975,0.05368124999995416,0.02241815570792839,734.5981262373975,complete,complete
9745.013623144529,304705.28296413197,False,1107918848,0.006932041000027311,False,960,1,0.3,960,0.008674208000002182,0.9375,0.06384136555854161,2.120738429646857,2029,20.708429125943866,6.796215977778612e-05,cutoff_1e-14,complete,0.1326627500000086,0.16015170900004705,1024,0.004392120592754902,4.4975314869810195,0.07690960249921111,78.75543295919218,4096,21.66313897327459,88732.21723453273,21.488628233535884,88017.42124456298,32768,21.723839262072744,711846.7649395997,0.05368124999995416,21.65282739830509,709519.8481876611,complete,complete
467.9503465065141,731533.7974706981,False,1107951616,0.0073502499999449356,False,992,0,0.0,992,0.007658124999807114,0.96875,0.0009928701648235093,0.032339547001243016,2029,20.765814856818032,2.8386678686092852e-05,cutoff_1e-10,complete,0.14408087499987232,0.16931516599993301,1024,1.0213342775835987e-06,0.001045846300245605,1.0213342775835987e-06,0.001045846300245605,4096,0.03679925203149295,150.72973632099513,0.03679925203149295,150.72973632099513,32768,0.03445191759083656,1128.9204356165324,0.05559524999989662,0.03445191759083656,1128.9204356165324,complete,complete
19898.7490153314,731533.7974706981,False,1107951616,0.0073502499999449356,False,992,1,0.3,992,0.007658124999807114,0.96875,0.04589027316747182,1.5244233108392282,2029,20.765814856818032,2.8386678686092852e-05,cutoff_1e-10,complete,0.14408087499987232,0.16931516599993301,1024,0.002269400811162145,2.3238664306300363,0.07901401501510114,80.91035137546356,4096,78.44483789269596,321310.05600848264,78.27060991385176,320596.4182071368,32768,78.22226838164666,2563187.2903297977,0.05559524999989662,78.15406704645147,2560952.468978122,complete,complete
467.9503465065141,731533.7974706981,False,1107951616,0.0073502499999449356,False,992,0,0.0,992,0.007658124999807114,0.96875,0.0009928701648235093,0.032339547001243016,2029,20.765814856818032,2.8386678686092852e-05,cutoff_1e-14,complete,0.14408087499987232,0.16931516599993301,1024,1.0213342775835987e-06,0.001045846300245605,1.0213342775835987e-06,0.001045846300245605,4096,0.03679925203149295,150.72973632099513,0.03679925203149295,150.72973632099513,32768,0.03445191759083656,1128.9204356165324,0.05559524999989662,0.03445191759083656,1128.9204356165324,complete,complete
19898.7490153314,731533.7974706981,False,1107951616,0.0073502499999449356,False,992,1,0.3,992,0.007658124999807114,0.96875,0.04589027316747182,1.5244233108392282,2029,20.765814856818032,2.8386678686092852e-05,cutoff_1e-14,complete,0.14408087499987232,0.16931516599993301,1024,0.002269400811162145,2.3238664306300363,0.07901401501510114,80.91035137546356,4096,78.44483789269596,321310.05600848264,78.27060991385176,320596.4182071368,32768,78.22226838164666,2563187.2903297977,0.05559524999989662,78.15406704645147,2560952.468978122,complete,complete
11636.965736571537,26106909.612500988,False,1107968000,0.007662666999976864,False,1023,0,0.0,1023,0.008982250000144631,0.9990234375,2.3454353961014842e-05,0.0007639500200319342,2029,20.720879227490116,7.93693299400254e-07,cutoff_1e-10,complete,0.16743741699997372,0.19338695800001915,1024,5.69941047955852e-10,5.836196331067924e-07,5.69941047955852e-10,5.836196331067924e-07,4096,18.60471450097259,76204.91059598373,18.60471450097259,76204.91059598373,32768,18.470192493821294,605231.2676375362,0.06730699999980061,18.470192493821294,605231.2676375362,complete,complete
359195.36402573873,26106909.612500988,False,1107968000,0.007662666999976864,False,1023,1,0.3,1023,0.008982250000144631,0.9990234375,0.0003134612769999914,0.010412831406785563,2029,20.720879227490116,7.93693299400254e-07,cutoff_1e-10,complete,0.16743741699997372,0.19338695800001915,1024,1.0588579873646465e-07,0.0001084270579061398,0.08129328529029317,83.24432413726021,4096,17897.742405769724,73309152.89403279,17898.04460426238,73310390.69905871,32768,17934.61465289499,587681452.946063,0.06730699999980061,17934.17777466503,587667137.3202237,complete,complete
11636.965736571537,26106909.612500988,False,1107968000,0.007662666999976864,False,1023,0,0.0,1023,0.008982250000144631,0.9990234375,2.3454353961014842e-05,0.0007639500200319342,2029,20.720879227490116,7.93693299400254e-07,cutoff_1e-14,complete,0.16743741699997372,0.19338695800001915,1024,5.69941047955852e-10,5.836196331067924e-07,5.69941047955852e-10,5.836196331067924e-07,4096,18.60471450097259,76204.91059598373,18.60471450097259,76204.91059598373,32768,18.470192493821294,605231.2676375362,0.06730699999980061,18.470192493821294,605231.2676375362,complete,complete
359195.36402573873,26106909.612500988,False,1107968000,0.007662666999976864,False,1023,1,0.3,1023,0.008982250000144631,0.9990234375,0.0003134612769999914,0.010412831406785563,2029,20.720879227490116,7.93693299400254e-07,cutoff_1e-14,complete,0.16743741699997372,0.19338695800001915,1024,1.0588579873646465e-07,0.0001084270579061398,0.08129328529029317,83.24432413726021,4096,17897.742405769724,73309152.89403279,17898.04460426238,73310390.69905871,32768,17934.61465289499,587681452.946063,0.06730699999980061,17934.17777466503,587667137.3202237,complete,complete
12352.820639244983,54125420.319487765,False,1108049920,0.007216792000008354,True,1024,0,0.0,1024,0.010553583000046274,1.0,4.2886784893069744e-13,1.3968988543715255e-11,2029,20.712284459932583,3.8267202984611574e-07,cutoff_1e-10,complete,0.17290000000002692,0.20169341699988763,1024,1.9055921966254691e-25,1.9513264093444804e-22,1.9055921966254691e-25,1.9513264093444804e-22,4096,19.370859040284145,79343.03862900386,19.370859040284145,79343.03862900386,32768,19.419528139231954,636339.0980663527,0.059698624999782623,19.419528139231954,636339.0980663527,complete,complete
352412.6404154757,54125420.319487765,False,1108049920,0.007216792000008354,True,1024,1,0.3,1024,0.010553583000046274,1.0,1.2593741041900984e-11,4.183499266802084e-10,2029,20.712284459932583,3.8267202984611574e-07,cutoff_1e-10,complete,0.17290000000002692,0.20169341699988763,1024,1.7091470815755442e-22,1.7501666115333573e-19,0.08129337563900016,83.24441665433616,4096,17696.663948804155,72485535.53430182,17697.13297792311,72487456.67757306,32768,17683.59097806987,579455909.1693935,0.059698624999782623,17683.146218360976,579441335.2832525,complete,complete
12352.820639244983,54125420.319487765,False,1108049920,0.007216792000008354,True,1024,0,0.0,1024,0.010553583000046274,1.0,4.2886784893069744e-13,1.3968988543715255e-11,2029,20.712284459932583,3.8267202984611574e-07,cutoff_1e-14,complete,0.17290000000002692,0.20169341699988763,1024,1.9055921966254691e-25,1.9513264093444804e-22,1.9055921966254691e-25,1.9513264093444804e-22,4096,19.370859040284145,79343.03862900386,19.370859040284145,79343.03862900386,32768,19.419528139231954,636339.0980663527,0.059698624999782623,19.419528139231954,636339.0980663527,complete,complete
352412.6404154757,54125420.319487765,False,1108049920,0.007216792000008354,True,1024,1,0.3,1024,0.010553583000046274,1.0,1.2593741041900984e-11,4.183499266802084e-10,2029,20.712284459932583,3.8267202984611574e-07,cutoff_1e-14,complete,0.17290000000002692,0.20169341699988763,1024,1.7091470815755442e-22,1.7501666115333573e-19,0.08129337563900016,83.24441665433616,4096,17696.663948804155,72485535.53430182,17697.13297792311,72487456.67757306,32768,17683.59097806987,579455909.1693935,0.059698624999782623,17683.146218360976,579441335.2832525,complete,complete
4339.370251062811,39624768.34947065,False,1108066304,0.007721875000015643,True,1025,0,0.0,1024,0.009194750000006024,1.0009765625,4.036457643455195e-13,1.3147460393499682e-11,2029,20.722847219807115,5.22977119690441e-07,cutoff_1e-10,complete,0.18018241699996906,0.20717245799983175,1024,1.6880440898304962e-25,1.728557147986428e-22,1.6880440898304962e-25,1.728557147986428e-22,4096,2.7483366954947845,11257.187104746637,2.7483366954947845,11257.187104746637,32768,2.72998691020371,89456.21107355517,0.0697788339998624,2.72998691020371,89456.21107355517,complete,complete
205288.35453786462,39624768.34947065,False,1108066304,0.007721875000015643,True,1025,1,0.3,1024,0.009194750000006024,1.0009765625,2.0883336956951686e-11,6.937209885220945e-10,2029,20.722847219807115,5.22977119690441e-07,cutoff_1e-10,complete,0.18018241699996906,0.20717245799983175,1024,4.6996954093366415e-22,4.812488099160721e-19,0.08129337563913155,83.24441665447071,4096,6074.573896305673,24881454.679268036,6076.395352341231,24888915.363189682,32768,5868.7082324286075,192305831.3602206,0.0697788339998624,5868.439370673643,192297021.29823393,complete,complete
4339.370251062811,39624768.34947065,False,1108066304,0.007721875000015643,True,1025,0,0.0,1024,0.009194750000006024,1.0009765625,4.036457643455195e-13,1.3147460393499682e-11,2029,20.722847219807115,5.22977119690441e-07,cutoff_1e-14,complete,0.18018241699996906,0.20717245799983175,1024,1.6880440898304962e-25,1.728557147986428e-22,1.6880440898304962e-25,1.728557147986428e-22,4096,2.7483366954947845,11257.187104746637,2.7483366954947845,11257.187104746637,32768,2.72998691020371,89456.21107355517,0.0697788339998624,2.72998691020371,89456.21107355517,complete,complete
205288.35453786462,39624768.34947065,False,1108066304,0.007721875000015643,True,1025,1,0.3,1024,0.009194750000006024,1.0009765625,2.0883336956951686e-11,6.937209885220945e-10,2029,20.722847219807115,5.22977119690441e-07,cutoff_1e-14,complete,0.18018241699996906,0.20717245799983175,1024,4.6996954093366415e-22,4.812488099160721e-19,0.08129337563913155,83.24441665447071,4096,6074.573896305673,24881454.679268036,6076.395352341231,24888915.363189682,32768,5868.7082324286075,192305831.3602206,0.0697788339998624,5868.439370673643,192297021.29823393,complete,complete
480.50520714004983,697136.6629872158,False,1108066304,0.007100792000073852,True,1056,0,0.0,1024,0.008051833000081388,1.03125,3.495890278689245e-14,1.1386736351268638e-12,2029,20.753225889965574,2.9769236064903603e-05,cutoff_1e-10,complete,0.18390545900001598,0.20863699999995333,1024,1.2661891087236585e-27,1.2965776473330263e-24,1.2661891087236585e-27,1.2965776473330263e-24,4096,0.03980918486832164,163.05842122064544,0.03980918486832164,163.05842122064544,32768,0.03819516123829051,1251.5790434563035,0.05956324999988283,0.03819516123829051,1251.5790434563035,complete,complete
22419.310323811773,697136.6629872158,False,1108066304,0.007100792000073852,True,1056,1,0.3,1024,0.008051833000081388,1.03125,1.0163540702954752e-12,3.3762140207153415e-11,2029,20.753225889965574,2.9769236064903603e-05,cutoff_1e-10,complete,0.18390545900001598,0.20863699999995333,1024,1.1131661243823097e-24,1.1398821113674851e-21,0.081293375638939,83.24441665427354,4096,136.96418309284942,561005.2939483112,136.86419342658576,560595.7362752953,32768,126.67769699438881,4150974.7751121325,0.05956324999988283,126.56114745090073,4147155.6796711152,complete,complete
480.50520714004983,697136.6629872158,False,1108066304,0.007100792000073852,True,1056,0,0.0,1024,0.008051833000081388,1.03125,3.495890278689245e-14,1.1386736351268638e-12,2029,20.753225889965574,2.9769236064903603e-05,cutoff_1e-14,complete,0.18390545900001598,0.20863699999995333,1024,1.2661891087236585e-27,1.2965776473330263e-24,1.2661891087236585e-27,1.2965776473330263e-24,4096,0.03980918486832164,163.05842122064544,0.03980918486832164,163.05842122064544,32768,0.03819516123829051,1251.5790434563035,0.05956324999988283,0.03819516123829051,1251.5790434563035,complete,complete
22419.310323811773,697136.6629872158,False,1108066304,0.007100792000073852,True,1056,1,0.3,1024,0.008051833000081388,1.03125,1.0163540702954752e-12,3.3762140207153415e-11,2029,20.753225889965574,2.9769236064903603e-05,cutoff_1e-14,complete,0.18390545900001598,0.20863699999995333,1024,1.1131661243823097e-24,1.1398821113674851e-21,0.081293375638939,83.24441665427354,4096,136.96418309284942,561005.2939483112,136.86419342658576,560595.7362752953,32768,126.67769699438881,4150974.7751121325,0.05956324999988283,126.56114745090073,4147155.6796711152,complete,complete
315.5112647267974,404880.94888768677,False,1108082688,0.007298207999838269,True,1088,0,0.0,1024,0.008314334000033341,1.0625,1.9649686680404894e-14,6.400252404337393e-13,2029,20.804155960025504,5.13833906415699e-05,cutoff_1e-10,complete,0.18764000000010128,0.21320479199994224,1024,4.0003155116432204e-28,4.0963230839226577e-25,4.0003155116432204e-28,4.0963230839226577e-25,4096,0.026604945697632325,108.973857577502,0.026604945697632325,108.973857577502,32768,0.02482612419429826,813.5024375987654,0.06176412500008155,0.02482612419429826,813.5024375987654,complete,complete
12939.348889273928,404880.94888768677,False,1108082688,0.007298207999838269,True,1088,1,0.3,1024,0.008314334000033341,1.0625,7.897616964738024e-13,2.6234996155263163e-11,2029,20.804155960025504,5.13833906415699e-05,cutoff_1e-10,complete,0.18764000000010128,0.21320479199994224,1024,6.721435774088603e-25,6.882750232666729e-22,0.08129337563895059,83.2444166542854,4096,63.532848700602145,260230.54827766638,63.431620625951844,259815.91808389875,32768,54.35941650248985,1781249.3599535874,0.06176412500008155,54.278317091181876,1778591.8944438477,complete,complete
315.5112647267974,404880.94888768677,False,1108082688,0.007298207999838269,True,1088,0,0.0,1024,0.008314334000033341,1.0625,1.9649686680404894e-14,6.400252404337393e-13,2029,20.804155960025504,5.13833906415699e-05,cutoff_1e-14,complete,0.18764000000010128,0.21320479199994224,1024,4.0003155116432204e-28,4.0963230839226577e-25,4.0003155116432204e-28,4.0963230839226577e-25,4096,0.026604945697632325,108.973857577502,0.026604945697632325,108.973857577502,32768,0.02482612419429826,813.5024375987654,0.06176412500008155,0.02482612419429826,813.5024375987654,complete,complete
12939.348889273928,404880.94888768677,False,1108082688,0.007298207999838269,True,1088,1,0.3,1024,0.008314334000033341,1.0625,7.897616964738024e-13,2.6234996155263163e-11,2029,20.804155960025504,5.13833906415699e-05,cutoff_1e-14,complete,0.18764000000010128,0.21320479199994224,1024,6.721435774088603e-25,6.882750232666729e-22,0.08129337563895059,83.2444166542854,4096,63.532848700602145,260230.54827766638,63.431620625951844,259815.91808389875,32768,54.35941650248985,1781249.3599535874,0.06176412500008155,54.278317091181876,1778591.8944438477,complete,complete
200.82003354964323,213404.0701214894,False,1108148224,0.007253666999986308,True,1152,0,0.0,1024,0.008861208000098486,1.125,9.366607464406417e-15,3.0508706280967765e-13,2029,20.77808769305198,9.736500190096264e-05,cutoff_1e-10,complete,0.2014684580001358,0.22727624999993168,1024,9.08965975525744e-29,9.307811589383619e-26,9.08965975525744e-29,9.307811589383619e-26,4096,0.01820037137328731,74.54872114498482,0.01820037137328731,74.54872114498482,32768,0.01723106582763635,564.6275650399879,0.06698545800009015,0.01723106582763635,564.6275650399879,complete,complete
9513.65269861699,213404.0701214894,False,1108148224,0.007253666999986308,True,1152,1,0.3,1024,0.008861208000098486,1.125,4.208270614186078e-13,1.397940212552977e-11,2029,20.77808769305198,9.736500190096264e-05,cutoff_1e-10,complete,0.2014684580001358,0.22727624999993168,1024,1.9084344119850219e-25,1.9542368378726624e-22,0.08129337563892053,83.24441665425462,4096,40.62800272970888,166412.29918088758,40.55149733291704,166098.93307562819,32768,36.53315431360613,1197118.4005482458,0.06698545800009015,36.44008004390075,1194068.5428785398,complete,complete
200.82003354964323,213404.0701214894,False,1108148224,0.007253666999986308,True,1152,0,0.0,1024,0.008861208000098486,1.125,9.366607464406417e-15,3.0508706280967765e-13,2029,20.77808769305198,9.736500190096264e-05,cutoff_1e-14,complete,0.2014684580001358,0.22727624999993168,1024,9.08965975525744e-29,9.307811589383619e-26,9.08965975525744e-29,9.307811589383619e-26,4096,0.01820037137328731,74.54872114498482,0.01820037137328731,74.54872114498482,32768,0.01723106582763635,564.6275650399879,0.06698545800009015,0.01723106582763635,564.6275650399879,complete,complete
9513.65269861699,213404.0701214894,False,1108148224,0.007253666999986308,True,1152,1,0.3,1024,0.008861208000098486,1.125,4.208270614186078e-13,1.397940212552977e-11,2029,20.77808769305198,9.736500190096264e-05,cutoff_1e-14,complete,0.2014684580001358,0.22727624999993168,1024,1.9084344119850219e-25,1.9542368378726624e-22,0.08129337563892053,83.24441665425462,4096,40.62800272970888,166412.29918088758,40.55149733291704,166098.93307562819,32768,36.53315431360613,1197118.4005482458,0.06698545800009015,36.44008004390075,1194068.5428785398,complete,complete
133.37620625859955,124625.36271182324,False,1108164608,0.007648750000043947,True,1280,0,0.0,1024,0.011443415999792705,1.25,6.3940186477604814e-15,2.0826455856172408e-13,2029,20.84271157549951,0.00016724293612444715,cutoff_1e-10,complete,0.22380070799999885,0.2537745409999843,1024,4.235754526651348e-29,4.3374126352909803e-26,4.235754526651348e-29,4.3374126352909803e-26,4096,0.010934404917297457,44.78732254125038,0.010934404917297457,44.78732254125038,32768,0.01054451999184142,345.52283109265966,0.07385495800008357,0.01054451999184142,345.52283109265966,complete,complete
6286.072976635989,124625.36271182324,False,1108164608,0.007648750000043947,True,1280,1,0.3,1024,0.011443415999792705,1.25,3.820303213325433e-13,1.2690618013133394e-11,2029,20.84271157549951,0.00016724293612444715,cutoff_1e-10,complete,0.22380070799999885,0.2537745409999843,1024,1.5727713433131424e-25,1.6105178555526578e-22,0.08129337563892441,83.2444166542586,4096,25.851503630445766,105887.75887030586,25.74758473438779,105462.10707205239,32768,27.273961161888636,893713.1593527668,0.07385495800008357,27.195790302579816,891151.6566349354,complete,complete
133.37620625859955,124625.36271182324,False,1108164608,0.007648750000043947,True,1280,0,0.0,1024,0.011443415999792705,1.25,6.3940186477604814e-15,2.0826455856172408e-13,2029,20.84271157549951,0.00016724293612444715,cutoff_1e-14,complete,0.22380070799999885,0.2537745409999843,1024,4.235754526651348e-29,4.3374126352909803e-26,4.235754526651348e-29,4.3374126352909803e-26,4096,0.010934404917297457,44.78732254125038,0.010934404917297457,44.78732254125038,32768,0.01054451999184142,345.52283109265966,0.07385495800008357,0.01054451999184142,345.52283109265966,complete,complete
6286.072976635989,124625.36271182324,False,1108164608,0.007648750000043947,True,1280,1,0.3,1024,0.011443415999792705,1.25,3.820303213325433e-13,1.2690618013133394e-11,2029,20.84271157549951,0.00016724293612444715,cutoff_1e-14,complete,0.22380070799999885,0.2537745409999843,1024,1.5727713433131424e-25,1.6105178555526578e-22,0.08129337563892441,83.2444166542586,4096,25.851503630445766,105887.75887030586,25.74758473438779,105462.10707205239,32768,27.273961161888636,893713.1593527668,0.07385495800008357,27.195790302579816,891151.6566349354,complete,complete
83.23356030486353,75927.60662014311,False,1108230144,0.008137750000059896,True,1536,0,0.0,1024,0.012157167000168556,1.5,5.349292638838872e-15,1.7423597449711263e-13,2029,20.81333094624685,0.00027412072989964635,cutoff_1e-10,complete,0.278229458999931,0.3100615000000744,1024,2.9646655086873514e-29,3.035817480895848e-26,2.9646655086873514e-29,3.035817480895848e-26,4096,0.008136565430092649,33.32737200165949,0.008136565430092649,33.32737200165949,32768,0.008076285477291657,264.643722519893,0.10070637499984514,0.008076285477291657,264.643722519893,complete,complete
3802.026985979702,75927.60662014311,False,1108230144,0.008137750000059896,True,1536,1,0.3,1024,0.012157167000168556,1.5,1.650460585371095e-13,5.4826446135527905e-12,2029,20.81333094624685,0.00027412072989964635,cutoff_1e-10,complete,0.278229458999931,0.3100615000000744,1024,2.935487495949163e-26,3.005939195851943e-23,0.08129337563892562,83.24441665425984,4096,16.569235768248546,67867.58970674605,16.4810556904179,67506.40410795172,32768,19.107743887704572,626122.5517123034,0.10070637499984514,19.031072551553713,623610.1853693121,complete,complete
83.23356030486353,75927.60662014311,False,1108230144,0.008137750000059896,True,1536,0,0.0,1024,0.012157167000168556,1.5,5.349292638838872e-15,1.7423597449711263e-13,2029,20.81333094624685,0.00027412072989964635,cutoff_1e-14,complete,0.278229458999931,0.3100615000000744,1024,2.9646655086873514e-29,3.035817480895848e-26,2.9646655086873514e-29,3.035817480895848e-26,4096,0.008136565430092649,33.32737200165949,0.008136565430092649,33.32737200165949,32768,0.008076285477291657,264.643722519893,0.10070637499984514,0.008076285477291657,264.643722519893,complete,complete
3802.026985979702,75927.60662014311,False,1108230144,0.008137750000059896,True,1536,1,0.3,1024,0.012157167000168556,1.5,1.650460585371095e-13,5.4826446135527905e-12,2029,20.81333094624685,0.00027412072989964635,cutoff_1e-14,complete,0.278229458999931,0.3100615000000744,1024,2.935487495949163e-26,3.005939195851943e-23,0.08129337563892562,83.24441665425984,4096,16.569235768248546,67867.58970674605,16.4810556904179,67506.40410795172,32768,19.107743887704572,626122.5517123034,0.10070637499984514,19.031072551553713,623610.1853693121,complete,complete
54.44210067262909,45536.98725438768,False,1108262912,0.009000250000099186,True,2048,0,0.0,1024,0.0170764169999984,2.0,6.569531210171425e-15,2.1398131485322394e-13,2029,20.807462338617427,0.0004569354187262914,cutoff_1e-10,complete,0.3439837079999961,0.3846991660000185,1024,4.471484678351031e-29,4.5788003106314556e-26,4.471484678351031e-29,4.5788003106314556e-26,4096,0.004494163046966623,18.40809184037529,0.004494163046966623,18.40809184037529,32768,0.005017496733931426,164.41333297746496,0.1533094589999564,0.005017496733931426,164.41333297746496,complete,complete
2343.22054249988,45536.98725438768,False,1108262912,0.009000250000099186,True,2048,1,0.3,1024,0.0170764169999984,2.0,9.826004238285617e-14,3.264088199820334e-12,2029,20.807462338617427,0.0004569354187262914,cutoff_1e-10,complete,0.3439837079999961,0.3846991660000185,1024,1.0404562281451514e-26,1.065427177620635e-23,0.08129337563892841,83.2444166542627,4096,10.667816440134885,43695.37613879249,10.534361263431144,43148.743735013966,32768,11.59049532221874,379797.35071846365,0.1533094589999564,11.51373242661485,377281.9841553154,complete,complete
54.44210067262909,45536.98725438768,False,1108262912,0.009000250000099186,True,2048,0,0.0,1024,0.0170764169999984,2.0,6.569531210171425e-15,2.1398131485322394e-13,2029,20.807462338617427,0.0004569354187262914,cutoff_1e-14,complete,0.3439837079999961,0.3846991660000185,1024,4.471484678351031e-29,4.5788003106314556e-26,4.471484678351031e-29,4.5788003106314556e-26,4096,0.004494163046966623,18.40809184037529,0.004494163046966623,18.40809184037529,32768,0.005017496733931426,164.41333297746496,0.1533094589999564,0.005017496733931426,164.41333297746496,complete,complete
2343.22054249988,45536.98725438768,False,1108262912,0.009000250000099186,True,2048,1,0.3,1024,0.0170764169999984,2.0,9.826004238285617e-14,3.264088199820334e-12,2029,20.807462338617427,0.0004569354187262914,cutoff_1e-14,complete,0.3439837079999961,0.3846991660000185,1024,1.0404562281451514e-26,1.065427177620635e-23,0.08129337563892841,83.2444166542627,4096,10.667816440134885,43695.37613879249,10.534361263431144,43148.743735013966,32768,11.59049532221874,379797.35071846365,0.1533094589999564,11.51373242661485,377281.9841553154,complete,complete
41.402057314264916,28467.929512185285,False,1108328448,0.01063174999990224,True,3072,0,0.0,1024,0.02065149999998539,3.0,7.958385253072446e-15,2.5921876098622154e-13,2029,20.86760250336915,0.0007330214336254091,cutoff_1e-10,complete,0.5151529170000231,0.5668073340000319,1024,6.561949809299986e-29,6.719436604723186e-26,6.561949809299986e-29,6.719436604723186e-26,4096,0.004273448884344494,17.50404663027505,0.004273448884344494,17.50404663027505,32768,0.00450863266000817,147.7388750031477,0.17115754199994626,0.00450863266000817,147.7388750031477,complete,complete
1622.0722660196475,28467.929512185285,False,1108328448,0.01063174999990224,True,3072,1,0.3,1024,0.02065149999998539,3.0,7.876649186670755e-14,2.6165343552530554e-12,2029,20.86760250336915,0.0007330214336254091,cutoff_1e-10,complete,0.5151529170000231,0.5668073340000319,1024,6.685793000214377e-27,6.846252032219522e-24,0.08129337563892441,83.2444166542586,4096,8.396761776136852,34393.13623505655,8.276650154179343,33901.15903151859,32768,8.281633812053316,271372.5767533631,0.17115754199994626,8.193391848242936,268481.0640832245,complete,complete
41.402057314264916,28467.929512185285,False,1108328448,0.01063174999990224,True,3072,0,0.0,1024,0.02065149999998539,3.0,7.958385253072446e-15,2.5921876098622154e-13,2029,20.86760250336915,0.0007330214336254091,cutoff_1e-14,complete,0.5151529170000231,0.5668073340000319,1024,6.561949809299986e-29,6.719436604723186e-26,6.561949809299986e-29,6.719436604723186e-26,4096,0.004273448884344494,17.50404663027505,0.004273448884344494,17.50404663027505,32768,0.00450863266000817,147.7388750031477,0.17115754199994626,0.00450863266000817,147.7388750031477,complete,complete
1622.0722660196475,28467.929512185285,False,1108328448,0.01063174999990224,True,3072,1,0.3,1024,0.02065149999998539,3.0,7.876649186670755e-14,2.6165343552530554e-12,2029,20.86760250336915,0.0007330214336254091,cutoff_1e-14,complete,0.5151529170000231,0.5668073340000319,1024,6.685793000214377e-27,6.846252032219522e-24,0.08129337563892441,83.2444166542586,4096,8.396761776136852,34393.13623505655,8.276650154179343,33901.15903151859,32768,8.281633812053316,271372.5767533631,0.17115754199994626,8.193391848242936,268481.0640832245,complete,complete
35.56489960850243,23416.31277299282,False,1108377600,0.012314042000070913,True,4096,0,0.0,1024,0.027473374999999578,4.0,1.4121227243014167e-14,4.599534846752772e-13,2029,20.79515842934121,0.0008880628914952522,cutoff_1e-10,complete,0.6744394580000517,0.7401094159999957,1024,2.065988360009087e-28,2.115572080649305e-25,2.065988360009087e-28,2.115572080649305e-25,4096,0.004148557612343777,16.99249198016011,0.004148557612343777,16.99249198016011,32768,0.0042426960608173,139.02466452086128,0.21658220800009076,0.0042426960608173,139.02466452086128,complete,complete
1358.43137743355,23416.31277299282,False,1108377600,0.012314042000070913,True,4096,1,0.3,1024,0.027473374999999578,4.0,6.550085066999274e-14,2.175864660398516e-12,2029,20.79515842934121,0.0008880628914952522,cutoff_1e-10,complete,0.6744394580000517,0.7401094159999957,1024,4.6234248245812005e-27,4.734387020371149e-24,0.08129337563892611,83.24441665426033,4096,6.946022273608581,28450.90723270075,6.8216729595550945,27941.572442337667,32768,7.078886436325494,231960.95074551378,0.21658220800009076,6.993146679906272,229151.43040716872,complete,complete
35.56489960850243,23416.31277299282,False,1108377600,0.012314042000070913,True,4096,0,0.0,1024,0.027473374999999578,4.0,1.4121227243014167e-14,4.599534846752772e-13,2029,20.79515842934121,0.0008880628914952522,cutoff_1e-14,complete,0.6744394580000517,0.7401094159999957,1024,2.065988360009087e-28,2.115572080649305e-25,2.065988360009087e-28,2.115572080649305e-25,4096,0.004148557612343777,16.99249198016011,0.004148557612343777,16.99249198016011,32768,0.0042426960608173,139.02466452086128,0.21658220800009076,0.0042426960608173,139.02466452086128,complete,complete
1358.43137743355,23416.31277299282,False,1108377600,0.012314042000070913,True,4096,1,0.3,1024,0.027473374999999578,4.0,6.550085066999274e-14,2.175864660398516e-12,2029,20.79515842934121,0.0008880628914952522,cutoff_1e-14,complete,0.6744394580000517,0.7401094159999957,1024,4.6234248245812005e-27,4.734387020371149e-24,0.08129337563892611,83.24441665426033,4096,6.946022273608581,28450.90723270075,6.8216729595550945,27941.572442337667,32768,7.078886436325494,231960.95074551378,0.21658220800009076,6.993146679906272,229151.43040716872,complete,complete
29.800302322569454,17393.856807109507,False,1175519232,0.01873908300012772,True,8192,0,0.0,1024,0.06295875000000706,8.0,1.5924728136767867e-14,5.18696716153785e-13,2029,20.67204580017889,0.0011884682062996785,cutoff_1e-10,complete,1.3783605420001095,1.5090274169999702,1024,2.627405110827346e-28,2.6904628334872025e-25,2.627405110827346e-28,2.6904628334872025e-25,4096,0.003666725409208594,15.018907276118401,0.003666725409208594,15.018907276118401,32768,0.003457296513985757,113.28869217028529,0.43953987500026415,0.003457296513985757,113.28869217028529,complete,complete
1002.3414627192824,17393.856807109507,False,1175519232,0.01873908300012772,True,8192,1,0.3,1024,0.06295875000000706,8.0,5.54853730902141e-14,1.843161748910414e-12,2029,20.67204580017889,0.0011884682062996785,cutoff_1e-10,complete,1.3783605420001095,1.5090274169999702,1024,3.317622297506344e-27,3.397245232646496e-24,0.08129337563892522,83.24441665425942,4096,5.686003391994938,23289.869893611267,5.569533535606254,22812.809361843218,32768,5.11584428541347,167635.98554442858,0.43953987500026415,5.028754838428966,164782.23854564037,complete,complete
29.800302322569454,17393.856807109507,False,1175519232,0.01873908300012772,True,8192,0,0.0,1024,0.06295875000000706,8.0,1.5924728136767867e-14,5.18696716153785e-13,2029,20.67204580017889,0.0011884682062996785,cutoff_1e-14,complete,1.3783605420001095,1.5090274169999702,1024,2.627405110827346e-28,2.6904628334872025e-25,2.627405110827346e-28,2.6904628334872025e-25,4096,0.003666725409208594,15.018907276118401,0.003666725409208594,15.018907276118401,32768,0.003457296513985757,113.28869217028529,0.43953987500026415,0.003457296513985757,113.28869217028529,complete,complete
1002.3414627192824,17393.856807109507,False,1175519232,0.01873908300012772,True,8192,1,0.3,1024,0.06295875000000706,8.0,5.54853730902141e-14,1.843161748910414e-12,2029,20.67204580017889,0.0011884682062996785,cutoff_1e-14,complete,1.3783605420001095,1.5090274169999702,1024,3.317622297506344e-27,3.397245232646496e-24,0.08129337563892522,83.24441665425942,4096,5.686003391994938,23289.869893611267,5.569533535606254,22812.809361843218,32768,5.11584428541347,167635.98554442858,0.43953987500026415,5.028754838428966,164782.23854564037,complete,complete
13.570612406724933,118.20381279165746,False,1175584768,0.005545041000004858,False,64,0,0.0,64,0.0007533749999311112,0.0625,0.2980888259388295,9.709283185790685,2030,22.890880019523475,0.1936560207230393,cutoff_1e-10,complete,0.002714209000032497,0.014724541000077807,1024,0.0920607226385523,94.27017998187756,0.0920607226385523,94.27017998187756,4096,0.12731662721462345,521.4889050710976,0.12731662721462345,521.4889050710976,32768,0.12086654533652744,3960.554957587331,0.007944583000153216,0.12086654533652744,3960.554957587331,complete,complete
14.165855004715635,118.20381279165746,False,1175584768,0.005545041000004858,False,64,1,0.3,64,0.0007533749999311112,0.0625,0.37975448704488024,12.615017355297695,2030,22.890880019523475,0.1936560207230393,cutoff_1e-10,complete,0.002714209000032497,0.014724541000077807,1024,0.15540885046334216,159.13866287446237,0.09814179634259797,100.49719945482032,4096,0.22000250105840158,901.1302443352129,0.12968144690830377,531.1752065364122,32768,0.21708532694012334,7113.4519931739615,0.007944583000153216,0.12479610913644776,4089.31890418312,complete,complete
13.570612406724933,118.20381279165746,False,1175584768,0.005545041000004858,False,64,0,0.0,64,0.0007533749999311112,0.0625,0.2980888259388295,9.709283185790685,2030,22.890880019523475,0.1936560207230393,cutoff_1e-14,complete,0.002714209000032497,0.014724541000077807,1024,0.0920607226385523,94.27017998187756,0.0920607226385523,94.27017998187756,4096,0.12731662721462345,521.4889050710976,0.12731662721462345,521.4889050710976,32768,0.12086654533652744,3960.554957587331,0.007944583000153216,0.12086654533652744,3960.554957587331,complete,complete
14.165855004715635,118.20381279165746,False,1175584768,0.005545041000004858,False,64,1,0.3,64,0.0007533749999311112,0.0625,0.37975448704488024,12.615017355297695,2030,22.890880019523475,0.1936560207230393,cutoff_1e-14,complete,0.002714209000032497,0.014724541000077807,1024,0.15540885046334216,159.13866287446237,0.09814179634259797,100.49719945482032,4096,0.22000250105840158,901.1302443352129,0.12968144690830377,531.1752065364122,32768,0.21708532694012334,7113.4519931739615,0.007944583000153216,0.12479610913644776,4089.31890418312,complete,complete
22.96495093128636,281.49758015921,False,1175584768,0.005271792000030473,False,128,0,0.0,128,0.001165374999800406,0.125,0.22915088504605205,7.463851850801193,2030,21.27164540722335,0.07556599738865424,cutoff_1e-10,complete,0.007552958000133003,0.019553708000103143,1024,0.0544034027838949,55.709084450708374,0.0544034027838949,55.709084450708374,4096,0.09491319858217702,388.76446139259707,0.09491319858217702,388.76446139259707,32768,0.09035109639894526,2960.624726800638,0.01111612500017145,0.09035109639894526,2960.624726800638,complete,complete
24.917070296965132,281.49758015921,False,1175584768,0.005271792000030473,False,128,1,0.3,128,0.001165374999800406,0.125,0.33160737853612415,11.015624510273646,2030,21.27164540722335,0.07556599738865424,cutoff_1e-10,complete,0.007552958000133003,0.019553708000103143,1024,0.11849998374154457,121.34398335134163,0.06651132766312434,68.10759952703933,4096,0.1934324333549926,792.2992470220497,0.10531901914166589,431.3867024042635,32768,0.1929138285240659,6321.400333076592,0.01111612500017145,0.1004757802887796,3292.39036850273,complete,complete
22.96495093128636,281.49758015921,False,1175584768,0.005271792000030473,False,128,0,0.0,128,0.001165374999800406,0.125,0.22915088504605205,7.463851850801193,2030,21.27164540722335,0.07556599738865424,cutoff_1e-14,complete,0.007552958000133003,0.019553708000103143,1024,0.0544034027838949,55.709084450708374,0.0544034027838949,55.709084450708374,4096,0.09491319858217702,388.76446139259707,0.09491319858217702,388.76446139259707,32768,0.09035109639894526,2960.624726800638,0.01111612500017145,0.09035109639894526,2960.624726800638,complete,complete
24.917070296965132,281.49758015921,False,1175584768,0.005271792000030473,False,128,1,0.3,128,0.001165374999800406,0.125,0.33160737853612415,11.015624510273646,2030,21.27164540722335,0.07556599738865424,cutoff_1e-14,complete,0.007552958000133003,0.019553708000103143,1024,0.11849998374154457,121.34398335134163,0.06651132766312434,68.10759952703933,4096,0.1934324333549926,792.2992470220497,0.10531901914166589,431.3867024042635,32768,0.1929138285240659,6321.400333076592,0.01111612500017145,0.1004757802887796,3292.39036850273,complete,complete
68.94829961046639,1295.347655824152,False,1175617536,0.005376041999852532,False,256,0,0.0,256,0.002385541999956331,0.25,0.1179221529715391,3.840934236541136,2030,21.87986158451621,0.016891111421817772,cutoff_1e-10,complete,0.017103208999969866,0.030946332999974402,1024,0.01440700762640022,14.752775809433825,0.01440700762640022,14.752775809433825,4096,0.059874278773720896,245.2450458571608,0.059874278773720896,245.2450458571608,32768,0.052261773752503675,1712.5138023220404,0.017834458999914204,0.052261773752503675,1712.5138023220404,complete,complete
86.19281846814187,1295.347655824152,False,1175617536,0.005376041999852532,False,256,1,0.3,256,0.002385541999956331,0.25,0.25550463205138246,8.487576783539668,2030,21.87986158451621,0.016891111421817772,cutoff_1e-10,complete,0.017103208999969866,0.030946332999974402,1024,0.0703505465395328,72.03895965648158,0.03562819071261181,36.48326728971449,4096,0.18286900123072325,749.0314290410424,0.09483617908940359,388.4489895501971,32768,0.1802404549351294,5906.119227314321,0.017834458999914204,0.08711424009080307,2854.559419295435,complete,complete
68.94829961046639,1295.347655824152,False,1175617536,0.005376041999852532,False,256,0,0.0,256,0.002385541999956331,0.25,0.1179221529715391,3.840934236541136,2030,21.87986158451621,0.016891111421817772,cutoff_1e-14,complete,0.017103208999969866,0.030946332999974402,1024,0.01440700762640022,14.752775809433825,0.01440700762640022,14.752775809433825,4096,0.059874278773720896,245.2450458571608,0.059874278773720896,245.2450458571608,32768,0.052261773752503675,1712.5138023220404,0.017834458999914204,0.052261773752503675,1712.5138023220404,complete,complete
86.19281846814187,1295.347655824152,False,1175617536,0.005376041999852532,False,256,1,0.3,256,0.002385541999956331,0.25,0.25550463205138246,8.487576783539668,2030,21.87986158451621,0.016891111421817772,cutoff_1e-14,complete,0.017103208999969866,0.030946332999974402,1024,0.0703505465395328,72.03895965648158,0.03562819071261181,36.48326728971449,4096,0.18286900123072325,749.0314290410424,0.09483617908940359,388.4489895501971,32768,0.1802404549351294,5906.119227314321,0.017834458999914204,0.08711424009080307,2854.559419295435,complete,complete
86.57871434537293,3911.4861505871913,False,1175683072,0.005781958999932613,False,384,0,0.0,384,0.0030345840000336466,0.375,0.05279497206685861,1.7196261314680397,2030,21.383301172821295,0.005466797107184245,cutoff_1e-10,complete,0.02984100000003309,0.045811374999857435,1024,0.002887806671902084,2.957114032027734,0.002887806671902084,2.957114032027734,4096,0.03059710927224484,125.32575957911486,0.03059710927224484,125.32575957911486,32768,0.026031697584727276,853.0066664563434,0.023128584000005503,0.026031697584727276,853.0066664563434,complete,complete
191.40047835350066,3911.4861505871913,False,1175683072,0.005781958999932613,False,384,1,0.3,384,0.0030345840000336466,0.375,0.21522827614818482,7.149641496241962,2030,21.383301172821295,0.005466797107184245,cutoff_1e-10,complete,0.02984100000003309,0.045811374999857435,1024,0.049919310082797895,51.117373524785044,0.035964048872616186,36.827186045558975,4096,0.21359704930871287,874.8935139684879,0.1268659143116292,519.6427850204332,32768,0.21538483847597803,7057.730387180848,0.023128584000005503,0.12324133416957025,4038.372038068478,complete,complete
86.57871434537293,3911.4861505871913,False,1175683072,0.005781958999932613,False,384,0,0.0,384,0.0030345840000336466,0.375,0.05279497206685861,1.7196261314680397,2030,21.383301172821295,0.005466797107184245,cutoff_1e-14,complete,0.02984100000003309,0.045811374999857435,1024,0.002887806671902084,2.957114032027734,0.002887806671902084,2.957114032027734,4096,0.03059710927224484,125.32575957911486,0.03059710927224484,125.32575957911486,32768,0.026031697584727276,853.0066664563434,0.023128584000005503,0.026031697584727276,853.0066664563434,complete,complete
191.40047835350066,3911.4861505871913,False,1175683072,0.005781958999932613,False,384,1,0.3,384,0.0030345840000336466,0.375,0.21522827614818482,7.149641496241962,2030,21.383301172821295,0.005466797107184245,cutoff_1e-14,complete,0.02984100000003309,0.045811374999857435,1024,0.049919310082797895,51.117373524785044,0.035964048872616186,36.827186045558975,4096,0.21359704930871287,874.8935139684879,0.1268659143116292,519.6427850204332,32768,0.21538483847597803,7057.730387180848,0.023128584000005503,0.12324133416957025,4038.372038068478,complete,complete
109.30500485544333,7871.445418824108,False,1179926528,0.005768208000063169,False,512,0,0.0,512,0.004072791999988112,0.5,0.030401304072517673,0.9902245397081011,2030,21.41848832773641,0.00272103625040902,cutoff_1e-10,complete,0.05150379199994859,0.06849762499996359,1024,0.0009575631240626181,0.9805446390401209,0.0009575631240626181,0.9805446390401209,4096,0.02184851070243831,89.49149983718732,0.02184851070243831,89.49149983718732,32768,0.018259942042068815,598.3417808345109,0.029947333999643888,0.018259942042068815,598.3417808345109,complete,complete
346.6256017452397,7871.445418824108,False,1179926528,0.005768208000063169,False,512,1,0.3,512,0.004072791999988112,0.5,0.19542909297623354,6.491934878267583,2030,21.41848832773641,0.00272103625040902,cutoff_1e-10,complete,0.05150379199994859,0.06849762499996359,1024,0.04115743990592492,42.14521846366712,0.0419682081019451,42.97544509639178,4096,0.2974131974310375,1218.2044566775296,0.2103062583064753,861.4144340233229,32768,0.3058718619593528,10022.809172684072,0.029947333999643888,0.21439017443938235,7025.137236029681,complete,complete
109.30500485544333,7871.445418824108,False,1179926528,0.005768208000063169,False,512,0,0.0,512,0.004072791999988112,0.5,0.030401304072517673,0.9902245397081011,2030,21.41848832773641,0.00272103625040902,cutoff_1e-14,complete,0.05150379199994859,0.06849762499996359,1024,0.0009575631240626181,0.9805446390401209,0.0009575631240626181,0.9805446390401209,4096,0.02184851070243831,89.49149983718732,0.02184851070243831,89.49149983718732,32768,0.018259942042068815,598.3417808345109,0.029947333999643888,0.018259942042068815,598.3417808345109,complete,complete
346.6256017452397,7871.445418824108,False,1179926528,0.005768208000063169,False,512,1,0.3,512,0.004072791999988112,0.5,0.19542909297623354,6.491934878267583,2030,21.41848832773641,0.00272103625040902,cutoff_1e-14,complete,0.05150379199994859,0.06849762499996359,1024,0.04115743990592492,42.14521846366712,0.0419682081019451,42.97544509639178,4096,0.2974131974310375,1218.2044566775296,0.2103062583064753,861.4144340233229,32768,0.3058718619593528,10022.809172684072,0.029947333999643888,0.21439017443938235,7025.137236029681,complete,complete
210.53482542631673,41934.86704845536,False,1180024832,0.006036208000068655,False,768,0,0.0,768,0.005815250000068772,0.75,0.008080426329677301,0.26319385589064603,2030,20.877637003388898,0.0004978586668526928,cutoff_1e-10,complete,0.09512691600002654,0.11507150000011279,1024,6.764746658065055e-05,0.06927100577858616,6.764746658065055e-05,0.06927100577858616,4096,0.01847478052724665,75.67270103960227,0.01847478052724665,75.67270103960227,32768,0.016150851609992203,529.2311055562245,0.04288783299989518,0.016150851609992203,529.2311055562245,complete,complete
1854.4185591921748,41934.86704845536,False,1180024832,0.006036208000068655,False,768,1,0.3,768,0.005815250000068772,0.75,0.13991894337999936,4.647950081666859,2030,20.877637003388898,0.0004978586668526928,cutoff_1e-10,complete,0.09512691600002654,0.11507150000011279,1024,0.021097109337565374,21.603439961666943,0.060305411207381095,61.75274107635824,4096,1.637121637030969,6705.650225278849,1.5382774372557908,6300.784382999719,32768,1.565055248967481,51283.730398166415,0.04288783299989518,1.471459299032246,48216.778310688635,complete,complete
210.53482542631673,41934.86704845536,False,1180024832,0.006036208000068655,False,768,0,0.0,768,0.005815250000068772,0.75,0.008080426329677301,0.26319385589064603,2030,20.877637003388898,0.0004978586668526928,cutoff_1e-14,complete,0.09512691600002654,0.11507150000011279,1024,6.764746658065055e-05,0.06927100577858616,6.764746658065055e-05,0.06927100577858616,4096,0.01847478052724665,75.67270103960227,0.01847478052724665,75.67270103960227,32768,0.016150851609992203,529.2311055562245,0.04288783299989518,0.016150851609992203,529.2311055562245,complete,complete
1854.4185591921748,41934.86704845536,False,1180024832,0.006036208000068655,False,768,1,0.3,768,0.005815250000068772,0.75,0.13991894337999936,4.647950081666859,2030,20.877637003388898,0.0004978586668526928,cutoff_1e-14,complete,0.09512691600002654,0.11507150000011279,1024,0.021097109337565374,21.603439961666943,0.060305411207381095,61.75274107635824,4096,1.637121637030969,6705.650225278849,1.5382774372557908,6300.784382999719,32768,1.565055248967481,51283.730398166415,0.04288783299989518,1.471459299032246,48216.778310688635,complete,complete
333.5892633295303,120694.83949567832,False,1180090368,0.007622083000114799,False,896,0,0.0,896,0.006575249999968946,0.875,0.004146914903315456,0.1350723933272427,2030,20.83251810794292,0.00017260487851006144,cutoff_1e-10,complete,0.11874783400003253,0.1429870839999694,1024,1.781694476479433e-05,0.018244551439149395,1.781694476479433e-05,0.018244551439149395,4096,0.02568790595862576,105.21766280653111,0.02568790595862576,105.21766280653111,32768,0.023766325332096105,778.7749484821252,0.04936029200007397,0.023766325332096105,778.7749484821252,complete,complete
6053.243246776262,120694.83949567832,False,1180090368,0.007622083000114799,False,896,1,0.3,896,0.006575249999968946,0.875,0.09483428078197172,3.1502882487346677,2030,20.83251810794292,0.00017260487851006144,cutoff_1e-10,complete,0.11874783400003253,0.1429870839999694,1024,0.009691714892691144,9.924316050115731,0.07162014805000395,73.33903160320405,4096,8.456757994460855,34638.88074531166,8.372973998870805,34295.701499374816,32768,8.176280365085512,267920.35500312207,0.04936029200007397,8.091352782296884,265137.4479703043,complete,complete
333.5892633295303,120694.83949567832,False,1180090368,0.007622083000114799,False,896,0,0.0,896,0.006575249999968946,0.875,0.004146914903315456,0.1350723933272427,2030,20.83251810794292,0.00017260487851006144,cutoff_1e-14,complete,0.11874783400003253,0.1429870839999694,1024,1.781694476479433e-05,0.018244551439149395,1.781694476479433e-05,0.018244551439149395,4096,0.02568790595862576,105.21766280653111,0.02568790595862576,105.21766280653111,32768,0.023766325332096105,778.7749484821252,0.04936029200007397,0.023766325332096105,778.7749484821252,complete,complete
6053.243246776262,120694.83949567832,False,1180090368,0.007622083000114799,False,896,1,0.3,896,0.006575249999968946,0.875,0.09483428078197172,3.1502882487346677,2030,20.83251810794292,0.00017260487851006144,cutoff_1e-14,complete,0.11874783400003253,0.1429870839999694,1024,0.009691714892691144,9.924316050115731,0.07162014805000395,73.33903160320405,4096,8.456757994460855,34638.88074531166,8.372973998870805,34295.701499374816,32768,8.176280365085512,267920.35500312207,0.04936029200007397,8.091352782296884,265137.4479703043,complete,complete
474.8485288148766,318380.5275440179,False,1180106752,0.0072563329999866255,False,960,0,0.0,960,0.007360374999962005,0.9375,0.0020724104347495695,0.06750209346089442,2030,20.8600815404307,6.551933845120812e-05,cutoff_1e-10,complete,0.13206175000004805,0.15669950000005883,1024,4.449738888284495e-06,0.004556532621603323,4.449738888284495e-06,0.004556532621603323,4096,0.04017976917994748,164.57633456106487,0.04017976917994748,164.57633456106487,32768,0.038689678628875485,1267.7833893109919,0.0532803750002131,0.038689678628875485,1267.7833893109919,complete,complete
10989.738414515283,318380.5275440179,False,1180106752,0.0072563329999866255,False,960,1,0.3,960,0.007360374999962005,0.9375,0.06697792316602567,2.224931349030654,2030,20.8600815404307,6.551933845120812e-05,cutoff_1e-10,complete,0.13206175000004805,0.15669950000005883,1024,0.0048342963944329785,4.95031950789937,0.07645484277193348,78.28975899845989,4096,35.97113664631932,147337.77570332395,35.84283327851258,146812.24510878752,32768,32.653413584658765,1069987.0563420984,0.0532803750002131,32.57567894379467,1067439.8476302638,complete,complete
474.8485288148766,318380.5275440179,False,1180106752,0.0072563329999866255,False,960,0,0.0,960,0.007360374999962005,0.9375,0.0020724104347495695,0.06750209346089442,2030,20.8600815404307,6.551933845120812e-05,cutoff_1e-14,complete,0.13206175000004805,0.15669950000005883,1024,4.449738888284495e-06,0.004556532621603323,4.449738888284495e-06,0.004556532621603323,4096,0.04017976917994748,164.57633456106487,0.04017976917994748,164.57633456106487,32768,0.038689678628875485,1267.7833893109919,0.0532803750002131,0.038689678628875485,1267.7833893109919,complete,complete
10989.738414515283,318380.5275440179,False,1180106752,0.0072563329999866255,False,960,1,0.3,960,0.007360374999962005,0.9375,0.06697792316602567,2.224931349030654,2030,20.8600815404307,6.551933845120812e-05,cutoff_1e-14,complete,0.13206175000004805,0.15669950000005883,1024,0.0048342963944329785,4.95031950789937,0.07645484277193348,78.28975899845989,4096,35.97113664631932,147337.77570332395,35.84283327851258,146812.24510878752,32768,32.653413584658765,1069987.0563420984,0.0532803750002131,32.57567894379467,1067439.8476302638,complete,complete
568.3771499252734,571604.6537614254,False,1180139520,0.0071798329997818655,False,992,0,0.0,992,0.0071909999999206775,0.96875,0.0013969419701688843,0.04550088430778473,2030,20.882043326589763,3.653231860373454e-05,cutoff_1e-10,complete,0.13917608299993844,0.165032999999994,1024,2.0218071023343845e-06,0.0020703304727904097,2.0218071023343845e-06,0.0020703304727904097,4096,0.05355394165388043,219.35694501429424,0.05355394165388043,219.35694501429424,32768,0.05680409828707217,1861.3566926707808,0.05515612499993949,0.05680409828707217,1861.3566926707808,complete,complete
20837.388186131477,571604.6537614254,False,1180139520,0.0071798329997818655,False,992,1,0.3,992,0.0071909999999206775,0.96875,0.04564851870841935,1.5163924993525766,2030,20.882043326589763,3.653231860373454e-05,cutoff_1e-10,complete,0.13917608299993844,0.165032999999994,1024,0.002245552941496833,2.299446212092757,0.07904675176643267,80.94387380882705,4096,79.44748058109161,325416.88046015124,79.30494597303903,324833.05870556785,32768,73.12640910592435,2396206.173582929,0.05515612499993949,73.04224869123595,2393448.4051144198,complete,complete
568.3771499252734,571604.6537614254,False,1180139520,0.0071798329997818655,False,992,0,0.0,992,0.0071909999999206775,0.96875,0.0013969419701688843,0.04550088430778473,2030,20.882043326589763,3.653231860373454e-05,cutoff_1e-14,complete,0.13917608299993844,0.165032999999994,1024,2.0218071023343845e-06,0.0020703304727904097,2.0218071023343845e-06,0.0020703304727904097,4096,0.05355394165388043,219.35694501429424,0.05355394165388043,219.35694501429424,32768,0.05680409828707217,1861.3566926707808,0.05515612499993949,0.05680409828707217,1861.3566926707808,complete,complete
20837.388186131477,571604.6537614254,False,1180139520,0.0071798329997818655,False,992,1,0.3,992,0.0071909999999206775,0.96875,0.04564851870841935,1.5163924993525766,2030,20.882043326589763,3.653231860373454e-05,cutoff_1e-14,complete,0.13917608299993844,0.165032999999994,1024,0.002245552941496833,2.299446212092757,0.07904675176643267,80.94387380882705,4096,79.44748058109161,325416.88046015124,79.30494597303903,324833.05870556785,32768,73.12640910592435,2396206.173582929,0.05515612499993949,73.04224869123595,2393448.4051144198,complete,complete
2207.8694828532048,8044828.518324772,False,1180172288,0.007271749999972599,False,1023,0,0.0,1023,0.009062958999948023,0.9990234375,4.120015744285659e-06,0.00013419623987983534,2030,20.88676356351201,2.5962969273907405e-06,cutoff_1e-10,complete,0.17204704200003107,0.19853424999996605,1024,1.758655351356087e-11,1.800863079788633e-08,1.758655351356087e-11,1.800863079788633e-08,4096,0.8264845750328946,3385.2808193347364,0.8264845750328946,3385.2808193347364,32768,0.8514670757077634,27900.87313679199,0.06799287500007267,0.8514670757077634,27900.87313679199,complete,complete
130803.28737484461,8044828.518324772,False,1180172288,0.007271749999972599,False,1023,1,0.3,1023,0.009062958999948023,0.9990234375,0.0006645667373569745,0.022076160286477443,2030,20.88676356351201,2.5962969273907405e-06,cutoff_1e-10,complete,0.17204704200003107,0.19853424999996605,1024,4.759344267521911e-07,0.0004873568529942437,0.08129289391831854,83.24392337235818,4096,2388.1677110926885,9781934.944635652,2386.7770406492155,9776238.758499186,32768,2137.6729058367696,70047265.77845927,0.06799287500007267,2137.4524872695865,70040043.10284981,complete,complete
2207.8694828532048,8044828.518324772,False,1180172288,0.007271749999972599,False,1023,0,0.0,1023,0.009062958999948023,0.9990234375,4.120015744285659e-06,0.00013419623987983534,2030,20.88676356351201,2.5962969273907405e-06,cutoff_1e-14,complete,0.17204704200003107,0.19853424999996605,1024,1.758655351356087e-11,1.800863079788633e-08,1.758655351356087e-11,1.800863079788633e-08,4096,0.8264845750328946,3385.2808193347364,0.8264845750328946,3385.2808193347364,32768,0.8514670757077634,27900.87313679199,0.06799287500007267,0.8514670757077634,27900.87313679199,complete,complete
130803.28737484461,8044828.518324772,False,1180172288,0.007271749999972599,False,1023,1,0.3,1023,0.009062958999948023,0.9990234375,0.0006645667373569745,0.022076160286477443,2030,20.88676356351201,2.5962969273907405e-06,cutoff_1e-14,complete,0.17204704200003107,0.19853424999996605,1024,4.759344267521911e-07,0.0004873568529942437,0.08129289391831854,83.24392337235818,4096,2388.1677110926885,9781934.944635652,2386.7770406492155,9776238.758499186,32768,2137.6729058367696,70047265.77845927,0.06799287500007267,2137.4524872695865,70040043.10284981,complete,complete
2232.0201693468334,11496075.60292234,False,1180221440,0.007050707999951555,True,1024,0,0.0,1024,0.007953625000027387,1.0,8.427078702765546e-14,2.744849401731237e-12,2030,20.896046515744338,1.8176678057364631e-06,cutoff_1e-10,complete,0.1624455000001035,0.18693612499987466,1024,7.357615466976884e-27,7.534198238184329e-24,7.357615466976884e-27,7.534198238184329e-24,4096,0.841008325653986,3444.7701018787266,0.841008325653986,3444.7701018787266,32768,0.8682057473824663,28449.365930228654,0.05903445800004192,0.8682057473824663,28449.365930228654,complete,complete
126298.73099490891,11496075.60292234,False,1180221440,0.007050707999951555,True,1024,1,0.3,1024,0.007953625000027387,1.0,4.354896905888461e-12,1.4466478191164222e-10,2030,20.896046515744338,1.8176678057364631e-06,cutoff_1e-10,complete,0.1624455000001035,0.18693612499987466,1024,2.0437401489788095e-23,2.092789912554301e-20,0.08129337563890515,83.24441665423888,4096,2249.394082611165,9213518.16237533,2248.0571132791915,9208041.935991568,32768,2015.0967314867466,66030689.697357714,0.05903445800004192,2014.8858411890099,66023779.244081475,complete,complete
2232.0201693468334,11496075.60292234,False,1180221440,0.007050707999951555,True,1024,0,0.0,1024,0.007953625000027387,1.0,8.427078702765546e-14,2.744849401731237e-12,2030,20.896046515744338,1.8176678057364631e-06,cutoff_1e-14,complete,0.1624455000001035,0.18693612499987466,1024,7.357615466976884e-27,7.534198238184329e-24,7.357615466976884e-27,7.534198238184329e-24,4096,0.841008325653986,3444.7701018787266,0.841008325653986,3444.7701018787266,32768,0.8682057473824663,28449.365930228654,0.05903445800004192,0.8682057473824663,28449.365930228654,complete,complete
126298.73099490891,11496075.60292234,False,1180221440,0.007050707999951555,True,1024,1,0.3,1024,0.007953625000027387,1.0,4.354896905888461e-12,1.4466478191164222e-10,2030,20.896046515744338,1.8176678057364631e-06,cutoff_1e-14,complete,0.1624455000001035,0.18693612499987466,1024,2.0437401489788095e-23,2.092789912554301e-20,0.08129337563890515,83.24441665423888,4096,2249.394082611165,9213518.16237533,2248.0571132791915,9208041.935991568,32768,2015.0967314867466,66030689.697357714,0.05903445800004192,2014.8858411890099,66023779.244081475,complete,complete
1920.478347229878,10706766.875862906,False,1180270592,0.007470708000028026,True,1025,0,0.0,1024,0.008911375000025146,1.0009765625,7.558548281335578e-14,2.4619535974159093e-12,2030,20.902976343030048,1.952314511503304e-06,cutoff_1e-10,complete,0.17773508300001595,0.2036750419999862,1024,5.9191557771768925e-27,6.061215515829138e-24,5.9191557771768925e-27,6.061215515829138e-24,4096,0.7286847746877398,2984.6928371209824,0.7286847746877398,2984.6928371209824,32768,0.6861059131327989,22482.318561535554,0.06843691699987176,0.6861059131327989,22482.318561535554,complete,complete
125288.09875759925,10706766.875862906,False,1180270592,0.007470708000028026,True,1025,1,0.3,1024,0.008911375000025146,1.0009765625,4.35331957874169e-12,1.4461238487616192e-10,2030,20.902976343030048,1.952314511503304e-06,cutoff_1e-10,complete,0.17773508300001595,0.2036750419999862,1024,2.042259947223749e-23,2.091274185957119e-20,0.08129337563886241,83.2444166541951,4096,2138.00230443148,8757257.438951341,2136.6739510878033,8751816.503655642,32768,1905.7901371555217,62448931.214312136,0.06843691699987176,1905.5948385259517,62442531.668818384,complete,complete
1920.478347229878,10706766.875862906,False,1180270592,0.007470708000028026,True,1025,0,0.0,1024,0.008911375000025146,1.0009765625,7.558548281335578e-14,2.4619535974159093e-12,2030,20.902976343030048,1.952314511503304e-06,cutoff_1e-14,complete,0.17773508300001595,0.2036750419999862,1024,5.9191557771768925e-27,6.061215515829138e-24,5.9191557771768925e-27,6.061215515829138e-24,4096,0.7286847746877398,2984.6928371209824,0.7286847746877398,2984.6928371209824,32768,0.6861059131327989,22482.318561535554,0.06843691699987176,0.6861059131327989,22482.318561535554,complete,complete
125288.09875759925,10706766.875862906,False,1180270592,0.007470708000028026,True,1025,1,0.3,1024,0.008911375000025146,1.0009765625,4.35331957874169e-12,1.4461238487616192e-10,2030,20.902976343030048,1.952314511503304e-06,cutoff_1e-14,complete,0.17773508300001595,0.2036750419999862,1024,2.042259947223749e-23,2.091274185957119e-20,0.08129337563886241,83.2444166541951,4096,2138.00230443148,8757257.438951341,2136.6739510878033,8751816.503655642,32768,1905.7901371555217,62448931.214312136,0.06843691699987176,1905.5948385259517,62442531.668818384,complete,complete
576.3345131135483,836123.4862183552,False,1180319744,0.007416541999873516,True,1056,0,0.0,1024,0.008018875000061598,1.03125,2.899949716849095e-14,9.445651958527062e-13,2030,20.912001242609723,2.5010661208897692e-05,cutoff_1e-10,complete,0.18005091700001685,0.20792908300018098,1024,8.71292391812755e-28,8.922034092162612e-25,8.71292391812755e-28,8.922034092162612e-25,4096,0.08649629101469766,354.2888079962016,0.08649629101469766,354.2888079962016,32768,0.07577911657609784,2483.130091965574,0.05818633300032161,0.07577911657609784,2483.130091965574,complete,complete
22857.262699834126,836123.4862183552,False,1180319744,0.007416541999873516,True,1056,1,0.3,1024,0.008018875000061598,1.03125,1.0768454089188366e-12,3.57715945062114e-11,2030,20.912001242609723,2.5010661208897692e-05,cutoff_1e-10,complete,0.18005091700001685,0.20792908300018098,1024,1.2496161850750132e-24,1.2796069735168136e-21,0.08129337563891227,83.24441665424617,4096,135.42719938084588,554709.8086639447,135.3747019229204,554494.7790762819,32768,148.98429274614193,4881917.304705579,0.05818633300032161,148.88749161976085,4878745.325396324,complete,complete
576.3345131135483,836123.4862183552,False,1180319744,0.007416541999873516,True,1056,0,0.0,1024,0.008018875000061598,1.03125,2.899949716849095e-14,9.445651958527062e-13,2030,20.912001242609723,2.5010661208897692e-05,cutoff_1e-14,complete,0.18005091700001685,0.20792908300018098,1024,8.71292391812755e-28,8.922034092162612e-25,8.71292391812755e-28,8.922034092162612e-25,4096,0.08649629101469766,354.2888079962016,0.08649629101469766,354.2888079962016,32768,0.07577911657609784,2483.130091965574,0.05818633300032161,0.07577911657609784,2483.130091965574,complete,complete
22857.262699834126,836123.4862183552,False,1180319744,0.007416541999873516,True,1056,1,0.3,1024,0.008018875000061598,1.03125,1.0768454089188366e-12,3.57715945062114e-11,2030,20.912001242609723,2.5010661208897692e-05,cutoff_1e-14,complete,0.18005091700001685,0.20792908300018098,1024,1.2496161850750132e-24,1.2796069735168136e-21,0.08129337563891227,83.24441665424617,4096,135.42719938084588,554709.8086639447,135.3747019229204,554494.7790762819,32768,148.98429274614193,4881917.304705579,0.05818633300032161,148.88749161976085,4878745.325396324,complete,complete
352.7663366204291,474220.85883673036,False,1180352512,0.007141709000052288,True,1088,0,0.0,1024,0.008184040999822173,1.0625,1.4192968401817593e-14,4.62290221802895e-13,2030,20.92861065024208,4.41326235661169e-05,cutoff_1e-10,complete,0.1863114579998637,0.21121558300001197,1024,2.0870336833454085e-28,2.1371224917456983e-25,2.0870336833454085e-28,2.1371224917456983e-25,4096,0.03730886496512004,152.81711089713167,0.03730886496512004,152.81711089713167,32768,0.03763951139654855,1233.371509442103,0.06039379200001349,0.03763951139654855,1233.371509442103,complete,complete
14975.6067945437,474220.85883673036,False,1180352512,0.007141709000052288,True,1088,1,0.3,1024,0.008184040999822173,1.0625,5.626508031307576e-13,1.8690627467498112e-11,2030,20.92861065024208,4.41326235661169e-05,cutoff_1e-10,complete,0.1863114579998637,0.21121558300001197,1024,3.411519093054637e-25,3.493395551287948e-22,0.08129337563892046,83.24441665425455,4096,69.57238126061404,284968.4736434751,69.39795409568958,284254.01997594454,32768,66.91432925887887,2192648.7411549427,0.06039379200001349,66.85715370593798,2190775.2126361756,complete,complete
352.7663366204291,474220.85883673036,False,1180352512,0.007141709000052288,True,1088,0,0.0,1024,0.008184040999822173,1.0625,1.4192968401817593e-14,4.62290221802895e-13,2030,20.92861065024208,4.41326235661169e-05,cutoff_1e-14,complete,0.1863114579998637,0.21121558300001197,1024,2.0870336833454085e-28,2.1371224917456983e-25,2.0870336833454085e-28,2.1371224917456983e-25,4096,0.03730886496512004,152.81711089713167,0.03730886496512004,152.81711089713167,32768,0.03763951139654855,1233.371509442103,0.06039379200001349,0.03763951139654855,1233.371509442103,complete,complete
14975.6067945437,474220.85883673036,False,1180352512,0.007141709000052288,True,1088,1,0.3,1024,0.008184040999822173,1.0625,5.626508031307576e-13,1.8690627467498112e-11,2030,20.92861065024208,4.41326235661169e-05,cutoff_1e-14,complete,0.1863114579998637,0.21121558300001197,1024,3.411519093054637e-25,3.493395551287948e-22,0.08129337563892046,83.24441665425455,4096,69.57238126061404,284968.4736434751,69.39795409568958,284254.01997594454,32768,66.91432925887887,2192648.7411549427,0.06039379200001349,66.85715370593798,2190775.2126361756,complete,complete
209.32672221043887,253701.94918269827,False,1180467200,0.007384208000075887,True,1152,0,0.0,1024,0.008690750000141634,1.125,1.424152331264783e-14,4.638717415993074e-13,2030,21.004987934154457,8.279395567051061e-05,cutoff_1e-10,complete,0.19706387499991251,0.22325404100001833,1024,2.1013378188903776e-28,2.1517699265437466e-25,2.1013378188903776e-28,2.1517699265437466e-25,4096,0.018532229774453735,75.9080131561625,0.018532229774453735,75.9080131561625,32768,0.018489482907171874,605.863375902208,0.06413970799985691,0.018489482907171874,605.863375902208,complete,complete
10215.870900436466,253701.94918269827,False,1180467200,0.007384208000075887,True,1152,1,0.3,1024,0.008690750000141634,1.125,5.593584919341204e-13,1.858126058889238e-11,2030,21.004987934154457,8.279395567051061e-05,cutoff_1e-10,complete,0.19706387499991251,0.22325404100001833,1024,3.371711377659426e-25,3.452632450723252e-22,0.08129337563892537,83.24441665425958,4096,46.1830773623511,189165.8848761901,46.04061658240589,188582.36552153452,32768,47.018312508296745,1540696.0642718677,0.06413970799985691,46.909507030622734,1537130.7263794458,complete,complete
209.32672221043887,253701.94918269827,False,1180467200,0.007384208000075887,True,1152,0,0.0,1024,0.008690750000141634,1.125,1.424152331264783e-14,4.638717415993074e-13,2030,21.004987934154457,8.279395567051061e-05,cutoff_1e-14,complete,0.19706387499991251,0.22325404100001833,1024,2.1013378188903776e-28,2.1517699265437466e-25,2.1013378188903776e-28,2.1517699265437466e-25,4096,0.018532229774453735,75.9080131561625,0.018532229774453735,75.9080131561625,32768,0.018489482907171874,605.863375902208,0.06413970799985691,0.018489482907171874,605.863375902208,complete,complete
10215.870900436466,253701.94918269827,False,1180467200,0.007384208000075887,True,1152,1,0.3,1024,0.008690750000141634,1.125,5.593584919341204e-13,1.858126058889238e-11,2030,21.004987934154457,8.279395567051061e-05,cutoff_1e-14,complete,0.19706387499991251,0.22325404100001833,1024,3.371711377659426e-25,3.452632450723252e-22,0.08129337563892537,83.24441665425958,4096,46.1830773623511,189165.8848761901,46.04061658240589,188582.36552153452,32768,47.018312508296745,1540696.0642718677,0.06413970799985691,46.909507030622734,1537130.7263794458,complete,complete
126.40179030369559,126668.06999998543,False,1180532736,0.0076472499999908905,True,1280,0,0.0,1024,0.009758791999956884,1.25,1.035234644302321e-14,3.3719433439397555e-13,2030,21.036651514565406,0.00016607698778838128,cutoff_1e-10,complete,0.2248906249999436,0.2525162500000988,1024,1.110351749486291e-28,1.137000191473962e-25,1.110351749486291e-28,1.137000191473962e-25,4096,0.009520956645512424,38.99783842001889,0.009520956645512424,38.99783842001889,32768,0.010331581969463991,338.54527797539606,0.07262725000009596,0.010331581969463991,338.54527797539606,complete,complete
6125.1806263173485,126668.06999998543,False,1180532736,0.0076472499999908905,True,1280,1,0.3,1024,0.009758791999956884,1.25,3.277710622314569e-13,1.0888186393240759e-11,2030,21.036651514565406,0.00016607698778838128,cutoff_1e-10,complete,0.2248906249999436,0.2525162500000988,1024,1.1577402630268868e-25,1.185526029339532e-22,0.08129337563891975,83.24441665425383,4096,23.67120911087757,96957.27251815452,23.55274718206707,96472.05245774671,32768,25.362358397612567,831073.7599729686,0.07262725000009596,25.262606748151267,827805.0979234207,complete,complete
126.40179030369559,126668.06999998543,False,1180532736,0.0076472499999908905,True,1280,0,0.0,1024,0.009758791999956884,1.25,1.035234644302321e-14,3.3719433439397555e-13,2030,21.036651514565406,0.00016607698778838128,cutoff_1e-14,complete,0.2248906249999436,0.2525162500000988,1024,1.110351749486291e-28,1.137000191473962e-25,1.110351749486291e-28,1.137000191473962e-25,4096,0.009520956645512424,38.99783842001889,0.009520956645512424,38.99783842001889,32768,0.010331581969463991,338.54527797539606,0.07262725000009596,0.010331581969463991,338.54527797539606,complete,complete
6125.1806263173485,126668.06999998543,False,1180532736,0.0076472499999908905,True,1280,1,0.3,1024,0.009758791999956884,1.25,3.277710622314569e-13,1.0888186393240759e-11,2030,21.036651514565406,0.00016607698778838128,cutoff_1e-14,complete,0.2248906249999436,0.2525162500000988,1024,1.1577402630268868e-25,1.185526029339532e-22,0.08129337563891975,83.24441665425383,4096,23.67120911087757,96957.27251815452,23.55274718206707,96472.05245774671,32768,25.362358397612567,831073.7599729686,0.07262725000009596,25.262606748151267,827805.0979234207,complete,complete
86.19919467244765,77616.42141188763,False,1180532736,0.008339291999845955,True,1536,0,0.0,1024,0.01212262500007455,1.5,7.167624226387021e-15,2.3346226804760026e-13,2030,21.00229761134677,0.0002705909036941258,cutoff_1e-10,complete,0.2730939169998692,0.3057418329999564,1024,5.322717832219682e-29,5.450463060192954e-26,5.322717832219682e-29,5.450463060192954e-26,4096,0.007297945220534256,29.892383623308312,0.007297945220534256,29.892383623308312,32768,0.007766861201295713,254.5045078440579,0.08953250000013213,0.007766861201295713,254.5045078440579,complete,complete
3839.900861911183,77616.42141188763,False,1180532736,0.008339291999845955,True,1536,1,0.3,1024,0.01212262500007455,1.5,1.4259441919492833e-13,4.736826381988281e-12,2030,21.00229761134677,0.0002705909036941258,cutoff_1e-10,complete,0.2730939169998692,0.3057418329999564,1024,2.191164470029315e-26,2.2437524173100186e-23,0.0812933756389293,83.2444166542636,4096,18.476934563014883,75681.52397010896,18.37665337025594,75270.77220456833,32768,17.266637766546424,565793.1863341932,0.08953250000013213,17.166069443376877,562497.7635205735,complete,complete
86.19919467244765,77616.42141188763,False,1180532736,0.008339291999845955,True,1536,0,0.0,1024,0.01212262500007455,1.5,7.167624226387021e-15,2.3346226804760026e-13,2030,21.00229761134677,0.0002705909036941258,cutoff_1e-14,complete,0.2730939169998692,0.3057418329999564,1024,5.322717832219682e-29,5.450463060192954e-26,5.322717832219682e-29,5.450463060192954e-26,4096,0.007297945220534256,29.892383623308312,0.007297945220534256,29.892383623308312,32768,0.007766861201295713,254.5045078440579,0.08953250000013213,0.007766861201295713,254.5045078440579,complete,complete
3839.900861911183,77616.42141188763,False,1180532736,0.008339291999845955,True,1536,1,0.3,1024,0.01212262500007455,1.5,1.4259441919492833e-13,4.736826381988281e-12,2030,21.00229761134677,0.0002705909036941258,cutoff_1e-14,complete,0.2730939169998692,0.3057418329999564,1024,2.191164470029315e-26,2.2437524173100186e-23,0.0812933756389293,83.2444166542636,4096,18.476934563014883,75681.52397010896,18.37665337025594,75270.77220456833,32768,17.266637766546424,565793.1863341932,0.08953250000013213,17.166069443376877,562497.7635205735,complete,complete
54.355631900406706,45177.690082815636,False,1180598272,0.009341541000139841,True,2048,0,0.0,1024,0.017784249999976964,2.0,1.6621936736799018e-14,5.4140604018145e-13,2030,20.90606374395019,0.00046275194029679465,cutoff_1e-10,complete,0.35351570800003174,0.3956288750000567,1024,2.8625048861812285e-28,2.931205003449578e-25,2.8625048861812285e-28,2.931205003449578e-25,4096,0.0044803715772396835,18.351601980373744,0.0044803715772396835,18.351601980373744,32768,0.004460146700135107,146.15008707002718,0.12654337499998292,0.004460146700135107,146.15008707002718,complete,complete
2258.1489390935635,45177.690082815636,False,1180598272,0.009341541000139841,True,2048,1,0.3,1024,0.017784249999976964,2.0,9.347695691485125e-14,3.105199475001598e-12,2030,20.90606374395019,0.00046275194029679465,cutoff_1e-10,complete,0.35351570800003174,0.3956288750000567,1024,9.416273222216992e-27,9.6422637795502e-24,0.08129337563892422,83.2444166542584,4096,12.11078080815922,49605.758190220164,11.997119693755828,49140.20226562387,32768,11.113259654033644,364159.29234337446,0.12654337499998292,11.018914036319906,361067.7751421307,complete,complete
54.355631900406706,45177.690082815636,False,1180598272,0.009341541000139841,True,2048,0,0.0,1024,0.017784249999976964,2.0,1.6621936736799018e-14,5.4140604018145e-13,2030,20.90606374395019,0.00046275194029679465,cutoff_1e-14,complete,0.35351570800003174,0.3956288750000567,1024,2.8625048861812285e-28,2.931205003449578e-25,2.8625048861812285e-28,2.931205003449578e-25,4096,0.0044803715772396835,18.351601980373744,0.0044803715772396835,18.351601980373744,32768,0.004460146700135107,146.15008707002718,0.12654337499998292,0.004460146700135107,146.15008707002718,complete,complete
2258.1489390935635,45177.690082815636,False,1180598272,0.009341541000139841,True,2048,1,0.3,1024,0.017784249999976964,2.0,9.347695691485125e-14,3.105199475001598e-12,2030,20.90606374395019,0.00046275194029679465,cutoff_1e-14,complete,0.35351570800003174,0.3956288750000567,1024,9.416273222216992e-27,9.6422637795502e-24,0.08129337563892422,83.2444166542584,4096,12.11078080815922,49605.758190220164,11.997119693755828,49140.20226562387,32768,11.113259654033644,364159.29234337446,0.12654337499998292,11.018914036319906,361067.7751421307,complete,complete
38.48314866998049,31021.40999334181,False,1180663808,0.01056070799995723,True,3072,0,0.0,1024,0.020281500000010055,3.0,1.8701466664743357e-14,6.091400281970955e-13,2030,20.8564688975046,0.0006723249814235094,cutoff_1e-10,complete,0.5385390420001386,0.5891963749998013,1024,3.6235505268745926e-28,3.710515739519583e-25,3.6235505268745926e-28,3.710515739519583e-25,4096,0.0032845437928176752,13.453491375381198,0.0032845437928176752,13.453491375381198,32768,0.0035050258807048144,114.85268805893536,0.15880312500030414,0.0035050258807048144,114.85268805893536,complete,complete
1571.5152413286596,31021.40999334181,False,1180663808,0.01056070799995723,True,3072,1,0.3,1024,0.020281500000010055,3.0,7.330140940552434e-14,2.4349904566346527e-12,2030,20.8564688975046,0.0006723249814235094,cutoff_1e-10,complete,0.5385390420001386,0.5891963749998013,1024,5.790213402247884e-27,5.9291785239018335e-24,0.08129337563892944,83.24441665426374,4096,8.967931570439674,36732.647712520906,8.868654169085461,36326.00747657405,32768,8.446795715469484,276784.60200450406,0.15880312500030414,8.35295104965779,273709.49999518646,complete,complete
38.48314866998049,31021.40999334181,False,1180663808,0.01056070799995723,True,3072,0,0.0,1024,0.020281500000010055,3.0,1.8701466664743357e-14,6.091400281970955e-13,2030,20.8564688975046,0.0006723249814235094,cutoff_1e-14,complete,0.5385390420001386,0.5891963749998013,1024,3.6235505268745926e-28,3.710515739519583e-25,3.6235505268745926e-28,3.710515739519583e-25,4096,0.0032845437928176752,13.453491375381198,0.0032845437928176752,13.453491375381198,32768,0.0035050258807048144,114.85268805893536,0.15880312500030414,0.0035050258807048144,114.85268805893536,complete,complete
1571.5152413286596,31021.40999334181,False,1180663808,0.01056070799995723,True,3072,1,0.3,1024,0.020281500000010055,3.0,7.330140940552434e-14,2.4349904566346527e-12,2030,20.8564688975046,0.0006723249814235094,cutoff_1e-14,complete,0.5385390420001386,0.5891963749998013,1024,5.790213402247884e-27,5.9291785239018335e-24,0.08129337563892944,83.24441665426374,4096,8.967931570439674,36732.647712520906,8.868654169085461,36326.00747657405,32768,8.446795715469484,276784.60200450406,0.15880312500030414,8.35295104965779,273709.49999518646,complete,complete
32.34999764274572,24110.329992425814,False,1180680192,0.012994958000035695,True,4096,0,0.0,1024,0.02793570800008638,4.0,1.5349453758887892e-14,4.999590065909568e-13,2030,20.77105597911673,0.0008615002775010502,cutoff_1e-10,complete,0.6743702919998213,0.7401041670000268,1024,2.4410059401505506e-28,2.499590082714164e-25,2.4410059401505506e-28,2.499590082714164e-25,4096,0.0029535317149042744,12.097665904247908,0.0029535317149042744,12.097665904247908,32768,0.0031605997285167526,103.56653190403695,0.21203549999972893,0.0031605997285167526,103.56653190403695,complete,complete
1288.5430051986264,24110.329992425814,False,1180680192,0.012994958000035695,True,4096,1,0.3,1024,0.02793570800008638,4.0,8.717245597650531e-14,2.8957710377693992e-12,2030,20.77105597911673,0.0008615002775010502,cutoff_1e-10,complete,0.6743702919998213,0.7401041670000268,1024,8.188954983578186e-27,8.385489903184063e-24,0.08129337563892725,83.2444166542615,4096,7.51743652493702,30791.420006142034,7.419481509285704,30390.196262034242,32768,6.961351227902691,228109.55703591538,0.21203549999972893,6.872589986540025,225201.02867894355,complete,complete
32.34999764274572,24110.329992425814,False,1180680192,0.012994958000035695,True,4096,0,0.0,1024,0.02793570800008638,4.0,1.5349453758887892e-14,4.999590065909568e-13,2030,20.77105597911673,0.0008615002775010502,cutoff_1e-14,complete,0.6743702919998213,0.7401041670000268,1024,2.4410059401505506e-28,2.499590082714164e-25,2.4410059401505506e-28,2.499590082714164e-25,4096,0.0029535317149042744,12.097665904247908,0.0029535317149042744,12.097665904247908,32768,0.0031605997285167526,103.56653190403695,0.21203549999972893,0.0031605997285167526,103.56653190403695,complete,complete
1288.5430051986264,24110.329992425814,False,1180680192,0.012994958000035695,True,4096,1,0.3,1024,0.02793570800008638,4.0,8.717245597650531e-14,2.8957710377693992e-12,2030,20.77105597911673,0.0008615002775010502,cutoff_1e-14,complete,0.6743702919998213,0.7401041670000268,1024,8.188954983578186e-27,8.385489903184063e-24,0.08129337563892725,83.2444166542615,4096,7.51743652493702,30791.420006142034,7.419481509285704,30390.196262034242,32768,6.961351227902691,228109.55703591538,0.21203549999972893,6.872589986540025,225201.02867894355,complete,complete
27.728911307594313,17567.763696531412,False,1076461568,0.01937358400004996,True,8192,0,0.0,1024,0.062297459000092203,8.0,1.1667200564830045e-14,3.800214714945338e-13,2030,20.820127987424403,0.0011851325158440706,cutoff_1e-10,complete,1.3448430000000826,1.4771235000000615,1024,1.410315613250691e-28,1.4441631879687076e-25,1.410315613250691e-28,1.4441631879687076e-25,4096,0.0030121859223469277,12.337913537933016,0.0030121859223469277,12.337913537933016,32768,0.003026608234449831,99.17589862645207,0.4355197079999016,0.003026608234449831,99.17589862645207,complete,complete
946.2432945738432,17567.763696531412,False,1076461568,0.01937358400004996,True,8192,1,0.3,1024,0.062297459000092203,8.0,4.246024896542272e-14,1.4104817609324676e-12,2030,20.820127987424403,0.0011851325158440706,cutoff_1e-10,complete,1.3448430000000826,1.4771235000000615,1024,1.9428308573468305e-27,1.9894587979231544e-24,0.08129337563892736,83.24441665426161,4096,5.311750273201208,21756.92911903215,5.2264686494161925,21407.615588008724,32768,5.186107068953644,169938.35643547302,0.4355197079999016,5.096176964699586,166991.52677927603,complete,complete
27.728911307594313,17567.763696531412,False,1076461568,0.01937358400004996,True,8192,0,0.0,1024,0.062297459000092203,8.0,1.1667200564830045e-14,3.800214714945338e-13,2030,20.820127987424403,0.0011851325158440706,cutoff_1e-14,complete,1.3448430000000826,1.4771235000000615,1024,1.410315613250691e-28,1.4441631879687076e-25,1.410315613250691e-28,1.4441631879687076e-25,4096,0.0030121859223469277,12.337913537933016,0.0030121859223469277,12.337913537933016,32768,0.003026608234449831,99.17589862645207,0.4355197079999016,0.003026608234449831,99.17589862645207,complete,complete
946.2432945738432,17567.763696531412,False,1076461568,0.01937358400004996,True,8192,1,0.3,1024,0.062297459000092203,8.0,4.246024896542272e-14,1.4104817609324676e-12,2030,20.820127987424403,0.0011851325158440706,cutoff_1e-14,complete,1.3448430000000826,1.4771235000000615,1024,1.9428308573468305e-27,1.9894587979231544e-24,0.08129337563892736,83.24441665426161,4096,5.311750273201208,21756.92911903215,5.2264686494161925,21407.615588008724,32768,5.186107068953644,169938.35643547302,0.4355197079999016,5.096176964699586,166991.52677927603,complete,complete
6.987472388870462,65.3131843110294,False,1076494336,0.005646207999916442,False,64,0,0.0,64,0.0007835839999188465,0.0625,0.32422289120070097,10.560516168524211,2031,20.545880590208114,0.31457478006838724,cutoff_1e-10,complete,0.002407915999810939,0.014299250000021857,1024,0.10891064623599746,111.5245017456614,0.10891064623599746,111.5245017456614,4096,0.14299611539988483,585.7120886779283,0.14299611539988483,585.7120886779283,32768,0.1457454405087172,4775.786594589646,0.007914166999853478,0.1457454405087172,4775.786594589646,complete,complete
7.199799954837863,65.3131843110294,False,1076494336,0.005646207999916442,False,64,1,0.3,64,0.0007835839999188465,0.0625,0.4026526649433596,13.375669095957372,2031,20.545880590208114,0.31457478006838724,cutoff_1e-10,complete,0.002407915999810939,0.014299250000021857,1024,0.17471535523881757,178.9085237645492,0.11531428456135888,118.08182739083149,4096,0.23865687523511137,977.5385609630162,0.15058394789967894,616.7918505970849,32768,0.2474501088240812,8108.445165947493,0.007914166999853478,0.15372299864268157,5037.19521952339,complete,complete
6.987472388870462,65.3131843110294,False,1076494336,0.005646207999916442,False,64,0,0.0,64,0.0007835839999188465,0.0625,0.32422289120070097,10.560516168524211,2031,20.545880590208114,0.31457478006838724,cutoff_1e-14,complete,0.002407915999810939,0.014299250000021857,1024,0.10891064623599746,111.5245017456614,0.10891064623599746,111.5245017456614,4096,0.14299611539988483,585.7120886779283,0.14299611539988483,585.7120886779283,32768,0.1457454405087172,4775.786594589646,0.007914166999853478,0.1457454405087172,4775.786594589646,complete,complete
7.199799954837863,65.3131843110294,False,1076494336,0.005646207999916442,False,64,1,0.3,64,0.0007835839999188465,0.0625,0.4026526649433596,13.375669095957372,2031,20.545880590208114,0.31457478006838724,cutoff_1e-14,complete,0.002407915999810939,0.014299250000021857,1024,0.17471535523881757,178.9085237645492,0.11531428456135888,118.08182739083149,4096,0.23865687523511137,977.5385609630162,0.15058394789967894,616.7918505970849,32768,0.2474501088240812,8108.445165947493,0.007914166999853478,0.15372299864268157,5037.19521952339,complete,complete
23.073771678205617,320.0244146262631,False,1076559872,0.005327166999904875,False,128,0,0.0,128,0.0012323329999617272,0.125,0.21748499825734047,7.083873171331273,2031,21.09055943696377,0.0659029701268078,cutoff_1e-10,complete,0.007394707999992534,0.01950808300011886,1024,0.04900513584717475,50.181259107506946,0.04900513584717475,50.181259107506946,4096,0.09988089112218825,409.11213003648305,0.09988089112218825,409.11213003648305,32768,0.09869747362975992,3234.118815899973,0.011151167000207352,0.09869747362975992,3234.118815899973,complete,complete
28.896839219857938,320.0244146262631,False,1076559872,0.005327166999904875,False,128,1,0.3,128,0.0012323329999617272,0.125,0.32216598116506606,10.701991898264287,2031,21.09055943696377,0.0659029701268078,cutoff_1e-10,complete,0.007394707999992534,0.01950808300011886,1024,0.11184827206104919,114.53263059051437,0.06154425492936223,63.021317047666926,4096,0.203510049144711,833.5771612967362,0.11517528863603371,471.7579822531941,32768,0.20873375051215443,6839.787536782276,0.011151167000207352,0.11646976451032298,3816.4812434742635,complete,complete
23.073771678205617,320.0244146262631,False,1076559872,0.005327166999904875,False,128,0,0.0,128,0.0012323329999617272,0.125,0.21748499825734047,7.083873171331273,2031,21.09055943696377,0.0659029701268078,cutoff_1e-14,complete,0.007394707999992534,0.01950808300011886,1024,0.04900513584717475,50.181259107506946,0.04900513584717475,50.181259107506946,4096,0.09988089112218825,409.11213003648305,0.09988089112218825,409.11213003648305,32768,0.09869747362975992,3234.118815899973,0.011151167000207352,0.09869747362975992,3234.118815899973,complete,complete
28.896839219857938,320.0244146262631,False,1076559872,0.005327166999904875,False,128,1,0.3,128,0.0012323329999617272,0.125,0.32216598116506606,10.701991898264287,2031,21.09055943696377,0.0659029701268078,cutoff_1e-14,complete,0.007394707999992534,0.01950808300011886,1024,0.11184827206104919,114.53263059051437,0.06154425492936223,63.021317047666926,4096,0.203510049144711,833.5771612967362,0.11517528863603371,471.7579822531941,32768,0.20873375051215443,6839.787536782276,0.011151167000207352,0.11646976451032298,3816.4812434742635,complete,complete
48.79910207126075,959.5061727718072,False,1076576256,0.005145291999951951,False,256,0,0.0,256,0.0022194579998995323,0.25,0.10798555004184517,3.5172814077398518,2031,21.182230311060515,0.022076179301556344,cutoff_1e-10,complete,0.017173834000004717,0.03112366599998495,1024,0.01208131689573477,12.371268501232404,0.01208131689573477,12.371268501232404,4096,0.042817558962197765,175.38072150916204,0.042817558962197765,175.38072150916204,32768,0.042098119044024475,1379.471164834594,0.017653625000093598,0.042098119044024475,1379.471164834594,complete,complete
72.48741724177222,959.5061727718072,False,1076576256,0.005145291999951951,False,256,1,0.3,256,0.0022194579998995323,0.25,0.2443977968888202,8.118620199435911,2031,21.182230311060515,0.022076179301556344,cutoff_1e-10,complete,0.017173834000004717,0.03112366599998495,1024,0.06436718158465699,65.91199394268875,0.03631559248512326,37.18716670476622,4096,0.18846757477396547,771.9631862741626,0.1008825085178152,413.2147548889711,32768,0.18765444191382707,6149.060752632286,0.017653625000093598,0.09585405240997864,3140.94558937018,complete,complete
48.79910207126075,959.5061727718072,False,1076576256,0.005145291999951951,False,256,0,0.0,256,0.0022194579998995323,0.25,0.10798555004184517,3.5172814077398518,2031,21.182230311060515,0.022076179301556344,cutoff_1e-14,complete,0.017173834000004717,0.03112366599998495,1024,0.01208131689573477,12.371268501232404,0.01208131689573477,12.371268501232404,4096,0.042817558962197765,175.38072150916204,0.042817558962197765,175.38072150916204,32768,0.042098119044024475,1379.471164834594,0.017653625000093598,0.042098119044024475,1379.471164834594,complete,complete
72.48741724177222,959.5061727718072,False,1076576256,0.005145291999951951,False,256,1,0.3,256,0.0022194579998995323,0.25,0.2443977968888202,8.118620199435911,2031,21.182230311060515,0.022076179301556344,cutoff_1e-14,complete,0.017173834000004717,0.03112366599998495,1024,0.06436718158465699,65.91199394268875,0.03631559248512326,37.18716670476622,4096,0.18846757477396547,771.9631862741626,0.1008825085178152,413.2147548889711,32768,0.18765444191382707,6149.060752632286,0.017653625000093598,0.09585405240997864,3140.94558937018,complete,complete
87.84872705364884,2281.8205145775423,False,1076609024,0.006039042000111294,False,384,0,0.0,384,0.0030088749999777065,0.375,0.048681016948982844,1.5856272969686696,2031,20.992775953745177,0.009200011928910103,cutoff_1e-10,complete,0.030561125000076572,0.046174166999890076,1024,0.0024552870360275143,2.5142139248921747,0.0024552870360275143,2.5142139248921747,4096,0.0294495543809027,120.62537474417746,0.0294495543809027,120.62537474417746,32768,0.02772197419844984,908.3936505348044,0.02354137499969511,0.02772197419844984,908.3936505348044,complete,complete
157.61721666262858,2281.8205145775423,False,1076609024,0.006039042000111294,False,384,1,0.3,384,0.0030088749999777065,0.375,0.21386232429402063,7.104266110473984,2031,20.992775953745177,0.009200011928910103,cutoff_1e-10,complete,0.030561125000076572,0.046174166999890076,1024,0.04928769235198159,50.47059696842915,0.036615948751640315,37.49473152167968,4096,0.2508531378672792,1027.4944527043756,0.16511742771950777,676.3209839391038,32768,0.23754458745649,7783.861041774264,0.02354137499969511,0.1442810936940942,4727.802878168079,complete,complete
87.84872705364884,2281.8205145775423,False,1076609024,0.006039042000111294,False,384,0,0.0,384,0.0030088749999777065,0.375,0.048681016948982844,1.5856272969686696,2031,20.992775953745177,0.009200011928910103,cutoff_1e-14,complete,0.030561125000076572,0.046174166999890076,1024,0.0024552870360275143,2.5142139248921747,0.0024552870360275143,2.5142139248921747,4096,0.0294495543809027,120.62537474417746,0.0294495543809027,120.62537474417746,32768,0.02772197419844984,908.3936505348044,0.02354137499969511,0.02772197419844984,908.3936505348044,complete,complete
157.61721666262858,2281.8205145775423,False,1076609024,0.006039042000111294,False,384,1,0.3,384,0.0030088749999777065,0.375,0.21386232429402063,7.104266110473984,2031,20.992775953745177,0.009200011928910103,cutoff_1e-14,complete,0.030561125000076572,0.046174166999890076,1024,0.04928769235198159,50.47059696842915,0.036615948751640315,37.49473152167968,4096,0.2508531378672792,1027.4944527043756,0.16511742771950777,676.3209839391038,32768,0.23754458745649,7783.861041774264,0.02354137499969511,0.1442810936940942,4727.802878168079,complete,complete
112.61562653544314,7013.924371099222,False,1076690944,0.005929375000050641,False,512,0,0.0,512,0.004046541999969122,0.5,0.029806495078841536,0.9708505529681825,2031,20.926477820214245,0.0029835619423616124,cutoff_1e-10,complete,0.05215229199984606,0.06950116699999853,1024,0.0009204597619127204,0.9425507961986257,0.0009204597619127204,0.9425507961986257,4096,0.023245212001421482,95.21238835782239,0.023245212001421482,95.21238835782239,32768,0.02453815370910826,804.0662207400594,0.03071770899987314,0.02453815370910826,804.0662207400594,complete,complete
296.8578183985269,7013.924371099222,False,1076690944,0.005929375000050641,False,512,1,0.3,512,0.004046541999969122,0.5,0.19059027688932484,6.331194844909575,2031,20.926477820214245,0.0029835619423616124,cutoff_1e-10,complete,0.05215229199984606,0.06950116699999853,1024,0.03914455875411098,40.08402816420964,0.04347274461381127,44.516090484542744,4096,0.32470286127938525,1329.982919800362,0.23879447650668786,978.1021757713935,32768,0.34118892917871324,11180.078831328075,0.03071770899987314,0.2485327272921959,8143.920407910675,complete,complete
112.61562653544314,7013.924371099222,False,1076690944,0.005929375000050641,False,512,0,0.0,512,0.004046541999969122,0.5,0.029806495078841536,0.9708505529681825,2031,20.926477820214245,0.0029835619423616124,cutoff_1e-14,complete,0.05215229199984606,0.06950116699999853,1024,0.0009204597619127204,0.9425507961986257,0.0009204597619127204,0.9425507961986257,4096,0.023245212001421482,95.21238835782239,0.023245212001421482,95.21238835782239,32768,0.02453815370910826,804.0662207400594,0.03071770899987314,0.02453815370910826,804.0662207400594,complete,complete
296.8578183985269,7013.924371099222,False,1076690944,0.005929375000050641,False,512,1,0.3,512,0.004046541999969122,0.5,0.19059027688932484,6.331194844909575,2031,20.926477820214245,0.0029835619423616124,cutoff_1e-14,complete,0.05215229199984606,0.06950116699999853,1024,0.03914455875411098,40.08402816420964,0.04347274461381127,44.516090484542744,4096,0.32470286127938525,1329.982919800362,0.23879447650668786,978.1021757713935,32768,0.34118892917871324,11180.078831328075,0.03071770899987314,0.2485327272921959,8143.920407910675,complete,complete
265.5510047657029,39294.431052960135,False,1076707328,0.0065925839999181335,False,768,0,0.0,768,0.005765957999983584,0.75,0.008901673120114636,0.2899433243709374,2031,21.275791475722162,0.0005414454645506163,cutoff_1e-10,complete,0.09708854199993766,0.11735124999995605,1024,8.2096807956319e-05,0.08406713134727066,8.2096807956319e-05,0.08406713134727066,4096,0.023698031675071365,97.06713774109231,0.023698031675071365,97.06713774109231,32768,0.02296676580885892,752.5749820246891,0.04412091699987286,0.02296676580885892,752.5749820246891,complete,complete
1978.7399671557887,39294.431052960135,False,1076707328,0.0065925839999181335,False,768,1,0.3,768,0.005765957999983584,0.75,0.13671919916455816,4.541658174165227,2031,21.275791475722162,0.0005414454645506163,cutoff_1e-10,complete,0.09708854199993766,0.11735124999995605,1024,0.020143221651329916,20.626658970961834,0.061316367499334404,62.78796031931843,4096,1.9762290753115412,8094.634292476073,1.8733137431212927,7673.093091824815,32768,1.972403348267691,64631.7129160357,0.04412091699987286,1.8786278349305983,61558.876895005844,complete,complete
265.5510047657029,39294.431052960135,False,1076707328,0.0065925839999181335,False,768,0,0.0,768,0.005765957999983584,0.75,0.008901673120114636,0.2899433243709374,2031,21.275791475722162,0.0005414454645506163,cutoff_1e-14,complete,0.09708854199993766,0.11735124999995605,1024,8.2096807956319e-05,0.08406713134727066,8.2096807956319e-05,0.08406713134727066,4096,0.023698031675071365,97.06713774109231,0.023698031675071365,97.06713774109231,32768,0.02296676580885892,752.5749820246891,0.04412091699987286,0.02296676580885892,752.5749820246891,complete,complete
1978.7399671557887,39294.431052960135,False,1076707328,0.0065925839999181335,False,768,1,0.3,768,0.005765957999983584,0.75,0.13671919916455816,4.541658174165227,2031,21.275791475722162,0.0005414454645506163,cutoff_1e-14,complete,0.09708854199993766,0.11735124999995605,1024,0.020143221651329916,20.626658970961834,0.061316367499334404,62.78796031931843,4096,1.9762290753115412,8094.634292476073,1.8733137431212927,7673.093091824815,32768,1.972403348267691,64631.7129160357,0.04412091699987286,1.8786278349305983,61558.876895005844,complete,complete
312.14088735085454,132293.09099959928,False,1076756480,0.006533042000000933,False,896,0,0.0,896,0.006771249999928841,0.875,0.004081573468562687,0.13294410659330555,2031,21.2236378657594,0.00016042892115827642,cutoff_1e-10,complete,0.12169841699983408,0.14394791699987763,1024,1.7259897927629107e-05,0.017674135477892206,1.7259897927629107e-05,0.017674135477892206,4096,0.026361436796601245,107.9764451188787,0.026361436796601245,107.9764451188787,32768,0.026763341071438157,876.9811602288855,0.05675583299989739,0.026763341071438157,876.9811602288855,complete,complete
6238.058820491518,132293.09099959928,False,1076756480,0.006533042000000933,False,896,1,0.3,896,0.006771249999928841,0.875,0.09326509528914131,3.0981616698500383,2031,21.2236378657594,0.00016042892115827642,cutoff_1e-10,complete,0.12169841699983408,0.14394791699987763,1024,0.009373638410671866,9.598605732527991,0.07188611155148542,73.61137822872107,4096,8.874420573588488,36349.626669418445,8.75464920953825,35859.043162268674,32768,8.654107657559326,283577.799722904,0.05675583299989739,8.550777470482156,280191.8761527593,complete,complete
312.14088735085454,132293.09099959928,False,1076756480,0.006533042000000933,False,896,0,0.0,896,0.006771249999928841,0.875,0.004081573468562687,0.13294410659330555,2031,21.2236378657594,0.00016042892115827642,cutoff_1e-14,complete,0.12169841699983408,0.14394791699987763,1024,1.7259897927629107e-05,0.017674135477892206,1.7259897927629107e-05,0.017674135477892206,4096,0.026361436796601245,107.9764451188787,0.026361436796601245,107.9764451188787,32768,0.026763341071438157,876.9811602288855,0.05675583299989739,0.026763341071438157,876.9811602288855,complete,complete
6238.058820491518,132293.09099959928,False,1076756480,0.006533042000000933,False,896,1,0.3,896,0.006771249999928841,0.875,0.09326509528914131,3.0981616698500383,2031,21.2236378657594,0.00016042892115827642,cutoff_1e-14,complete,0.12169841699983408,0.14394791699987763,1024,0.009373638410671866,9.598605732527991,0.07188611155148542,73.61137822872107,4096,8.874420573588488,36349.626669418445,8.75464920953825,35859.043162268674,32768,8.654107657559326,283577.799722904,0.05675583299989739,8.550777470482156,280191.8761527593,complete,complete
509.7079467664138,297187.28869311704,False,1076854784,0.007077416000129233,False,960,0,0.0,960,0.007262750000109008,0.9375,0.002484347404427805,0.08091961315726579,2031,21.254957118180574,7.152041129231799e-05,cutoff_1e-10,complete,0.1334676250000939,0.15655212500018933,1024,6.394515423360886e-06,0.006547983793521547,6.394515423360886e-06,0.006547983793521547,4096,0.037306822414385626,152.80874460932353,0.037306822414385626,152.80874460932353,32768,0.04393158466104798,1439.5501661732203,0.05866679099972316,0.04393158466104798,1439.5501661732203,complete,complete
14459.602893063675,297187.28869311704,False,1076854784,0.007077416000129233,False,960,1,0.3,960,0.007262750000109008,0.9375,0.06185249007401484,2.0546702208152223,2031,21.254957118180574,7.152041129231799e-05,cutoff_1e-10,complete,0.1334676250000939,0.15655212500018933,1024,0.004122724332328976,4.221669716304872,0.07720166806651402,79.05450810011035,4096,35.80100370524898,146640.91117669982,35.64205237130613,145989.8465128699,32768,34.722061094081994,1137772.4979308788,0.05866679099972316,34.61799825308101,1134362.5667569586,complete,complete
509.7079467664138,297187.28869311704,False,1076854784,0.007077416000129233,False,960,0,0.0,960,0.007262750000109008,0.9375,0.002484347404427805,0.08091961315726579,2031,21.254957118180574,7.152041129231799e-05,cutoff_1e-14,complete,0.1334676250000939,0.15655212500018933,1024,6.394515423360886e-06,0.006547983793521547,6.394515423360886e-06,0.006547983793521547,4096,0.037306822414385626,152.80874460932353,0.037306822414385626,152.80874460932353,32768,0.04393158466104798,1439.5501661732203,0.05866679099972316,0.04393158466104798,1439.5501661732203,complete,complete
14459.602893063675,297187.28869311704,False,1076854784,0.007077416000129233,False,960,1,0.3,960,0.007262750000109008,0.9375,0.06185249007401484,2.0546702208152223,2031,21.254957118180574,7.152041129231799e-05,cutoff_1e-14,complete,0.1334676250000939,0.15655212500018933,1024,0.004122724332328976,4.221669716304872,0.07720166806651402,79.05450810011035,4096,35.80100370524898,146640.91117669982,35.64205237130613,145989.8465128699,32768,34.722061094081994,1137772.4979308788,0.05866679099972316,34.61799825308101,1134362.5667569586,complete,complete
711.8380990868488,688010.2101775388,False,1076887552,0.007005040999956691,False,992,0,0.0,992,0.007408166999994137,0.96875,0.0013766259917914843,0.04483915676183822,2031,21.250637679322775,3.088709639038513e-05,cutoff_1e-10,complete,0.14112833300009697,0.16468254100004742,1024,1.963427713977248e-06,0.002010549979112702,1.963427713977248e-06,0.002010549979112702,4096,0.0732115754412295,299.874613007276,0.0732115754412295,299.874613007276,32768,0.07552529810513542,2474.8129683090774,0.0633582089999436,0.07552529810513542,2474.8129683090774,complete,complete
24232.01788387053,688010.2101775388,False,1076887552,0.007005040999956691,False,992,1,0.3,992,0.007408166999994137,0.96875,0.04094110069217849,1.3600173622590646,2031,21.250637679322775,3.088709639038513e-05,cutoff_1e-10,complete,0.14112833300009697,0.16468254100004742,1024,0.0018062961187950235,1.849647225646104,0.07949239749342357,81.40021503326574,4096,104.3612339628337,427463.6143117668,104.15929220711935,426636.46088036086,32768,109.2077517855706,3578519.610509577,0.0633582089999436,109.10322438944544,3575094.4567933483,complete,complete
711.8380990868488,688010.2101775388,False,1076887552,0.007005040999956691,False,992,0,0.0,992,0.007408166999994137,0.96875,0.0013766259917914843,0.04483915676183822,2031,21.250637679322775,3.088709639038513e-05,cutoff_1e-14,complete,0.14112833300009697,0.16468254100004742,1024,1.963427713977248e-06,0.002010549979112702,1.963427713977248e-06,0.002010549979112702,4096,0.0732115754412295,299.874613007276,0.0732115754412295,299.874613007276,32768,0.07552529810513542,2474.8129683090774,0.0633582089999436,0.07552529810513542,2474.8129683090774,complete,complete
24232.01788387053,688010.2101775388,False,1076887552,0.007005040999956691,False,992,1,0.3,992,0.007408166999994137,0.96875,0.04094110069217849,1.3600173622590646,2031,21.250637679322775,3.088709639038513e-05,cutoff_1e-14,complete,0.14112833300009697,0.16468254100004742,1024,0.0018062961187950235,1.849647225646104,0.07949239749342357,81.40021503326574,4096,104.3612339628337,427463.6143117668,104.15929220711935,426636.46088036086,32768,109.2077517855706,3578519.610509577,0.0633582089999436,109.10322438944544,3575094.4567933483,complete,complete
1533.6400590238159,7290743.726310394,False,1076936704,0.007449208000025465,False,1023,0,0.0,1023,0.008978167000122994,0.9990234375,2.9006934995002317e-05,0.0009448074590897068,2031,21.24076463997313,2.913387911760051e-06,cutoff_1e-10,complete,0.16601641699980973,0.19247774999985268,1024,8.717393894058095e-10,8.926611347515489e-07,8.717393894058095e-10,8.926611347515489e-07,4096,0.3324866501081599,1361.865318843023,0.3324866501081599,1361.865318843023,32768,0.35942846643535653,11777.751988153763,0.07375729100022,0.35942846643535653,11777.751988153763,complete,complete
87920.71918924911,7290743.726310394,False,1076936704,0.007449208000025465,False,1023,1,0.3,1023,0.008978167000122994,0.9990234375,0.004360775685233345,0.14486006835589407,2031,21.24076463997313,2.913387911760051e-06,cutoff_1e-10,complete,0.16601641699980973,0.19247774999985268,1024,2.049261660554131e-05,0.020984439404074302,0.081273150336552,83.22370594462924,4096,1127.5836279413616,4618582.540047817,1127.5236671557607,4618336.940669996,32768,1109.7778644545674,36365201.062447265,0.07375729100022,1109.6039435600158,36359502.022574596,complete,complete
1533.6400590238159,7290743.726310394,False,1076936704,0.007449208000025465,False,1023,0,0.0,1023,0.008978167000122994,0.9990234375,2.9006934995002317e-05,0.0009448074590897068,2031,21.24076463997313,2.913387911760051e-06,cutoff_1e-14,complete,0.16601641699980973,0.19247774999985268,1024,8.717393894058095e-10,8.926611347515489e-07,8.717393894058095e-10,8.926611347515489e-07,4096,0.3324866501081599,1361.865318843023,0.3324866501081599,1361.865318843023,32768,0.35942846643535653,11777.751988153763,0.07375729100022,0.35942846643535653,11777.751988153763,complete,complete
87920.71918924911,7290743.726310394,False,1076936704,0.007449208000025465,False,1023,1,0.3,1023,0.008978167000122994,0.9990234375,0.004360775685233345,0.14486006835589407,2031,21.24076463997313,2.913387911760051e-06,cutoff_1e-14,complete,0.16601641699980973,0.19247774999985268,1024,2.049261660554131e-05,0.020984439404074302,0.081273150336552,83.22370594462924,4096,1127.5836279413616,4618582.540047817,1127.5236671557607,4618336.940669996,32768,1109.7778644545674,36365201.062447265,0.07375729100022,1109.6039435600158,36359502.022574596,complete,complete
1522.2816975507774,20960590.840342425,False,1076985856,0.006942417000118439,True,1024,0,0.0,1024,0.007890749999887703,1.0,6.95506142298477e-14,2.265387195163932e-12,2031,21.23951780980669,1.0133072093047787e-06,cutoff_1e-10,complete,0.16525316599995676,0.1900271669999256,1024,5.01169838282491e-27,5.131979144012708e-24,5.01169838282491e-27,5.131979144012708e-24,4096,0.30060507835351885,1231.2784009360132,0.30060507835351885,1231.2784009360132,32768,0.325340715052427,10660.764550837928,0.06467966699983663,0.325340715052427,10660.764550837928,complete,complete
200576.80713555816,20960590.840342425,False,1076985856,0.006942417000118439,True,1024,1,0.3,1024,0.007890749999887703,1.0,9.825571588927891e-12,3.263944478565085e-10,2031,21.23951780980669,1.0133072093047787e-06,cutoff_1e-10,complete,0.16525316599995676,0.1900271669999256,1024,1.0403646053862799e-22,1.0653333559155506e-19,0.0812933756391906,83.24441665453118,4096,6318.959776911223,25882459.24622837,6318.764629658262,25881659.92308024,32768,5917.598752079593,193907875.90814412,0.06467966699983663,5917.212485634358,193895218.72926664,complete,complete
1522.2816975507774,20960590.840342425,False,1076985856,0.006942417000118439,True,1024,0,0.0,1024,0.007890749999887703,1.0,6.95506142298477e-14,2.265387195163932e-12,2031,21.23951780980669,1.0133072093047787e-06,cutoff_1e-14,complete,0.16525316599995676,0.1900271669999256,1024,5.01169838282491e-27,5.131979144012708e-24,5.01169838282491e-27,5.131979144012708e-24,4096,0.30060507835351885,1231.2784009360132,0.30060507835351885,1231.2784009360132,32768,0.325340715052427,10660.764550837928,0.06467966699983663,0.325340715052427,10660.764550837928,complete,complete
200576.80713555816,20960590.840342425,False,1076985856,0.006942417000118439,True,1024,1,0.3,1024,0.007890749999887703,1.0,9.825571588927891e-12,3.263944478565085e-10,2031,21.23951780980669,1.0133072093047787e-06,cutoff_1e-14,complete,0.16525316599995676,0.1900271669999256,1024,1.0403646053862799e-22,1.0653333559155506e-19,0.0812933756391906,83.24441665453118,4096,6318.959776911223,25882459.24622837,6318.764629658262,25881659.92308024,32768,5917.598752079593,193907875.90814412,0.06467966699983663,5917.212485634358,193895218.72926664,complete,complete
1495.173657892515,5700935.212373553,False,1077035008,0.0071812080000199785,True,1025,0,0.0,1024,0.009167832999992243,1.0009765625,7.371513622878118e-14,2.401033082908137e-12,2031,21.23090178770869,3.724108588644936e-06,cutoff_1e-10,complete,0.1791331250001349,0.20536566600003425,1024,5.629843618378275e-27,5.7649598652193535e-24,5.629843618378275e-27,5.7649598652193535e-24,4096,0.2969101917068674,1216.1441452313288,0.2969101917068674,1216.1441452313288,32768,0.32398658312998524,10616.392356003356,0.07662966699990648,0.32398658312998524,10616.392356003356,complete,complete
89001.95277791008,5700935.212373553,False,1077035008,0.0071812080000199785,True,1025,1,0.3,1024,0.009167832999992243,1.0009765625,5.417560588993782e-12,1.7996527542137104e-10,2031,21.23090178770869,3.724108588644936e-06,cutoff_1e-10,complete,0.1791331250001349,0.20536566600003425,1024,3.162841831786127e-23,3.238750035748994e-20,0.08129337563893839,83.24441665427291,4096,1151.8952216291805,4718162.827793123,1151.9666200588867,4718455.2757612,32768,1174.0106689488007,38469981.6001143,0.07662966699990648,1173.9242456877355,38467149.68269572,complete,complete
1495.173657892515,5700935.212373553,False,1077035008,0.0071812080000199785,True,1025,0,0.0,1024,0.009167832999992243,1.0009765625,7.371513622878118e-14,2.401033082908137e-12,2031,21.23090178770869,3.724108588644936e-06,cutoff_1e-14,complete,0.1791331250001349,0.20536566600003425,1024,5.629843618378275e-27,5.7649598652193535e-24,5.629843618378275e-27,5.7649598652193535e-24,4096,0.2969101917068674,1216.1441452313288,0.2969101917068674,1216.1441452313288,32768,0.32398658312998524,10616.392356003356,0.07662966699990648,0.32398658312998524,10616.392356003356,complete,complete
89001.95277791008,5700935.212373553,False,1077035008,0.0071812080000199785,True,1025,1,0.3,1024,0.009167832999992243,1.0009765625,5.417560588993782e-12,1.7996527542137104e-10,2031,21.23090178770869,3.724108588644936e-06,cutoff_1e-14,complete,0.1791331250001349,0.20536566600003425,1024,3.162841831786127e-23,3.238750035748994e-20,0.08129337563893839,83.24441665427291,4096,1151.8952216291805,4718162.827793123,1151.9666200588867,4718455.2757612,32768,1174.0106689488007,38469981.6001143,0.07662966699990648,1173.9242456877355,38467149.68269572,complete,complete
568.8776706700571,760731.057597021,False,1077133312,0.007276416999957291,True,1056,0,0.0,1024,0.007827167000186819,1.03125,3.866961895610395e-14,1.2595382599429587e-12,2031,21.16859534999903,2.7826647983672288e-05,cutoff_1e-10,complete,0.19153866699980426,0.21648149999987254,1024,1.549254519785289e-27,1.5864366282601358e-24,1.549254519785289e-27,1.5864366282601358e-24,4096,0.05569445857870109,228.12450233835966,0.05569445857870109,228.12450233835966,32768,0.061966684043078896,2030.5243027236093,0.06595441699982985,0.061966684043078896,2030.5243027236093,complete,complete
18867.963852912355,760731.057597021,False,1077133312,0.007276416999957291,True,1056,1,0.3,1024,0.007827167000186819,1.03125,1.0603492229676128e-12,3.522360974455587e-11,2031,21.16859534999903,2.7826647983672288e-05,cutoff_1e-10,complete,0.19153866699980426,0.21648149999987254,1024,1.211623714293722e-24,1.2407026834367713e-21,0.0812933756389057,83.24441665423943,4096,84.9022647462808,347759.6764007662,84.71383891816755,346987.8842088143,32768,75.10045492530406,2460891.7069923636,0.06595441699982985,75.00532779460838,2457774.5811737273,complete,complete
568.8776706700571,760731.057597021,False,1077133312,0.007276416999957291,True,1056,0,0.0,1024,0.007827167000186819,1.03125,3.866961895610395e-14,1.2595382599429587e-12,2031,21.16859534999903,2.7826647983672288e-05,cutoff_1e-14,complete,0.19153866699980426,0.21648149999987254,1024,1.549254519785289e-27,1.5864366282601358e-24,1.549254519785289e-27,1.5864366282601358e-24,4096,0.05569445857870109,228.12450233835966,0.05569445857870109,228.12450233835966,32768,0.061966684043078896,2030.5243027236093,0.06595441699982985,0.061966684043078896,2030.5243027236093,complete,complete
18867.963852912355,760731.057597021,False,1077133312,0.007276416999957291,True,1056,1,0.3,1024,0.007827167000186819,1.03125,1.0603492229676128e-12,3.522360974455587e-11,2031,21.16859534999903,2.7826647983672288e-05,cutoff_1e-14,complete,0.19153866699980426,0.21648149999987254,1024,1.211623714293722e-24,1.2407026834367713e-21,0.0812933756389057,83.24441665423943,4096,84.9022647462808,347759.6764007662,84.71383891816755,346987.8842088143,32768,75.10045492530406,2460891.7069923636,0.06595441699982985,75.00532779460838,2457774.5811737273,complete,complete
394.4724142374163,439267.4820692258,False,1077149696,0.007377375000032771,True,1088,0,0.0,1024,0.00818037500016544,1.0625,1.8222399059248216e-14,5.935359443061901e-13,2031,21.122320439757704,4.808532682696726e-05,cutoff_1e-10,complete,0.18851108400008343,0.21414758299988534,1024,3.4402823943695384e-28,3.5228491718344074e-25,3.4402823943695384e-28,3.5228491718344074e-25,4096,0.04781541371509284,195.85193457702027,0.04781541371509284,195.85193457702027,32768,0.04731398421756994,1550.3846348413317,0.06640383400008432,0.04731398421756994,1550.3846348413317,complete,complete
14268.072102100898,439267.4820692258,False,1077149696,0.007377375000032771,True,1088,1,0.3,1024,0.00818037500016544,1.0625,9.333863652382393e-13,3.1006046270329025e-11,2031,21.122320439757704,4.808532682696726e-05,cutoff_1e-10,complete,0.18851108400008343,0.21414758299988534,1024,9.38842680974399e-25,9.613749053177845e-22,0.0812933756389071,83.24441665424087,4096,76.77118092769149,314454.75707982434,76.60030507690226,313754.84959499165,32768,63.96313578304976,2095944.0333389745,0.06640383400008432,63.87332663072614,2093001.1670356342,complete,complete
394.4724142374163,439267.4820692258,False,1077149696,0.007377375000032771,True,1088,0,0.0,1024,0.00818037500016544,1.0625,1.8222399059248216e-14,5.935359443061901e-13,2031,21.122320439757704,4.808532682696726e-05,cutoff_1e-14,complete,0.18851108400008343,0.21414758299988534,1024,3.4402823943695384e-28,3.5228491718344074e-25,3.4402823943695384e-28,3.5228491718344074e-25,4096,0.04781541371509284,195.85193457702027,0.04781541371509284,195.85193457702027,32768,0.04731398421756994,1550.3846348413317,0.06640383400008432,0.04731398421756994,1550.3846348413317,complete,complete
14268.072102100898,439267.4820692258,False,1077149696,0.007377375000032771,True,1088,1,0.3,1024,0.00818037500016544,1.0625,9.333863652382393e-13,3.1006046270329025e-11,2031,21.122320439757704,4.808532682696726e-05,cutoff_1e-14,complete,0.18851108400008343,0.21414758299988534,1024,9.38842680974399e-25,9.613749053177845e-22,0.0812933756389071,83.24441665424087,4096,76.77118092769149,314454.75707982434,76.60030507690226,313754.84959499165,32768,63.96313578304976,2095944.0333389745,0.06640383400008432,63.87332663072614,2093001.1670356342,complete,complete
266.5488336617007,240351.33977473192,False,1077198848,0.007388999999875523,True,1152,0,0.0,1024,0.008695915999851422,1.125,1.219664723201336e-14,3.972664910193876e-13,2031,21.16144064100329,8.804378066224528e-05,cutoff_1e-10,complete,0.1975432090000595,0.2238389169999664,1024,1.5412174305357145e-28,1.5782066488685717e-25,1.5412174305357145e-28,1.5782066488685717e-25,4096,0.023977891626808162,98.21344410340623,0.023977891626808162,98.21344410340623,32768,0.026190801634580645,858.2201879619386,0.0722164580001845,0.026190801634580645,858.2201879619386,complete,complete
10563.378650795834,240351.33977473192,False,1077198848,0.007388999999875523,True,1152,1,0.3,1024,0.008695915999851422,1.125,4.696610455776389e-13,1.5601612207860423e-11,2031,21.16144064100329,8.804378066224528e-05,cutoff_1e-10,complete,0.1975432090000595,0.2238389169999664,1024,2.3770537449654236e-25,2.434103034844594e-22,0.08129337563891163,83.24441665424551,4096,55.624540423827824,227838.11757599877,55.49668136423881,227314.40686792217,32768,48.40165271740007,1586025.3562437654,0.0722164580001845,48.31973866466902,1583341.1965638744,complete,complete
266.5488336617007,240351.33977473192,False,1077198848,0.007388999999875523,True,1152,0,0.0,1024,0.008695915999851422,1.125,1.219664723201336e-14,3.972664910193876e-13,2031,21.16144064100329,8.804378066224528e-05,cutoff_1e-14,complete,0.1975432090000595,0.2238389169999664,1024,1.5412174305357145e-28,1.5782066488685717e-25,1.5412174305357145e-28,1.5782066488685717e-25,4096,0.023977891626808162,98.21344410340623,0.023977891626808162,98.21344410340623,32768,0.026190801634580645,858.2201879619386,0.0722164580001845,0.026190801634580645,858.2201879619386,complete,complete
10563.378650795834,240351.33977473192,False,1077198848,0.007388999999875523,True,1152,1,0.3,1024,0.008695915999851422,1.125,4.696610455776389e-13,1.5601612207860423e-11,2031,21.16144064100329,8.804378066224528e-05,cutoff_1e-14,complete,0.1975432090000595,0.2238389169999664,1024,2.3770537449654236e-25,2.434103034844594e-22,0.08129337563891163,83.24441665424551,4096,55.624540423827824,227838.11757599877,55.49668136423881,227314.40686792217,32768,48.40165271740007,1586025.3562437654,0.0722164580001845,48.31973866466902,1583341.1965638744,complete,complete
161.92802622493954,140232.2040178553,False,1077248000,0.007732541999985187,True,1280,0,0.0,1024,0.010031250000338332,1.25,6.87346210460539e-15,2.238808845995102e-13,2031,21.147539980613164,0.00015080373391207995,cutoff_1e-10,complete,0.22087166599999364,0.24952258299981622,1024,4.894790086822188e-29,5.0122650489059205e-26,4.894790086822188e-29,5.0122650489059205e-26,4096,0.013621175222305151,55.7923337105619,0.013621175222305151,55.7923337105619,32768,0.014150445704153249,463.68180483369366,0.07988783299970237,0.014150445704153249,463.68180483369366,complete,complete
6491.907086048183,140232.2040178553,False,1077248000,0.007732541999985187,True,1280,1,0.3,1024,0.010031250000338332,1.25,2.6670140727888987e-13,8.859521075541359e-12,2031,21.147539980613164,0.00015080373391207995,cutoff_1e-10,complete,0.22087166599999364,0.24952258299981622,1024,7.665147821089992e-26,7.849111368796152e-23,0.08129337563892876,83.24441665426305,4096,37.004644451733846,151571.02367430183,36.89865467084991,151136.88953180122,32768,31.168261599948373,1021321.5961071083,0.07988783299970237,31.081967877228177,1018493.9234010129,complete,complete
161.92802622493954,140232.2040178553,False,1077248000,0.007732541999985187,True,1280,0,0.0,1024,0.010031250000338332,1.25,6.87346210460539e-15,2.238808845995102e-13,2031,21.147539980613164,0.00015080373391207995,cutoff_1e-14,complete,0.22087166599999364,0.24952258299981622,1024,4.894790086822188e-29,5.0122650489059205e-26,4.894790086822188e-29,5.0122650489059205e-26,4096,0.013621175222305151,55.7923337105619,0.013621175222305151,55.7923337105619,32768,0.014150445704153249,463.68180483369366,0.07988783299970237,0.014150445704153249,463.68180483369366,complete,complete
6491.907086048183,140232.2040178553,False,1077248000,0.007732541999985187,True,1280,1,0.3,1024,0.010031250000338332,1.25,2.6670140727888987e-13,8.859521075541359e-12,2031,21.147539980613164,0.00015080373391207995,cutoff_1e-14,complete,0.22087166599999364,0.24952258299981622,1024,7.665147821089992e-26,7.849111368796152e-23,0.08129337563892876,83.24441665426305,4096,37.004644451733846,151571.02367430183,36.89865467084991,151136.88953180122,32768,31.168261599948373,1021321.5961071083,0.07988783299970237,31.081967877228177,1018493.9234010129,complete,complete
95.4711755120043,83090.04346636195,False,1077313536,0.00801383399993938,True,1536,0,0.0,1024,0.012117624999973486,1.5,6.32334546262783e-15,2.0596260723586146e-13,2031,21.291145191034804,0.00025624183479521564,cutoff_1e-10,complete,0.2766401250000854,0.3084143330002007,1024,4.1426362870501697e-29,4.242059557939374e-26,4.1426362870501697e-29,4.242059557939374e-26,4096,0.009341589208055306,38.263149396194535,0.009341589208055306,38.263149396194535,32768,0.009188987708063492,301.1047492178245,0.09801462499990521,0.009188987708063492,301.1047492178245,complete,complete
3932.3523753064487,83090.04346636195,False,1077313536,0.00801383399993938,True,1536,1,0.3,1024,0.012117624999973486,1.5,2.7398366315532117e-13,9.101429433179916e-12,2031,21.291145191034804,0.00025624183479521564,cutoff_1e-10,complete,0.2766401250000854,0.3084143330002007,1024,8.089454856167352e-26,8.283601772715368e-23,0.08129337563892863,83.24441665426292,4096,21.965685665737407,89971.44848686042,21.83862929842708,89451.02560635732,32768,19.450781891764265,637363.2210293314,0.09801462499990521,19.361155254315374,634426.3353734062,complete,complete
95.4711755120043,83090.04346636195,False,1077313536,0.00801383399993938,True,1536,0,0.0,1024,0.012117624999973486,1.5,6.32334546262783e-15,2.0596260723586146e-13,2031,21.291145191034804,0.00025624183479521564,cutoff_1e-14,complete,0.2766401250000854,0.3084143330002007,1024,4.1426362870501697e-29,4.242059557939374e-26,4.1426362870501697e-29,4.242059557939374e-26,4096,0.009341589208055306,38.263149396194535,0.009341589208055306,38.263149396194535,32768,0.009188987708063492,301.1047492178245,0.09801462499990521,0.009188987708063492,301.1047492178245,complete,complete
3932.3523753064487,83090.04346636195,False,1077313536,0.00801383399993938,True,1536,1,0.3,1024,0.012117624999973486,1.5,2.7398366315532117e-13,9.101429433179916e-12,2031,21.291145191034804,0.00025624183479521564,cutoff_1e-14,complete,0.2766401250000854,0.3084143330002007,1024,8.089454856167352e-26,8.283601772715368e-23,0.08129337563892863,83.24441665426292,4096,21.965685665737407,89971.44848686042,21.83862929842708,89451.02560635732,32768,19.450781891764265,637363.2210293314,0.09801462499990521,19.361155254315374,634426.3353734062,complete,complete
57.97157886604947,50756.12437412134,False,1077346304,0.009062665999863384,True,2048,0,0.0,1024,0.017783959000098548,2.0,6.886194363735217e-15,2.2429559692258038e-13,2031,21.243262808329842,0.00041853595147940394,cutoff_1e-10,complete,0.353888083000129,0.3952182910002193,1024,4.9129408983258444e-29,5.0308514798856646e-26,4.9129408983258444e-29,5.0308514798856646e-26,4096,0.005469880849155959,22.404631958142808,0.005469880849155959,22.404631958142808,32768,0.005039285865577795,165.1273192432532,0.13864124999963678,0.005039285865577795,165.1273192432532,complete,complete
2452.0347057820677,50756.12437412134,False,1077346304,0.009062665999863384,True,2048,1,0.3,1024,0.017783959000098548,2.0,2.154215781447251e-13,7.156062771366701e-12,2031,21.243262808329842,0.00041853595147940394,cutoff_1e-10,complete,0.353888083000129,0.3952182910002193,1024,5.0009017956777797e-26,5.1209234387740464e-23,0.0812933756389194,83.24441665425347,4096,12.508111254356145,51233.22369784277,12.413462628750448,50845.542927361836,32768,12.871390256940103,421769.7159394133,0.13864124999963678,12.79824011156477,419372.7319757544,complete,complete
57.97157886604947,50756.12437412134,False,1077346304,0.009062665999863384,True,2048,0,0.0,1024,0.017783959000098548,2.0,6.886194363735217e-15,2.2429559692258038e-13,2031,21.243262808329842,0.00041853595147940394,cutoff_1e-14,complete,0.353888083000129,0.3952182910002193,1024,4.9129408983258444e-29,5.0308514798856646e-26,4.9129408983258444e-29,5.0308514798856646e-26,4096,0.005469880849155959,22.404631958142808,0.005469880849155959,22.404631958142808,32768,0.005039285865577795,165.1273192432532,0.13864124999963678,0.005039285865577795,165.1273192432532,complete,complete
2452.0347057820677,50756.12437412134,False,1077346304,0.009062665999863384,True,2048,1,0.3,1024,0.017783959000098548,2.0,2.154215781447251e-13,7.156062771366701e-12,2031,21.243262808329842,0.00041853595147940394,cutoff_1e-14,complete,0.353888083000129,0.3952182910002193,1024,5.0009017956777797e-26,5.1209234387740464e-23,0.0812933756389194,83.24441665425347,4096,12.508111254356145,51233.22369784277,12.413462628750448,50845.542927361836,32768,12.871390256940103,421769.7159394133,0.13864124999963678,12.79824011156477,419372.7319757544,complete,complete
42.81606166065165,32859.19500314794,False,1077346304,0.010864249999940512,True,3072,0,0.0,1024,0.01997299999993629,3.0,8.550878844364304e-15,2.785173309527431e-13,2031,21.063827667442844,0.0006410329792140345,cutoff_1e-10,complete,0.5137689160001173,0.5630319159999999,1024,7.575381214945297e-29,7.757190364103984e-26,7.575381214945297e-29,7.757190364103984e-26,4096,0.003806646494026262,15.59202403953157,0.003806646494026262,15.59202403953157,32768,0.003900244281037689,127.80320460104299,0.16933720799988805,0.003900244281037689,127.80320460104299,complete,complete
1660.630551592022,32859.19500314794,False,1077346304,0.010864249999940512,True,3072,1,0.3,1024,0.01997299999993629,3.0,7.426407438908723e-14,2.466969105707331e-12,2031,21.063827667442844,0.0006410329792140345,cutoff_1e-10,complete,0.5137689160001173,0.5630319159999999,1024,5.943297430189872e-27,6.085936568514429e-24,0.08129337563892497,83.24441665425917,4096,9.467556996939656,38779.11345946483,9.36177120654968,38345.81486202749,32768,8.911063908373958,291997.74214959785,0.16933720799988805,8.834997727294962,289505.2055280013,complete,complete
42.81606166065165,32859.19500314794,False,1077346304,0.010864249999940512,True,3072,0,0.0,1024,0.01997299999993629,3.0,8.550878844364304e-15,2.785173309527431e-13,2031,21.063827667442844,0.0006410329792140345,cutoff_1e-14,complete,0.5137689160001173,0.5630319159999999,1024,7.575381214945297e-29,7.757190364103984e-26,7.575381214945297e-29,7.757190364103984e-26,4096,0.003806646494026262,15.59202403953157,0.003806646494026262,15.59202403953157,32768,0.003900244281037689,127.80320460104299,0.16933720799988805,0.003900244281037689,127.80320460104299,complete,complete
1660.630551592022,32859.19500314794,False,1077346304,0.010864249999940512,True,3072,1,0.3,1024,0.01997299999993629,3.0,7.426407438908723e-14,2.466969105707331e-12,2031,21.063827667442844,0.0006410329792140345,cutoff_1e-14,complete,0.5137689160001173,0.5630319159999999,1024,5.943297430189872e-27,6.085936568514429e-24,0.08129337563892497,83.24441665425917,4096,9.467556996939656,38779.11345946483,9.36177120654968,38345.81486202749,32768,8.911063908373958,291997.74214959785,0.16933720799988805,8.834997727294962,289505.2055280013,complete,complete
37.77831003482731,25718.082048980534,False,1144487936,0.01250987499997791,True,4096,0,0.0,1024,0.03187758300009591,4.0,1.0330146762562259e-14,3.3647125132116803e-13,2031,20.95652030834226,0.0008148554883847949,cutoff_1e-10,complete,0.6762091660002625,0.7451588750000155,1024,1.105594755523756e-28,1.1321290296563262e-25,1.105594755523756e-28,1.1321290296563262e-25,4096,0.0038752753082340564,15.873127662526695,0.0038752753082340564,15.873127662526695,32768,0.003878140614851263,127.07891166744619,0.2255480419999003,0.003878140614851263,127.07891166744619,complete,complete
1317.7111444131417,25718.082048980534,False,1144487936,0.01250987499997791,True,4096,1,0.3,1024,0.03187758300009591,4.0,6.301688973569899e-14,2.0933502692195285e-12,2031,20.95652030834226,0.0008148554883847949,cutoff_1e-10,complete,0.6762091660002625,0.7451588750000155,1024,4.27940952113425e-27,4.382115349641472e-24,0.08129337563892786,83.24441665426212,4096,7.515604912034404,30783.91771969292,7.420025510770398,30392.42449211555,32768,7.117667134259625,233231.71665541938,0.2255480419999003,7.03873795804233,230645.36540913107,complete,complete
37.77831003482731,25718.082048980534,False,1144487936,0.01250987499997791,True,4096,0,0.0,1024,0.03187758300009591,4.0,1.0330146762562259e-14,3.3647125132116803e-13,2031,20.95652030834226,0.0008148554883847949,cutoff_1e-14,complete,0.6762091660002625,0.7451588750000155,1024,1.105594755523756e-28,1.1321290296563262e-25,1.105594755523756e-28,1.1321290296563262e-25,4096,0.0038752753082340564,15.873127662526695,0.0038752753082340564,15.873127662526695,32768,0.003878140614851263,127.07891166744619,0.2255480419999003,0.003878140614851263,127.07891166744619,complete,complete
1317.7111444131417,25718.082048980534,False,1144487936,0.01250987499997791,True,4096,1,0.3,1024,0.03187758300009591,4.0,6.301688973569899e-14,2.0933502692195285e-12,2031,20.95652030834226,0.0008148554883847949,cutoff_1e-14,complete,0.6762091660002625,0.7451588750000155,1024,4.27940952113425e-27,4.382115349641472e-24,0.08129337563892786,83.24441665426212,4096,7.515604912034404,30783.91771969292,7.420025510770398,30392.42449211555,32768,7.117667134259625,233231.71665541938,0.2255480419999003,7.03873795804233,230645.36540913107,complete,complete
31.781463292059048,18292.379138075627,False,1144520704,0.018840457999885984,True,8192,0,0.0,1024,0.05761575000042285,8.0,9.464003658259121e-15,3.0825943005409133e-13,2031,20.948360382900905,0.0011451960526718391,cutoff_1e-10,complete,1.327326790999905,1.452589208000063,1024,9.279675411843087e-29,9.502387621727321e-26,9.279675411843087e-29,9.502387621727321e-26,4096,0.0034754656506078355,14.235507304889694,0.0034754656506078355,14.235507304889694,32768,0.003483151776933029,114.1359174265415,0.4488947500003633,0.003483151776933029,114.1359174265415,complete,complete
980.7872909896396,18292.379138075627,False,1144520704,0.018840457999885984,True,8192,1,0.3,1024,0.05761575000042285,8.0,4.4363158403072795e-14,1.4736942742810682e-12,2031,20.948360382900905,0.0011451960526718391,cutoff_1e-10,complete,1.327326790999905,1.452589208000063,1024,2.120873841844535e-27,2.171774814048804e-24,0.08129337563892652,83.24441665426076,4096,5.419784564715253,22199.437577073677,5.318397862530007,21784.157644922907,32768,5.311460571619222,174045.94001081865,0.4488947500003633,5.225249807878576,171220.9857045652,complete,complete
31.781463292059048,18292.379138075627,False,1144520704,0.018840457999885984,True,8192,0,0.0,1024,0.05761575000042285,8.0,9.464003658259121e-15,3.0825943005409133e-13,2031,20.948360382900905,0.0011451960526718391,cutoff_1e-14,complete,1.327326790999905,1.452589208000063,1024,9.279675411843087e-29,9.502387621727321e-26,9.279675411843087e-29,9.502387621727321e-26,4096,0.0034754656506078355,14.235507304889694,0.0034754656506078355,14.235507304889694,32768,0.003483151776933029,114.1359174265415,0.4488947500003633,0.003483151776933029,114.1359174265415,complete,complete
980.7872909896396,18292.379138075627,False,1144520704,0.018840457999885984,True,8192,1,0.3,1024,0.05761575000042285,8.0,4.4363158403072795e-14,1.4736942742810682e-12,2031,20.948360382900905,0.0011451960526718391,cutoff_1e-14,complete,1.327326790999905,1.452589208000063,1024,2.120873841844535e-27,2.171774814048804e-24,0.08129337563892652,83.24441665426076,4096,5.419784564715253,22199.437577073677,5.318397862530007,21784.157644922907,32768,5.311460571619222,174045.94001081865,0.4488947500003633,5.225249807878576,171220.9857045652,complete,complete
10.497968878162915,62.15211401032006,False,1144520704,0.005189292000068235,False,64,0,0.0,64,0.0008382920000258309,0.0625,0.30184506327108096,9.831630515842408,2032,20.337018655235564,0.32721362706759577,cutoff_1e-10,complete,0.002455374999954074,0.014000125000166008,1024,0.09439546738285509,96.66095860004361,0.09439546738285509,96.66095860004361,4096,0.11924826235684069,488.44088261361946,0.11924826235684069,488.44088261361946,32768,0.12247496602312155,4013.259686645647,0.008373874999961117,0.12247496602312155,4013.259686645647,complete,complete
10.081919811860024,62.15211401032006,False,1144520704,0.005189292000068235,False,64,1,0.3,64,0.0008382920000258309,0.0625,0.3931038332558,13.05846763667048,2032,20.337018655235564,0.32721362706759577,cutoff_1e-10,complete,0.002455374999954074,0.014000125000166008,1024,0.16652693068161156,170.52357701797024,0.10003667343247792,102.43755359485739,4096,0.21509117227146002,881.0134416239002,0.123225967609572,504.7335633288069,32768,0.21999326225523183,7208.739217579437,0.008373874999961117,0.12733849014472726,4172.627645062423,complete,complete
10.497968878162915,62.15211401032006,False,1144520704,0.005189292000068235,False,64,0,0.0,64,0.0008382920000258309,0.0625,0.30184506327108096,9.831630515842408,2032,20.337018655235564,0.32721362706759577,cutoff_1e-14,complete,0.002455374999954074,0.014000125000166008,1024,0.09439546738285509,96.66095860004361,0.09439546738285509,96.66095860004361,4096,0.11924826235684069,488.44088261361946,0.11924826235684069,488.44088261361946,32768,0.12247496602312155,4013.259686645647,0.008373874999961117,0.12247496602312155,4013.259686645647,complete,complete
10.081919811860024,62.15211401032006,False,1144520704,0.005189292000068235,False,64,1,0.3,64,0.0008382920000258309,0.0625,0.3931038332558,13.05846763667048,2032,20.337018655235564,0.32721362706759577,cutoff_1e-14,complete,0.002455374999954074,0.014000125000166008,1024,0.16652693068161156,170.52357701797024,0.10003667343247792,102.43755359485739,4096,0.21509117227146002,881.0134416239002,0.123225967609572,504.7335633288069,32768,0.21999326225523183,7208.739217579437,0.008373874999961117,0.12733849014472726,4172.627645062423,complete,complete
13.781639355353814,154.99716314576523,False,1144569856,0.005082292000224697,False,128,0,0.0,128,0.001085166999928333,0.125,0.2124733817112398,6.920635907702107,2032,19.77552412499738,0.1275863617348901,cutoff_1e-10,complete,0.00665366700013692,0.018440208000356506,1024,0.04677265758493726,47.895201366975755,0.04677265758493726,47.895201366975755,4096,0.08168977653485868,334.60132468678114,0.08168977653485868,334.60132468678114,32768,0.0813042577792686,2664.1779189110734,0.011269874999925378,0.0813042577792686,2664.1779189110734,complete,complete
15.295795563161722,154.99716314576523,False,1144569856,0.005082292000224697,False,128,1,0.3,128,0.001085166999928333,0.125,0.32331473599324057,10.74015224287844,2032,19.77552412499738,0.1275863617348901,cutoff_1e-10,complete,0.00665366700013692,0.018440208000356506,1024,0.11264733417988947,115.35087020020681,0.0597153563103776,61.148524861826665,4096,0.18083916274701295,740.717210611765,0.0930558992674589,381.15696339951165,32768,0.18576445380385648,6087.129622244769,0.011269874999925378,0.09324553017537823,3055.469532786794,complete,complete
13.781639355353814,154.99716314576523,False,1144569856,0.005082292000224697,False,128,0,0.0,128,0.001085166999928333,0.125,0.2124733817112398,6.920635907702107,2032,19.77552412499738,0.1275863617348901,cutoff_1e-14,complete,0.00665366700013692,0.018440208000356506,1024,0.04677265758493726,47.895201366975755,0.04677265758493726,47.895201366975755,4096,0.08168977653485868,334.60132468678114,0.08168977653485868,334.60132468678114,32768,0.0813042577792686,2664.1779189110734,0.011269874999925378,0.0813042577792686,2664.1779189110734,complete,complete
15.295795563161722,154.99716314576523,False,1144569856,0.005082292000224697,False,128,1,0.3,128,0.001085166999928333,0.125,0.32331473599324057,10.74015224287844,2032,19.77552412499738,0.1275863617348901,cutoff_1e-14,complete,0.00665366700013692,0.018440208000356506,1024,0.11264733417988947,115.35087020020681,0.0597153563103776,61.148524861826665,4096,0.18083916274701295,740.717210611765,0.0930558992674589,381.15696339951165,32768,0.18576445380385648,6087.129622244769,0.011269874999925378,0.09324553017537823,3055.469532786794,complete,complete
62.06844850458762,982.5427637742831,False,1144602624,0.00565016700011256,False,256,0,0.0,256,0.0022237500002120214,0.25,0.09652396387481199,3.1439571628488245,2032,19.985407644826363,0.020340496497125042,cutoff_1e-10,complete,0.016524875000413886,0.029980209000314062,1024,0.009652799454910571,9.884466641828425,0.009652799454910571,9.884466641828425,4096,0.042101872771479504,172.44927087198005,0.042101872771479504,172.44927087198005,32768,0.038860272444409386,1273.3734074584067,0.017667292000169255,0.038860272444409386,1273.3734074584067,complete,complete
74.64923667207975,982.5427637742831,False,1144602624,0.00565016700011256,False,256,1,0.3,256,0.0022237500002120214,0.25,0.24521054580759385,8.145618805286794,2032,19.985407644826363,0.020340496497125042,cutoff_1e-10,complete,0.016524875000413886,0.029980209000314062,1024,0.0647960016807049,66.35110572104182,0.033824069374838256,34.635847039834374,4096,0.17296321396550995,708.4573244027288,0.08627186616531718,353.36956381313917,32768,0.18055845826277336,5916.539560354558,0.017667292000169255,0.08726543884008808,2859.5138999120063,complete,complete
62.06844850458762,982.5427637742831,False,1144602624,0.00565016700011256,False,256,0,0.0,256,0.0022237500002120214,0.25,0.09652396387481199,3.1439571628488245,2032,19.985407644826363,0.020340496497125042,cutoff_1e-14,complete,0.016524875000413886,0.029980209000314062,1024,0.009652799454910571,9.884466641828425,0.009652799454910571,9.884466641828425,4096,0.042101872771479504,172.44927087198005,0.042101872771479504,172.44927087198005,32768,0.038860272444409386,1273.3734074584067,0.017667292000169255,0.038860272444409386,1273.3734074584067,complete,complete
74.64923667207975,982.5427637742831,False,1144602624,0.00565016700011256,False,256,1,0.3,256,0.0022237500002120214,0.25,0.24521054580759385,8.145618805286794,2032,19.985407644826363,0.020340496497125042,cutoff_1e-14,complete,0.016524875000413886,0.029980209000314062,1024,0.0647960016807049,66.35110572104182,0.033824069374838256,34.635847039834374,4096,0.17296321396550995,708.4573244027288,0.08627186616531718,353.36956381313917,32768,0.18055845826277336,5916.539560354558,0.017667292000169255,0.08726543884008808,2859.5138999120063,complete,complete
74.52445157681443,2527.429171946528,False,1144651776,0.005902874999719643,False,384,0,0.0,384,0.003013167000062822,0.375,0.04608066765992739,1.5009292961298528,2032,20.220317290318423,0.008000349728790032,cutoff_1e-10,complete,0.028600749999895925,0.04337004200033334,1024,0.002199989015606304,2.252788751980855,0.002199989015606304,2.252788751980855,4096,0.022501953919376386,92.16800325376568,0.022501953919376386,92.16800325376568,32768,0.019401624560265153,635.7524335907685,0.02363412500017148,0.019401624560265153,635.7524335907685,complete,complete
120.95693656226527,2527.429171946528,False,1144651776,0.005902874999719643,False,384,1,0.3,384,0.003013167000062822,0.375,0.21327356115122054,7.084708060423333,2032,20.220317290318423,0.008000349728790032,cutoff_1e-10,complete,0.028600749999895925,0.04337004200033334,1024,0.04901668779436259,50.193088301427295,0.03609765420168676,36.96399790252724,4096,0.19369037602082473,793.3557801812981,0.10802685347947233,442.47799185191866,32768,0.20269271488221172,6641.8348812603135,0.02363412500017148,0.10832736558900011,3549.6711156203555,complete,complete
74.52445157681443,2527.429171946528,False,1144651776,0.005902874999719643,False,384,0,0.0,384,0.003013167000062822,0.375,0.04608066765992739,1.5009292961298528,2032,20.220317290318423,0.008000349728790032,cutoff_1e-14,complete,0.028600749999895925,0.04337004200033334,1024,0.002199989015606304,2.252788751980855,0.002199989015606304,2.252788751980855,4096,0.022501953919376386,92.16800325376568,0.022501953919376386,92.16800325376568,32768,0.019401624560265153,635.7524335907685,0.02363412500017148,0.019401624560265153,635.7524335907685,complete,complete
120.95693656226527,2527.429171946528,False,1144651776,0.005902874999719643,False,384,1,0.3,384,0.003013167000062822,0.375,0.21327356115122054,7.084708060423333,2032,20.220317290318423,0.008000349728790032,cutoff_1e-14,complete,0.028600749999895925,0.04337004200033334,1024,0.04901668779436259,50.193088301427295,0.03609765420168676,36.96399790252724,4096,0.19369037602082473,793.3557801812981,0.10802685347947233,442.47799185191866,32768,0.20269271488221172,6641.8348812603135,0.02363412500017148,0.10832736558900011,3549.6711156203555,complete,complete
91.90088416922309,5969.026376711058,False,1144668160,0.006012374999954773,False,512,0,0.0,512,0.004012791000150173,0.5,0.028792769571325788,0.9378317103660463,2032,20.32231237938148,0.0034046276723908703,cutoff_1e-10,complete,0.05109020800000508,0.06812512499982404,1024,0.0008589143720391627,0.8795283169681026,0.0008589143720391627,0.8795283169681026,4096,0.020541281291952,84.13708817183539,0.020541281291952,84.13708817183539,32768,0.01980391515953987,648.9346919478024,0.031053167000209214,0.01980391515953987,648.9346919478024,complete,complete
328.21867870492,5969.026376711058,False,1144668160,0.006012374999954773,False,512,1,0.3,512,0.004012791000150173,0.5,0.19130032286964596,6.354781774545384,2032,20.32231237938148,0.0034046276723908703,cutoff_1e-10,complete,0.05109020800000508,0.06812512499982404,1024,0.03943676894735758,40.38325140209416,0.043690445600373176,44.73901629478213,4096,0.3144312091900543,1287.9102328424624,0.22937671116915703,939.5270089488672,32768,0.31959397118967814,10472.455247943373,0.031053167000209214,0.2273242245156823,7448.960188929877,complete,complete
91.90088416922309,5969.026376711058,False,1144668160,0.006012374999954773,False,512,0,0.0,512,0.004012791000150173,0.5,0.028792769571325788,0.9378317103660463,2032,20.32231237938148,0.0034046276723908703,cutoff_1e-14,complete,0.05109020800000508,0.06812512499982404,1024,0.0008589143720391627,0.8795283169681026,0.0008589143720391627,0.8795283169681026,4096,0.020541281291952,84.13708817183539,0.020541281291952,84.13708817183539,32768,0.01980391515953987,648.9346919478024,0.031053167000209214,0.01980391515953987,648.9346919478024,complete,complete
328.21867870492,5969.026376711058,False,1144668160,0.006012374999954773,False,512,1,0.3,512,0.004012791000150173,0.5,0.19130032286964596,6.354781774545384,2032,20.32231237938148,0.0034046276723908703,cutoff_1e-14,complete,0.05109020800000508,0.06812512499982404,1024,0.03943676894735758,40.38325140209416,0.043690445600373176,44.73901629478213,4096,0.3144312091900543,1287.9102328424624,0.22937671116915703,939.5270089488672,32768,0.31959397118967814,10472.455247943373,0.031053167000209214,0.2273242245156823,7448.960188929877,complete,complete
215.44329838559733,37386.63990858001,False,1144668160,0.006184332999964681,False,768,0,0.0,768,0.005552541000270139,0.75,0.009599508530149794,0.31267306471515977,2032,20.421457605945996,0.0005462234010834281,cutoff_1e-10,complete,0.09184774999994261,0.11145900000019537,1024,9.547309120934617e-05,0.09776444539837048,9.547309120934617e-05,0.09776444539837048,4096,0.019709114011942544,80.72853099291666,0.019709114011942544,80.72853099291666,32768,0.021069628960059143,690.409601763218,0.04359558400028618,0.021069628960059143,690.409601763218,complete,complete
1853.738442183532,37386.63990858001,False,1144668160,0.006184332999964681,False,768,1,0.3,768,0.005552541000270139,0.75,0.1324266980283247,4.399066109611635,2032,20.421457605945996,0.0005462234010834281,cutoff_1e-10,complete,0.09184774999994261,0.11145900000019537,1024,0.018898225231185173,19.351782636733617,0.06254913358709958,64.05031279318997,4096,1.8172818224808807,7443.586344881687,1.7257193541630467,7068.546474651839,32768,1.9037657057716368,62382.594646724996,0.04359558400028618,1.816656972730744,59528.21568244102,complete,complete
215.44329838559733,37386.63990858001,False,1144668160,0.006184332999964681,False,768,0,0.0,768,0.005552541000270139,0.75,0.009599508530149794,0.31267306471515977,2032,20.421457605945996,0.0005462234010834281,cutoff_1e-14,complete,0.09184774999994261,0.11145900000019537,1024,9.547309120934617e-05,0.09776444539837048,9.547309120934617e-05,0.09776444539837048,4096,0.019709114011942544,80.72853099291666,0.019709114011942544,80.72853099291666,32768,0.021069628960059143,690.409601763218,0.04359558400028618,0.021069628960059143,690.409601763218,complete,complete
1853.738442183532,37386.63990858001,False,1144668160,0.006184332999964681,False,768,1,0.3,768,0.005552541000270139,0.75,0.1324266980283247,4.399066109611635,2032,20.421457605945996,0.0005462234010834281,cutoff_1e-14,complete,0.09184774999994261,0.11145900000019537,1024,0.018898225231185173,19.351782636733617,0.06254913358709958,64.05031279318997,4096,1.8172818224808807,7443.586344881687,1.7257193541630467,7068.546474651839,32768,1.9037657057716368,62382.594646724996,0.04359558400028618,1.816656972730744,59528.21568244102,complete,complete
414.83985517660125,117706.60260147073,False,1144733696,0.006852625000192347,False,896,0,0.0,896,0.006402250000064669,0.875,0.004207542719931683,0.1370471491357141,2032,20.51007801018311,0.0001742474725876324,cutoff_1e-10,complete,0.11813149999989037,0.13977308300036384,1024,1.834171981076822e-05,0.018781921086226658,1.834171981076822e-05,0.018781921086226658,4096,0.03552878384544575,145.5258986309458,0.03552878384544575,145.5258986309458,32768,0.039355719478749086,1289.60821587965,0.05059625000012602,0.039355719478749086,1289.60821587965,complete,complete
5843.896672895489,117706.60260147073,False,1144733696,0.006852625000192347,False,896,1,0.3,896,0.006402250000064669,0.875,0.08828354638177066,2.9326802125754643,2032,20.51007801018311,0.0001742474725876324,cutoff_1e-10,complete,0.11813149999989037,0.13977308300036384,1024,0.008399036356671538,8.600613229231655,0.07301392504351481,74.76625924455917,4096,7.368295694093567,30180.53916300725,7.301238497478087,29905.872885670244,32768,8.247172291616307,270243.34165168315,0.05059625000012602,8.13459151961417,266554.29491471715,complete,complete
414.83985517660125,117706.60260147073,False,1144733696,0.006852625000192347,False,896,0,0.0,896,0.006402250000064669,0.875,0.004207542719931683,0.1370471491357141,2032,20.51007801018311,0.0001742474725876324,cutoff_1e-14,complete,0.11813149999989037,0.13977308300036384,1024,1.834171981076822e-05,0.018781921086226658,1.834171981076822e-05,0.018781921086226658,4096,0.03552878384544575,145.5258986309458,0.03552878384544575,145.5258986309458,32768,0.039355719478749086,1289.60821587965,0.05059625000012602,0.039355719478749086,1289.60821587965,complete,complete
5843.896672895489,117706.60260147073,False,1144733696,0.006852625000192347,False,896,1,0.3,896,0.006402250000064669,0.875,0.08828354638177066,2.9326802125754643,2032,20.51007801018311,0.0001742474725876324,cutoff_1e-14,complete,0.11813149999989037,0.13977308300036384,1024,0.008399036356671538,8.600613229231655,0.07301392504351481,74.76625924455917,4096,7.368295694093567,30180.53916300725,7.301238497478087,29905.872885670244,32768,8.247172291616307,270243.34165168315,0.05059625000012602,8.13459151961417,266554.29491471715,complete,complete
607.1374097159752,270067.3394841088,False,1144766464,0.006925415999830875,False,960,0,0.0,960,0.007133625000278698,0.9375,0.0027406830872142803,0.08926892221626295,2032,20.53560728449156,7.60388402526545e-05,cutoff_1e-10,complete,0.13003491699964798,0.15340691600022183,1024,7.782168431301957e-06,0.007968940473653204,7.782168431301957e-06,0.007968940473653204,4096,0.05658572647613673,231.77513564625605,0.05658572647613673,231.77513564625605,32768,0.06262621822325949,2052.135918739767,0.05471191700007694,0.06262621822325949,2052.135918739767,complete,complete
12065.824037258126,270067.3394841088,False,1144766464,0.006925415999830875,False,960,1,0.3,960,0.007133625000278698,0.9375,0.06350580602719734,2.109591519061062,2032,20.53560728449156,7.60388402526545e-05,cutoff_1e-10,complete,0.13003491699964798,0.15340691600022183,1024,0.004346070680951521,4.450376377294358,0.07701582725483004,78.86420710894596,4096,32.259861645017615,132136.39329799215,32.19965236564428,131889.77608967898,32768,35.83751058365857,1174323.546805324,0.05471191700007694,35.73163845999607,1170854.3290571512,complete,complete
607.1374097159752,270067.3394841088,False,1144766464,0.006925415999830875,False,960,0,0.0,960,0.007133625000278698,0.9375,0.0027406830872142803,0.08926892221626295,2032,20.53560728449156,7.60388402526545e-05,cutoff_1e-14,complete,0.13003491699964798,0.15340691600022183,1024,7.782168431301957e-06,0.007968940473653204,7.782168431301957e-06,0.007968940473653204,4096,0.05658572647613673,231.77513564625605,0.05658572647613673,231.77513564625605,32768,0.06262621822325949,2052.135918739767,0.05471191700007694,0.06262621822325949,2052.135918739767,complete,complete
12065.824037258126,270067.3394841088,False,1144766464,0.006925415999830875,False,960,1,0.3,960,0.007133625000278698,0.9375,0.06350580602719734,2.109591519061062,2032,20.53560728449156,7.60388402526545e-05,cutoff_1e-14,complete,0.13003491699964798,0.15340691600022183,1024,0.004346070680951521,4.450376377294358,0.07701582725483004,78.86420710894596,4096,32.259861645017615,132136.39329799215,32.19965236564428,131889.77608967898,32768,35.83751058365857,1174323.546805324,0.05471191700007694,35.73163845999607,1170854.3290571512,complete,complete
857.4144963176745,570447.2786177341,False,1144815616,0.007063874999857944,False,992,0,0.0,992,0.007431041000018013,0.96875,0.0017701108433574515,0.05765565815581124,2032,20.47949934860337,3.590077491162336e-05,cutoff_1e-10,complete,0.13845499999979438,0.1619185419999667,1024,3.2462645677536794e-06,0.0033241749173797677,3.2462645677536794e-06,0.0033241749173797677,4096,0.11379480015008994,466.1035014147684,0.11379480015008994,466.1035014147684,32768,0.10960430246526372,3591.5137831817615,0.05601462499998888,0.10960430246526372,3591.5137831817615,complete,complete
19731.722637774386,570447.2786177341,False,1144815616,0.007063874999857944,False,992,1,0.3,992,0.007431041000018013,0.96875,0.04603250784262811,1.5291481869284729,2032,20.47949934860337,3.590077491162336e-05,cutoff_1e-10,complete,0.13845499999979438,0.1619185419999667,1024,0.002283490407799448,2.3382941775866346,0.0790231091130397,80.91966373175265,4096,74.25296150333283,304140.13031765126,74.10026684568436,303514.69299992314,32768,79.32785658715272,2599415.2046478204,0.05601462499998888,79.21490561321335,2595714.027133775,complete,complete
857.4144963176745,570447.2786177341,False,1144815616,0.007063874999857944,False,992,0,0.0,992,0.007431041000018013,0.96875,0.0017701108433574515,0.05765565815581124,2032,20.47949934860337,3.590077491162336e-05,cutoff_1e-14,complete,0.13845499999979438,0.1619185419999667,1024,3.2462645677536794e-06,0.0033241749173797677,3.2462645677536794e-06,0.0033241749173797677,4096,0.11379480015008994,466.1035014147684,0.11379480015008994,466.1035014147684,32768,0.10960430246526372,3591.5137831817615,0.05601462499998888,0.10960430246526372,3591.5137831817615,complete,complete
19731.722637774386,570447.2786177341,False,1144815616,0.007063874999857944,False,992,1,0.3,992,0.007431041000018013,0.96875,0.04603250784262811,1.5291481869284729,2032,20.47949934860337,3.590077491162336e-05,cutoff_1e-14,complete,0.13845499999979438,0.1619185419999667,1024,0.002283490407799448,2.3382941775866346,0.0790231091130397,80.91966373175265,4096,74.25296150333283,304140.13031765126,74.10026684568436,303514.69299992314,32768,79.32785658715272,2599415.2046478204,0.05601462499998888,79.21490561321335,2595714.027133775,complete,complete
5169.047609832256,9826501.667065509,False,1144832000,0.007743916999970679,False,1023,0,0.0,1023,0.008858042000156274,0.9990234375,0.0002233448727007859,0.007274739703229604,2032,20.426099857221853,2.0786746442716177e-06,cutoff_1e-10,complete,0.16539262499964025,0.1912828750000699,1024,5.168148217748547e-08,5.292183774974512e-05,5.168148217748547e-08,5.292183774974512e-05,4096,4.976306350144066,20382.950810190094,4.976306350144066,20382.950810190094,32768,5.055307500818588,165652.3161868235,0.06996808299982149,5.055307500818588,165652.3161868235,complete,complete
254682.2931823219,9826501.667065509,False,1144832000,0.007743916999970679,False,1023,1,0.3,1023,0.008858042000156274,0.9990234375,0.015456337999237993,0.5134421810971022,2032,20.426099857221853,2.0786746442716177e-06,cutoff_1e-10,complete,0.16539262499964025,0.1912828750000699,1024,0.00025744421223608375,0.26362287332974976,0.08102863619572978,82.9733234644273,4096,10469.83592216131,42884447.937172726,10468.73414702079,42879935.06619716,32768,12323.745699604995,403824499.0846565,0.06996808299982149,12324.080460200737,403835468.51985776,complete,complete
5169.047609832256,9826501.667065509,False,1144832000,0.007743916999970679,False,1023,0,0.0,1023,0.008858042000156274,0.9990234375,0.0002233448727007859,0.007274739703229604,2032,20.426099857221853,2.0786746442716177e-06,cutoff_1e-14,complete,0.16539262499964025,0.1912828750000699,1024,5.168148217748547e-08,5.292183774974512e-05,5.168148217748547e-08,5.292183774974512e-05,4096,4.976306350144066,20382.950810190094,4.976306350144066,20382.950810190094,32768,5.055307500818588,165652.3161868235,0.06996808299982149,5.055307500818588,165652.3161868235,complete,complete
254682.2931823219,9826501.667065509,False,1144832000,0.007743916999970679,False,1023,1,0.3,1023,0.008858042000156274,0.9990234375,0.015456337999237993,0.5134421810971022,2032,20.426099857221853,2.0786746442716177e-06,cutoff_1e-14,complete,0.16539262499964025,0.1912828750000699,1024,0.00025744421223608375,0.26362287332974976,0.08102863619572978,82.9733234644273,4096,10469.83592216131,42884447.937172726,10468.73414702079,42879935.06619716,32768,12323.745699604995,403824499.0846565,0.06996808299982149,12324.080460200737,403835468.51985776,complete,complete
18123.068153947825,39034609.43755496,False,1144913920,0.006778375000067172,True,1024,0,0.0,1024,0.007911499999863736,1.0,8.702185179268648e-13,2.8344564736568987e-11,2032,20.42021731251781,5.231310779523682e-07,cutoff_1e-10,complete,0.16276987500032192,0.18710533399962515,1024,7.845843262749512e-25,8.0341435010555e-22,7.845843262749512e-25,8.0341435010555e-22,4096,58.05856223475525,237807.8709135575,58.05856223475525,237807.8709135575,32768,62.910742138974015,2061459.1984099005,0.05905104199973721,62.910742138974015,2061459.1984099005,complete,complete
749447.8467894597,39034609.43755496,False,1144913920,0.006778375000067172,True,1024,1,0.3,1024,0.007911499999863736,1.0,3.793212282395671e-11,1.2600624984608694e-09,2032,20.42021731251781,5.231310779523682e-07,cutoff_1e-10,complete,0.16276987500032192,0.18710533399962515,1024,1.5505444336205555e-21,1.5877575000274488e-18,0.08129337563823247,83.24441665355005,4096,108693.1262685418,445207045.19594723,108694.44563721986,445212449.33005255,32768,110392.07101783564,3617327383.112438,0.05905104199973721,110390.73151497754,3617283490.282784,complete,complete
18123.068153947825,39034609.43755496,False,1144913920,0.006778375000067172,True,1024,0,0.0,1024,0.007911499999863736,1.0,8.702185179268648e-13,2.8344564736568987e-11,2032,20.42021731251781,5.231310779523682e-07,cutoff_1e-14,complete,0.16276987500032192,0.18710533399962515,1024,7.845843262749512e-25,8.0341435010555e-22,7.845843262749512e-25,8.0341435010555e-22,4096,58.05856223475525,237807.8709135575,58.05856223475525,237807.8709135575,32768,62.910742138974015,2061459.1984099005,0.05905104199973721,62.910742138974015,2061459.1984099005,complete,complete
749447.8467894597,39034609.43755496,False,1144913920,0.006778375000067172,True,1024,1,0.3,1024,0.007911499999863736,1.0,3.793212282395671e-11,1.2600624984608694e-09,2032,20.42021731251781,5.231310779523682e-07,cutoff_1e-14,complete,0.16276987500032192,0.18710533399962515,1024,1.5505444336205555e-21,1.5877575000274488e-18,0.08129337563823247,83.24441665355005,4096,108693.1262685418,445207045.19594723,108694.44563721986,445212449.33005255,32768,110392.07101783564,3617327383.112438,0.05905104199973721,110390.73151497754,3617283490.282784,complete,complete
2388.0849810568457,4450801.310918207,False,1144963072,0.007459583000127168,True,1025,0,0.0,1024,0.009100415999910183,1.0009765625,1.6998151720842904e-13,5.536600312772766e-12,2032,20.428981303964992,4.589955802756439e-06,cutoff_1e-10,complete,0.17823887500026103,0.20461887500005105,1024,2.9935491233784664e-26,3.0653943023395496e-23,2.9935491233784664e-26,3.0653943023395496e-23,4096,1.1227447514055635,4598.762501757188,1.1227447514055635,4598.762501757188,32768,0.959767796842302,31449.67116692855,0.06984191699984876,0.959767796842302,31449.67116692855,complete,complete
166952.72206982522,4450801.310918207,False,1144963072,0.007459583000127168,True,1025,1,0.3,1024,0.009100415999910183,1.0009765625,7.005928826620738e-12,2.32729083533794e-10,2032,20.428981303964992,4.589955802756439e-06,cutoff_1e-10,complete,0.17823887500026103,0.20461887500005105,1024,5.2893385080546546e-23,5.4162826322479663e-20,0.08129337563883349,83.24441665416549,4096,7007.781575538918,28703873.33340741,7007.090008473204,28701040.674706243,32768,5841.1075512419975,191401412.23909777,0.06984191699984876,5841.0423764017905,191399276.58993387,complete,complete
2388.0849810568457,4450801.310918207,False,1144963072,0.007459583000127168,True,1025,0,0.0,1024,0.009100415999910183,1.0009765625,1.6998151720842904e-13,5.536600312772766e-12,2032,20.428981303964992,4.589955802756439e-06,cutoff_1e-14,complete,0.17823887500026103,0.20461887500005105,1024,2.9935491233784664e-26,3.0653943023395496e-23,2.9935491233784664e-26,3.0653943023395496e-23,4096,1.1227447514055635,4598.762501757188,1.1227447514055635,4598.762501757188,32768,0.959767796842302,31449.67116692855,0.06984191699984876,0.959767796842302,31449.67116692855,complete,complete
166952.72206982522,4450801.310918207,False,1144963072,0.007459583000127168,True,1025,1,0.3,1024,0.009100415999910183,1.0009765625,7.005928826620738e-12,2.32729083533794e-10,2032,20.428981303964992,4.589955802756439e-06,cutoff_1e-14,complete,0.17823887500026103,0.20461887500005105,1024,5.2893385080546546e-23,5.4162826322479663e-20,0.08129337563883349,83.24441665416549,4096,7007.781575538918,28703873.33340741,7007.090008473204,28701040.674706243,32768,5841.1075512419975,191401412.23909777,0.06984191699984876,5841.0423764017905,191399276.58993387,complete,complete
731.6815091969411,651055.0270957026,False,1145044992,0.0073047910000241245,True,1056,0,0.0,1024,0.007837042000119254,1.03125,3.292540862680807e-14,1.072439113941013e-12,2032,20.376044870831254,3.129696265725332e-05,cutoff_1e-10,complete,0.18108220800013441,0.20514629199988121,1024,1.1231695831158054e-27,1.1501256531105848e-24,1.1231695831158054e-27,1.1501256531105848e-24,4096,0.12092287435584748,495.30009336155126,0.12092287435584748,495.30009336155126,32768,0.10886635669096716,3567.3327760496118,0.07435125000029075,0.10886635669096716,3567.3327760496118,complete,complete
22747.165633951,651055.0270957026,False,1145044992,0.0073047910000241245,True,1056,1,0.3,1024,0.007837042000119254,1.03125,1.6519351350904089e-12,5.487542902035211e-11,2032,20.376044870831254,3.129696265725332e-05,cutoff_1e-10,complete,0.18108220800013441,0.20514629199988121,1024,2.9407350685231466e-24,3.011312710167702e-21,0.08129337563896322,83.24441665429833,4096,135.22056350925052,553863.4281338901,135.14991533984073,553574.0532319876,32768,128.87292830832428,4222908.11480717,0.07435125000029075,128.7670879059632,4219439.936502602,complete,complete
731.6815091969411,651055.0270957026,False,1145044992,0.0073047910000241245,True,1056,0,0.0,1024,0.007837042000119254,1.03125,3.292540862680807e-14,1.072439113941013e-12,2032,20.376044870831254,3.129696265725332e-05,cutoff_1e-14,complete,0.18108220800013441,0.20514629199988121,1024,1.1231695831158054e-27,1.1501256531105848e-24,1.1231695831158054e-27,1.1501256531105848e-24,4096,0.12092287435584748,495.30009336155126,0.12092287435584748,495.30009336155126,32768,0.10886635669096716,3567.3327760496118,0.07435125000029075,0.10886635669096716,3567.3327760496118,complete,complete
22747.165633951,651055.0270957026,False,1145044992,0.0073047910000241245,True,1056,1,0.3,1024,0.007837042000119254,1.03125,1.6519351350904089e-12,5.487542902035211e-11,2032,20.376044870831254,3.129696265725332e-05,cutoff_1e-14,complete,0.18108220800013441,0.20514629199988121,1024,2.9407350685231466e-24,3.011312710167702e-21,0.08129337563896322,83.24441665429833,4096,135.22056350925052,553863.4281338901,135.14991533984073,553574.0532319876,32768,128.87292830832428,4222908.11480717,0.07435125000029075,128.7670879059632,4219439.936502602,complete,complete
313.79850972078214,353646.18312348716,False,1145094144,0.017676625000149215,True,1088,0,0.0,1024,0.00823766700023043,1.0625,2.3771840219274828e-14,7.742911120850656e-13,2032,20.36641861225552,5.758981599171937e-05,cutoff_1e-10,complete,0.18992400000024645,0.22528270799966776,1024,5.854753186073511e-28,5.995267262539275e-25,5.854753186073511e-28,5.995267262539275e-25,4096,0.04317671465386684,176.85182322223858,0.04317671465386684,176.85182322223858,32768,0.03857456567216978,1264.0113679456595,0.061285582999971666,0.03857456567216978,1264.0113679456595,complete,complete
14228.441445203647,353646.18312348716,False,1145094144,0.017676625000149215,True,1088,1,0.3,1024,0.00823766700023043,1.0625,1.2277731887605095e-12,4.0785245765252984e-11,2032,20.36641861225552,5.758981599171937e-05,cutoff_1e-10,complete,0.18992400000024645,0.22528270799966776,1024,1.6244494845039905e-24,1.6634362721320863e-21,0.08129337563892547,83.24441665425968,4096,66.01491070450189,270397.0742456397,65.90843655935292,269960.95614710957,32768,68.88480678569044,2257217.3487535045,0.061285582999971666,68.76555080491693,2253309.568775518,complete,complete
313.79850972078214,353646.18312348716,False,1145094144,0.017676625000149215,True,1088,0,0.0,1024,0.00823766700023043,1.0625,2.3771840219274828e-14,7.742911120850656e-13,2032,20.36641861225552,5.758981599171937e-05,cutoff_1e-14,complete,0.18992400000024645,0.22528270799966776,1024,5.854753186073511e-28,5.995267262539275e-25,5.854753186073511e-28,5.995267262539275e-25,4096,0.04317671465386684,176.85182322223858,0.04317671465386684,176.85182322223858,32768,0.03857456567216978,1264.0113679456595,0.061285582999971666,0.03857456567216978,1264.0113679456595,complete,complete
14228.441445203647,353646.18312348716,False,1145094144,0.017676625000149215,True,1088,1,0.3,1024,0.00823766700023043,1.0625,1.2277731887605095e-12,4.0785245765252984e-11,2032,20.36641861225552,5.758981599171937e-05,cutoff_1e-14,complete,0.18992400000024645,0.22528270799966776,1024,1.6244494845039905e-24,1.6634362721320863e-21,0.08129337563892547,83.24441665425968,4096,66.01491070450189,270397.0742456397,65.90843655935292,269960.95614710957,32768,68.88480678569044,2257217.3487535045,0.061285582999971666,68.76555080491693,2253309.568775518,complete,complete
230.9441327432161,220857.6672264782,False,1145143296,0.007119916999727138,True,1152,0,0.0,1024,0.008660416000111582,1.125,1.1148322593936537e-14,3.6312069320334294e-13,2032,20.453378771039976,9.260886899645683e-05,cutoff_1e-10,complete,0.19802245900018534,0.2240034160004143,1024,1.2876624788327765e-28,1.318566378324763e-25,1.2876624788327765e-28,1.318566378324763e-25,4096,0.027420961987438576,112.31626030054841,0.027420961987438576,112.31626030054841,32768,0.028328653977783117,928.2733335439972,0.06563520800000333,0.028328653977783117,928.2733335439972,complete,complete
9346.618682043918,220857.6672264782,False,1145143296,0.007119916999727138,True,1152,1,0.3,1024,0.008660416000111582,1.125,3.379897071113229e-13,1.1227638294152463e-11,2032,20.453378771039976,9.260886899645683e-05,cutoff_1e-10,complete,0.19802245900018534,0.2240034160004143,1024,1.2310533365656134e-25,1.2605986166431882e-22,0.08129337563892927,83.24441665426357,4096,48.99428204689464,200680.57926408044,48.8845297897534,200231.03401882993,32768,45.67104101886186,1496548.6721060653,0.06563520800000333,45.58108119480654,1493600.8685914208,complete,complete
230.9441327432161,220857.6672264782,False,1145143296,0.007119916999727138,True,1152,0,0.0,1024,0.008660416000111582,1.125,1.1148322593936537e-14,3.6312069320334294e-13,2032,20.453378771039976,9.260886899645683e-05,cutoff_1e-14,complete,0.19802245900018534,0.2240034160004143,1024,1.2876624788327765e-28,1.318566378324763e-25,1.2876624788327765e-28,1.318566378324763e-25,4096,0.027420961987438576,112.31626030054841,0.027420961987438576,112.31626030054841,32768,0.028328653977783117,928.2733335439972,0.06563520800000333,0.028328653977783117,928.2733335439972,complete,complete
9346.618682043918,220857.6672264782,False,1145143296,0.007119916999727138,True,1152,1,0.3,1024,0.008660416000111582,1.125,3.379897071113229e-13,1.1227638294152463e-11,2032,20.453378771039976,9.260886899645683e-05,cutoff_1e-14,complete,0.19802245900018534,0.2240034160004143,1024,1.2310533365656134e-25,1.2605986166431882e-22,0.08129337563892927,83.24441665426357,4096,48.99428204689464,200680.57926408044,48.8845297897534,200231.03401882993,32768,45.67104101886186,1496548.6721060653,0.06563520800000333,45.58108119480654,1493600.8685914208,complete,complete
155.85443502487507,118958.23351173034,False,1145159680,0.007423459000165167,True,1280,0,0.0,1024,0.00993975000028513,1.25,1.2385583432581285e-14,4.034204790784294e-13,2032,20.323856383094892,0.00017084867337989495,cutoff_1e-10,complete,0.22242400000004636,0.25072829100008676,1024,1.5893367474596631e-28,1.627480829398695e-25,1.5893367474596631e-28,1.627480829398695e-25,4096,0.01838173785872069,75.29159826931995,0.01838173785872069,75.29159826931995,32768,0.018014991654260633,590.3152465268124,0.07298045800007458,0.018014991654260633,590.3152465268124,complete,complete
5628.446790440627,118958.23351173034,False,1145159680,0.007423459000165167,True,1280,1,0.3,1024,0.00993975000028513,1.25,2.890779047236532e-13,9.602843177705496e-12,2032,20.323856383094892,0.00017084867337989495,cutoff_1e-10,complete,0.22242400000004636,0.25072829100008676,1024,9.005331747617676e-26,9.2214597095605e-23,0.08129337563892496,83.24441665425915,4096,28.331896142025343,116047.4465977358,28.166750935570242,115371.01183209571,32768,26.32604567180873,862651.8645738284,0.07298045800007458,26.23488628848171,859664.7539009687,complete,complete
155.85443502487507,118958.23351173034,False,1145159680,0.007423459000165167,True,1280,0,0.0,1024,0.00993975000028513,1.25,1.2385583432581285e-14,4.034204790784294e-13,2032,20.323856383094892,0.00017084867337989495,cutoff_1e-14,complete,0.22242400000004636,0.25072829100008676,1024,1.5893367474596631e-28,1.627480829398695e-25,1.5893367474596631e-28,1.627480829398695e-25,4096,0.01838173785872069,75.29159826931995,0.01838173785872069,75.29159826931995,32768,0.018014991654260633,590.3152465268124,0.07298045800007458,0.018014991654260633,590.3152465268124,complete,complete
5628.446790440627,118958.23351173034,False,1145159680,0.007423459000165167,True,1280,1,0.3,1024,0.00993975000028513,1.25,2.890779047236532e-13,9.602843177705496e-12,2032,20.323856383094892,0.00017084867337989495,cutoff_1e-14,complete,0.22242400000004636,0.25072829100008676,1024,9.005331747617676e-26,9.2214597095605e-23,0.08129337563892496,83.24441665425915,4096,28.331896142025343,116047.4465977358,28.166750935570242,115371.01183209571,32768,26.32604567180873,862651.8645738284,0.07298045800007458,26.23488628848171,859664.7539009687,complete,complete
102.88891434568744,70199.98173023309,False,1145192448,0.008035666000068886,True,1536,0,0.0,1024,0.011963458000082028,1.5,9.690693220792795e-15,3.1564311225341706e-13,2032,20.26892607964753,0.0002887312158789109,cutoff_1e-10,complete,0.27921691700021256,0.3106823749999421,1024,9.729548272756176e-29,9.963057431302324e-26,9.729548272756176e-29,9.963057431302324e-26,4096,0.00951170560025547,38.95994613864641,0.00951170560025547,38.95994613864641,32768,0.009782381092811094,320.5490636492339,0.09037966699997924,0.009782381092811094,320.5490636492339,complete,complete
3499.056788502925,70199.98173023309,False,1145192448,0.008035666000068886,True,1536,1,0.3,1024,0.011963458000082028,1.5,1.3922051121409034e-13,4.624748949896165e-12,2032,20.26892607964753,0.0002887312158789109,cutoff_1e-10,complete,0.27921691700021256,0.3106823749999421,1024,2.088701450152899e-26,2.1388302849565685e-23,0.08129337563892575,83.24441665425996,4096,20.16191676508905,82583.21106980475,20.05700673280475,82153.49957756826,32768,17.49859708875824,573394.02940443,0.09037966699997924,17.41276265131905,570581.4065584226,complete,complete
102.88891434568744,70199.98173023309,False,1145192448,0.008035666000068886,True,1536,0,0.0,1024,0.011963458000082028,1.5,9.690693220792795e-15,3.1564311225341706e-13,2032,20.26892607964753,0.0002887312158789109,cutoff_1e-14,complete,0.27921691700021256,0.3106823749999421,1024,9.729548272756176e-29,9.963057431302324e-26,9.729548272756176e-29,9.963057431302324e-26,4096,0.00951170560025547,38.95994613864641,0.00951170560025547,38.95994613864641,32768,0.009782381092811094,320.5490636492339,0.09037966699997924,0.009782381092811094,320.5490636492339,complete,complete
3499.056788502925,70199.98173023309,False,1145192448,0.008035666000068886,True,1536,1,0.3,1024,0.011963458000082028,1.5,1.3922051121409034e-13,4.624748949896165e-12,2032,20.26892607964753,0.0002887312158789109,cutoff_1e-14,complete,0.27921691700021256,0.3106823749999421,1024,2.088701450152899e-26,2.1388302849565685e-23,0.08129337563892575,83.24441665425996,4096,20.16191676508905,82583.21106980475,20.05700673280475,82153.49957756826,32768,17.49859708875824,573394.02940443,0.09037966699997924,17.41276265131905,570581.4065584226,complete,complete
64.57523302049808,42803.51035502484,False,1145225216,0.009339541999906942,True,2048,0,0.0,1024,0.016883374999906664,2.0,1.0107418228960914e-14,3.2921658687851254e-13,2032,20.285328938777706,0.0004739174140280844,cutoff_1e-10,complete,0.34516041699998823,0.3850377080002545,1024,1.058433213632199e-28,1.0838356107593718e-25,1.058433213632199e-28,1.0838356107593718e-25,4096,0.008140367604757736,33.34294570908769,0.008140367604757736,33.34294570908769,32768,0.007426154263741418,243.3402229142788,0.12698349999982383,0.007426154263741418,243.3402229142788,complete,complete
2311.6501949381545,42803.51035502484,False,1145225216,0.009339541999906942,True,2048,1,0.3,1024,0.016883374999906664,2.0,1.2088163581318524e-13,4.015552115227247e-12,2032,20.285328938777706,0.0004739174140280844,cutoff_1e-10,complete,0.34516041699998823,0.3850377080002545,1024,1.574673709971291e-26,1.612465879010602e-23,0.08129337563892594,83.24441665426016,4096,13.69498306341276,56094.650627738665,13.573555469184194,55597.28320177846,32768,11.360766886841727,372269.6093480297,0.12698349999982383,11.2763732382042,369504.19826947525,complete,complete
64.57523302049808,42803.51035502484,False,1145225216,0.009339541999906942,True,2048,0,0.0,1024,0.016883374999906664,2.0,1.0107418228960914e-14,3.2921658687851254e-13,2032,20.285328938777706,0.0004739174140280844,cutoff_1e-14,complete,0.34516041699998823,0.3850377080002545,1024,1.058433213632199e-28,1.0838356107593718e-25,1.058433213632199e-28,1.0838356107593718e-25,4096,0.008140367604757736,33.34294570908769,0.008140367604757736,33.34294570908769,32768,0.007426154263741418,243.3402229142788,0.12698349999982383,0.007426154263741418,243.3402229142788,complete,complete
2311.6501949381545,42803.51035502484,False,1145225216,0.009339541999906942,True,2048,1,0.3,1024,0.016883374999906664,2.0,1.2088163581318524e-13,4.015552115227247e-12,2032,20.285328938777706,0.0004739174140280844,cutoff_1e-14,complete,0.34516041699998823,0.3850377080002545,1024,1.574673709971291e-26,1.612465879010602e-23,0.08129337563892594,83.24441665426016,4096,13.69498306341276,56094.650627738665,13.573555469184194,55597.28320177846,32768,11.360766886841727,372269.6093480297,0.12698349999982383,11.2763732382042,369504.19826947525,complete,complete
40.65273828822235,31038.9749324051,False,1145274368,0.010738749999745778,True,3072,0,0.0,1024,0.020350459000383125,3.0,5.1027054377153804e-15,1.6620419082270274e-13,2032,20.436181989068984,0.0006584038948958118,cutoff_1e-10,complete,0.514952166999592,0.5655590420001317,1024,2.697639945998964e-29,2.762383304702939e-26,2.697639945998964e-29,2.762383304702939e-26,4096,0.004513550997631819,18.48750488629993,0.004513550997631819,18.48750488629993,32768,0.004044625599613229,132.5342916481263,0.1625518750001902,0.004044625599613229,132.5342916481263,complete,complete
1560.0873423262356,31038.9749324051,False,1145274368,0.010738749999745778,True,3072,1,0.3,1024,0.020350459000383125,3.0,8.128091727087945e-14,2.7000607418905387e-12,2032,20.436181989068984,0.0006584038948958118,cutoff_1e-10,complete,0.514952166999592,0.5655590420001317,1024,7.119460947166491e-27,7.290328009898487e-24,0.08129337563892541,83.24441665425962,4096,8.710292229044047,35677.356970164416,8.604305315528965,35243.23457240664,32768,7.814276275662775,256058.2050009178,0.1625518750001902,7.729190161124425,253270.10319972516,complete,complete
40.65273828822235,31038.9749324051,False,1145274368,0.010738749999745778,True,3072,0,0.0,1024,0.020350459000383125,3.0,5.1027054377153804e-15,1.6620419082270274e-13,2032,20.436181989068984,0.0006584038948958118,cutoff_1e-14,complete,0.514952166999592,0.5655590420001317,1024,2.697639945998964e-29,2.762383304702939e-26,2.697639945998964e-29,2.762383304702939e-26,4096,0.004513550997631819,18.48750488629993,0.004513550997631819,18.48750488629993,32768,0.004044625599613229,132.5342916481263,0.1625518750001902,0.004044625599613229,132.5342916481263,complete,complete
1560.0873423262356,31038.9749324051,False,1145274368,0.010738749999745778,True,3072,1,0.3,1024,0.020350459000383125,3.0,8.128091727087945e-14,2.7000607418905387e-12,2032,20.436181989068984,0.0006584038948958118,cutoff_1e-14,complete,0.514952166999592,0.5655590420001317,1024,7.119460947166491e-27,7.290328009898487e-24,0.08129337563892541,83.24441665425962,4096,8.710292229044047,35677.356970164416,8.604305315528965,35243.23457240664,32768,7.814276275662775,256058.2050009178,0.1625518750001902,7.729190161124425,253270.10319972516,complete,complete
34.01072307035675,25077.502737606534,False,1145356288,0.012119459000132338,True,4096,0,0.0,1024,0.028548958000101265,4.0,6.430469355598452e-15,2.0945182294040964e-13,2032,20.56963000408551,0.0008202423590303925,cutoff_1e-10,complete,0.6755393749999712,0.7409179999999651,1024,4.28418614580671e-29,4.387006613306071e-26,4.28418614580671e-29,4.387006613306071e-26,4096,0.003847428846458068,15.759068555092247,0.003847428846458068,15.759068555092247,32768,0.0032899455691078683,107.80493640852663,0.2140960830001859,0.0032899455691078683,107.80493640852663,complete,complete
1282.1792444333637,25077.502737606534,False,1145356288,0.012119459000132338,True,4096,1,0.3,1024,0.028548958000101265,4.0,6.723450100336664e-14,2.2334545764880258e-12,2032,20.56963000408551,0.0008202423590303925,cutoff_1e-10,complete,0.6755393749999712,0.7409179999999651,1024,4.871405610581354e-27,4.988319345235306e-24,0.08129337563892725,83.2444166542615,4096,7.154685906884733,29305.593474599867,7.051945077177739,28884.767036120018,32768,6.709865810679215,219868.88288433652,0.2140960830001859,6.621877729239019,216985.68943170417,complete,complete
34.01072307035675,25077.502737606534,False,1145356288,0.012119459000132338,True,4096,0,0.0,1024,0.028548958000101265,4.0,6.430469355598452e-15,2.0945182294040964e-13,2032,20.56963000408551,0.0008202423590303925,cutoff_1e-14,complete,0.6755393749999712,0.7409179999999651,1024,4.28418614580671e-29,4.387006613306071e-26,4.28418614580671e-29,4.387006613306071e-26,4096,0.003847428846458068,15.759068555092247,0.003847428846458068,15.759068555092247,32768,0.0032899455691078683,107.80493640852663,0.2140960830001859,0.0032899455691078683,107.80493640852663,complete,complete
1282.1792444333637,25077.502737606534,False,1145356288,0.012119459000132338,True,4096,1,0.3,1024,0.028548958000101265,4.0,6.723450100336664e-14,2.2334545764880258e-12,2032,20.56963000408551,0.0008202423590303925,cutoff_1e-14,complete,0.6755393749999712,0.7409179999999651,1024,4.871405610581354e-27,4.988319345235306e-24,0.08129337563892725,83.2444166542615,4096,7.154685906884733,29305.593474599867,7.051945077177739,28884.767036120018,32768,6.709865810679215,219868.88288433652,0.2140960830001859,6.621877729239019,216985.68943170417,complete,complete
29.209585999305816,18259.156574410248,False,1145405440,0.019345624999914435,True,8192,0,0.0,1024,0.056414958000004845,8.0,1.2438230047283872e-14,4.0513527294670243e-13,2032,20.72538035173314,0.001135067781870015,cutoff_1e-10,complete,1.3331337919998987,1.4594283750002432,1024,1.602876849468741e-28,1.6413458938559909e-25,1.602876849468741e-28,1.6413458938559909e-25,4096,0.003745317632765502,15.340821023807496,0.003745317632765502,15.340821023807496,32768,0.0033383866214981776,109.39225281325228,0.43444687500004875,0.0033383866214981776,109.39225281325228,complete,complete
949.8147241269791,18259.156574410248,False,1145405440,0.019345624999914435,True,8192,1,0.3,1024,0.056414958000004845,8.0,6.753684440099539e-14,2.2434980844345046e-12,2032,20.72538035173314,0.001135067781870015,cutoff_1e-10,complete,1.3331337919998987,1.4594283750002432,1024,4.9153160692004794e-27,5.033283654861291e-24,0.08129337563892569,83.24441665425991,4096,5.280121617910254,21627.3781469604,5.174357649286415,21194.168931477157,32768,4.881999941456224,159973.37408163754,0.43444687500004875,4.792021464552683,157024.9593504623,complete,complete
29.209585999305816,18259.156574410248,False,1145405440,0.019345624999914435,True,8192,0,0.0,1024,0.056414958000004845,8.0,1.2438230047283872e-14,4.0513527294670243e-13,2032,20.72538035173314,0.001135067781870015,cutoff_1e-14,complete,1.3331337919998987,1.4594283750002432,1024,1.602876849468741e-28,1.6413458938559909e-25,1.602876849468741e-28,1.6413458938559909e-25,4096,0.003745317632765502,15.340821023807496,0.003745317632765502,15.340821023807496,32768,0.0033383866214981776,109.39225281325228,0.43444687500004875,0.0033383866214981776,109.39225281325228,complete,complete
949.8147241269791,18259.156574410248,False,1145405440,0.019345624999914435,True,8192,1,0.3,1024,0.056414958000004845,8.0,6.753684440099539e-14,2.2434980844345046e-12,2032,20.72538035173314,0.001135067781870015,cutoff_1e-14,complete,1.3331337919998987,1.4594283750002432,1024,4.9153160692004794e-27,5.033283654861291e-24,0.08129337563892569,83.24441665425991,4096,5.280121617910254,21627.3781469604,5.174357649286415,21194.168931477157,32768,4.881999941456224,159973.37408163754,0.43444687500004875,4.792021464552683,157024.9593504623,complete,complete
10.537520837204063,65.09389503000683,False,1145438208,0.005329875000370521,False,64,0,0.0,64,0.0007231670001601742,0.0625,0.31348571169989,10.21078713704608,2033,21.23070492406332,0.3261550858844203,cutoff_1e-10,complete,0.002440416999888839,0.014024124999650667,1024,0.10181657613092354,104.2601739580657,0.10181657613092354,104.2601739580657,4096,0.1483154084527189,607.4999130223366,0.1483154084527189,607.4999130223366,32768,0.14204159438096564,4654.418964675482,0.008235624999997526,0.14204159438096564,4654.418964675482,complete,complete
10.5648556585661,65.09389503000683,False,1145438208,0.005329875000370521,False,64,1,0.3,64,0.0007231670001601742,0.0625,0.39411858539042377,13.092176562374606,2033,21.23070492406332,0.3261550858844203,cutoff_1e-10,complete,0.002440416999888839,0.014024124999650667,1024,0.16738778041053823,171.40508714039115,0.1092491114137886,111.87109008771952,4096,0.24886468259494354,1019.3497399088888,0.1558527216080322,638.3727477064999,32768,0.24246558902680737,7945.112421230424,0.008235624999997526,0.15072542295286218,4938.970659319388,complete,complete
10.537520837204063,65.09389503000683,False,1145438208,0.005329875000370521,False,64,0,0.0,64,0.0007231670001601742,0.0625,0.31348571169989,10.21078713704608,2033,21.23070492406332,0.3261550858844203,cutoff_1e-14,complete,0.002440416999888839,0.014024124999650667,1024,0.10181657613092354,104.2601739580657,0.10181657613092354,104.2601739580657,4096,0.1483154084527189,607.4999130223366,0.1483154084527189,607.4999130223366,32768,0.14204159438096564,4654.418964675482,0.008235624999997526,0.14204159438096564,4654.418964675482,complete,complete
10.5648556585661,65.09389503000683,False,1145438208,0.005329875000370521,False,64,1,0.3,64,0.0007231670001601742,0.0625,0.39411858539042377,13.092176562374606,2033,21.23070492406332,0.3261550858844203,cutoff_1e-14,complete,0.002440416999888839,0.014024124999650667,1024,0.16738778041053823,171.40508714039115,0.1092491114137886,111.87109008771952,4096,0.24886468259494354,1019.3497399088888,0.1558527216080322,638.3727477064999,32768,0.24246558902680737,7945.112421230424,0.008235624999997526,0.15072542295286218,4938.970659319388,complete,complete
18.329436876401115,203.4895879598381,False,1145454592,0.004941624999901251,False,128,0,0.0,128,0.0012479580000217538,0.125,0.2288300765042398,7.453402546064373,2033,20.696308719446872,0.10170696656740795,cutoff_1e-10,complete,0.006743041999925481,0.018271292000008543,1024,0.054251181165702086,55.55320951367894,0.054251181165702086,55.55320951367894,4096,0.10973893799157416,449.4906900134878,0.10973893799157416,449.4906900134878,32768,0.10421159338561094,3414.805492059699,0.011629791999894223,0.10421159338561094,3414.805492059699,complete,complete
20.134642160267344,203.4895879598381,False,1145454592,0.004941624999901251,False,128,1,0.3,128,0.0012479580000217538,0.125,0.337863225632253,11.223436721536412,2033,20.696308719446872,0.10170696656740795,cutoff_1e-10,complete,0.006743041999925481,0.018271292000008543,1024,0.12301321468977741,125.96553184233207,0.06870614277635864,70.35509020299125,4096,0.22137653167639354,906.7582737465079,0.1299170670958772,532.140306824713,32768,0.2186995655405034,7166.347363631216,0.011629791999894223,0.12669007443079733,4151.380358948367,complete,complete
18.329436876401115,203.4895879598381,False,1145454592,0.004941624999901251,False,128,0,0.0,128,0.0012479580000217538,0.125,0.2288300765042398,7.453402546064373,2033,20.696308719446872,0.10170696656740795,cutoff_1e-14,complete,0.006743041999925481,0.018271292000008543,1024,0.054251181165702086,55.55320951367894,0.054251181165702086,55.55320951367894,4096,0.10973893799157416,449.4906900134878,0.10973893799157416,449.4906900134878,32768,0.10421159338561094,3414.805492059699,0.011629791999894223,0.10421159338561094,3414.805492059699,complete,complete
20.134642160267344,203.4895879598381,False,1145454592,0.004941624999901251,False,128,1,0.3,128,0.0012479580000217538,0.125,0.337863225632253,11.223436721536412,2033,20.696308719446872,0.10170696656740795,cutoff_1e-14,complete,0.006743041999925481,0.018271292000008543,1024,0.12301321468977741,125.96553184233207,0.06870614277635864,70.35509020299125,4096,0.22137653167639354,906.7582737465079,0.1299170670958772,532.140306824713,32768,0.2186995655405034,7166.347363631216,0.011629791999894223,0.12669007443079733,4151.380358948367,complete,complete
63.758904155570484,950.5293557144531,False,1145470976,0.005453583999951661,False,256,0,0.0,256,0.0021918340003139747,0.25,0.106918614761406,3.4825294282046624,2033,20.92504127285078,0.02201409261802624,cutoff_1e-10,complete,0.016976832999716862,0.030478749999929278,1024,0.011843760955382313,12.128011218311489,0.011843760955382313,12.128011218311489,4096,0.05084683339090716,208.26862956915573,0.05084683339090716,208.26862956915573,32768,0.042718104610894994,1399.7868518898072,0.01758074999997916,0.042718104610894994,1399.7868518898072,complete,complete
76.43127454897656,950.5293557144531,False,1145470976,0.005453583999951661,False,256,1,0.3,256,0.0021918340003139747,0.25,0.25745311266816373,8.552303120253768,2033,20.92504127285078,0.02201409261802624,cutoff_1e-10,complete,0.016976832999716862,0.030478749999929278,1024,0.07142762564521701,73.14188866070222,0.03540260806497565,36.25227065853507,4096,0.19126165345303475,783.4077325436303,0.10581896761247594,433.43449134070147,32768,0.18575049068111782,6086.672078638869,0.01758074999997916,0.09214093493961503,3019.2741561013054,complete,complete
63.758904155570484,950.5293557144531,False,1145470976,0.005453583999951661,False,256,0,0.0,256,0.0021918340003139747,0.25,0.106918614761406,3.4825294282046624,2033,20.92504127285078,0.02201409261802624,cutoff_1e-14,complete,0.016976832999716862,0.030478749999929278,1024,0.011843760955382313,12.128011218311489,0.011843760955382313,12.128011218311489,4096,0.05084683339090716,208.26862956915573,0.05084683339090716,208.26862956915573,32768,0.042718104610894994,1399.7868518898072,0.01758074999997916,0.042718104610894994,1399.7868518898072,complete,complete
76.43127454897656,950.5293557144531,False,1145470976,0.005453583999951661,False,256,1,0.3,256,0.0021918340003139747,0.25,0.25745311266816373,8.552303120253768,2033,20.92504127285078,0.02201409261802624,cutoff_1e-14,complete,0.016976832999716862,0.030478749999929278,1024,0.07142762564521701,73.14188866070222,0.03540260806497565,36.25227065853507,4096,0.19126165345303475,783.4077325436303,0.10581896761247594,433.43449134070147,32768,0.18575049068111782,6086.672078638869,0.01758074999997916,0.09214093493961503,3019.2741561013054,complete,complete
78.955601179518,2569.375878929623,False,1145487360,0.006385208000210696,False,384,0,0.0,384,0.0029263329997775145,0.375,0.04830833536517588,1.5734883950024037,2033,20.657461708569006,0.008039875316792771,cutoff_1e-10,complete,0.028997082999921986,0.04406033299983392,1024,0.0024178376261789467,2.4758657292072415,0.0024178376261789467,2.4758657292072415,4096,0.024960505451315194,102.23823032858704,0.024960505451315194,102.23823032858704,32768,0.021541789474273182,705.8813574929836,0.023286208000172337,0.021541789474273182,705.8813574929836,complete,complete
150.56031245594443,2569.375878929623,False,1145487360,0.006385208000210696,False,384,1,0.3,384,0.0029263329997775145,0.375,0.21647169520453383,7.190946480148305,2033,20.657461708569006,0.008039875316792771,cutoff_1e-10,complete,0.028997082999921986,0.04406033299983392,1024,0.05049776492222393,51.709711280357304,0.03590679397476039,36.76855703015464,4096,0.2285838931481547,936.2796263348416,0.13915191667030863,569.9662506815841,32768,0.22142572281286724,7255.678085132034,0.023286208000172337,0.1290722582694038,4229.439758971824,complete,complete
78.955601179518,2569.375878929623,False,1145487360,0.006385208000210696,False,384,0,0.0,384,0.0029263329997775145,0.375,0.04830833536517588,1.5734883950024037,2033,20.657461708569006,0.008039875316792771,cutoff_1e-14,complete,0.028997082999921986,0.04406033299983392,1024,0.0024178376261789467,2.4758657292072415,0.0024178376261789467,2.4758657292072415,4096,0.024960505451315194,102.23823032858704,0.024960505451315194,102.23823032858704,32768,0.021541789474273182,705.8813574929836,0.023286208000172337,0.021541789474273182,705.8813574929836,complete,complete
150.56031245594443,2569.375878929623,False,1145487360,0.006385208000210696,False,384,1,0.3,384,0.0029263329997775145,0.375,0.21647169520453383,7.190946480148305,2033,20.657461708569006,0.008039875316792771,cutoff_1e-14,complete,0.028997082999921986,0.04406033299983392,1024,0.05049776492222393,51.709711280357304,0.03590679397476039,36.76855703015464,4096,0.2285838931481547,936.2796263348416,0.13915191667030863,569.9662506815841,32768,0.22142572281286724,7255.678085132034,0.023286208000172337,0.1290722582694038,4229.439758971824,complete,complete
85.55855830306531,6514.185298746788,False,1145487360,0.006300375000137137,False,512,0,0.0,512,0.0038538750000043365,0.5,0.02749394980077592,0.8955268406016219,2033,20.75188282931056,0.003185645154015322,cutoff_1e-10,complete,0.04938604199969632,0.06611679199977516,1024,0.0007831721896854717,0.801968322237923,0.0007831721896854717,0.801968322237923,4096,0.015121636723614211,61.93822401992381,0.015121636723614211,61.93822401992381,32768,0.01346063444338855,441.078069440956,0.0303253750003023,0.01346063444338855,441.078069440956,complete,complete
379.6416042679079,6514.185298746788,False,1145487360,0.006300375000137137,False,512,1,0.3,512,0.0038538750000043365,0.5,0.19136496006383716,6.3569289495079895,2033,20.75188282931056,0.003185645154015322,cutoff_1e-10,complete,0.04938604199969632,0.06611679199977516,1024,0.03946342350497343,40.41054566909279,0.04330766043915314,44.34704428969282,4096,0.34025130576206264,1393.6693484014086,0.2548900691778183,1044.0297233523438,32768,0.3307295447813273,10837.345723394534,0.0303253750003023,0.23747731923718104,7781.6567967639485,complete,complete
85.55855830306531,6514.185298746788,False,1145487360,0.006300375000137137,False,512,0,0.0,512,0.0038538750000043365,0.5,0.02749394980077592,0.8955268406016219,2033,20.75188282931056,0.003185645154015322,cutoff_1e-14,complete,0.04938604199969632,0.06611679199977516,1024,0.0007831721896854717,0.801968322237923,0.0007831721896854717,0.801968322237923,4096,0.015121636723614211,61.93822401992381,0.015121636723614211,61.93822401992381,32768,0.01346063444338855,441.078069440956,0.0303253750003023,0.01346063444338855,441.078069440956,complete,complete
379.6416042679079,6514.185298746788,False,1145487360,0.006300375000137137,False,512,1,0.3,512,0.0038538750000043365,0.5,0.19136496006383716,6.3569289495079895,2033,20.75188282931056,0.003185645154015322,cutoff_1e-14,complete,0.04938604199969632,0.06611679199977516,1024,0.03946342350497343,40.41054566909279,0.04330766043915314,44.34704428969282,4096,0.34025130576206264,1393.6693484014086,0.2548900691778183,1044.0297233523438,32768,0.3307295447813273,10837.345723394534,0.0303253750003023,0.23747731923718104,7781.6567967639485,complete,complete
213.39753323795884,45492.576284411974,False,1145503744,0.006412041000203317,False,768,0,0.0,768,0.005617416999939451,0.75,0.008647404191821013,0.2816613331813149,2033,21.048740087288913,0.00046268516330435344,cutoff_1e-10,complete,0.09226583399959054,0.11197012499997072,1024,7.747373692331607e-05,0.07933310660947565,7.747373692331607e-05,0.07933310660947565,4096,0.017740586308729645,72.66544152055663,0.017740586308729645,72.66544152055663,32768,0.017062383819046508,559.100192982516,0.04324237499986339,0.017062383819046508,559.100192982516,complete,complete
2275.2516960020866,45492.576284411974,False,1145503744,0.006412041000203317,False,768,1,0.3,768,0.005617416999939451,0.75,0.13027472844291932,4.32758009800658,2033,21.048740087288913,0.00046268516330435344,cutoff_1e-10,complete,0.09226583399959054,0.11197012499997072,1024,0.018289013188147074,18.727949504662604,0.06303109974017397,64.54384613393815,4096,1.9922808019906424,8160.382164953671,1.901524122010973,7788.642803756946,32768,2.256282541549028,73933.86632147855,0.04324237499986339,2.1660002287546885,70975.49549583363,complete,complete
213.39753323795884,45492.576284411974,False,1145503744,0.006412041000203317,False,768,0,0.0,768,0.005617416999939451,0.75,0.008647404191821013,0.2816613331813149,2033,21.048740087288913,0.00046268516330435344,cutoff_1e-14,complete,0.09226583399959054,0.11197012499997072,1024,7.747373692331607e-05,0.07933310660947565,7.747373692331607e-05,0.07933310660947565,4096,0.017740586308729645,72.66544152055663,0.017740586308729645,72.66544152055663,32768,0.017062383819046508,559.100192982516,0.04324237499986339,0.017062383819046508,559.100192982516,complete,complete
2275.2516960020866,45492.576284411974,False,1145503744,0.006412041000203317,False,768,1,0.3,768,0.005617416999939451,0.75,0.13027472844291932,4.32758009800658,2033,21.048740087288913,0.00046268516330435344,cutoff_1e-14,complete,0.09226583399959054,0.11197012499997072,1024,0.018289013188147074,18.727949504662604,0.06303109974017397,64.54384613393815,4096,1.9922808019906424,8160.382164953671,1.901524122010973,7788.642803756946,32768,2.256282541549028,73933.86632147855,0.04324237499986339,2.1660002287546885,70975.49549583363,complete,complete
436.207547957422,128105.30911702444,False,1145569280,0.0064116670000657905,False,896,0,0.0,896,0.006777708000299754,0.875,0.0041798541088598085,0.13614528183132474,2033,21.01961804454575,0.00016408077221330688,cutoff_1e-10,complete,0.12044479199994385,0.14373487500006377,1024,1.8101111098565286e-05,0.018535537764930853,1.8101111098565286e-05,0.018535537764930853,4096,0.02800732522471066,114.71800412041486,0.02800732522471066,114.71800412041486,32768,0.0304041728913423,996.2839373035044,0.049071583000113606,0.0304041728913423,996.2839373035044,complete,complete
5354.829845933331,128105.30911702444,False,1145569280,0.0064116670000657905,False,896,1,0.3,896,0.006777708000299754,0.875,0.09126379656783601,3.0316807750517687,2033,21.01961804454575,0.00016408077221330688,cutoff_1e-10,complete,0.12044479199994385,0.14373487500006377,1024,0.008975672189275873,9.191088321818494,0.0722534172524865,73.98749926654618,4096,7.975830716190529,32669.002613516408,7.8769074737810865,32263.81301260733,32768,7.8435680040510025,257018.03635674325,0.049071583000113606,7.757517725045188,254198.34081428073,complete,complete
436.207547957422,128105.30911702444,False,1145569280,0.0064116670000657905,False,896,0,0.0,896,0.006777708000299754,0.875,0.0041798541088598085,0.13614528183132474,2033,21.01961804454575,0.00016408077221330688,cutoff_1e-14,complete,0.12044479199994385,0.14373487500006377,1024,1.8101111098565286e-05,0.018535537764930853,1.8101111098565286e-05,0.018535537764930853,4096,0.02800732522471066,114.71800412041486,0.02800732522471066,114.71800412041486,32768,0.0304041728913423,996.2839373035044,0.049071583000113606,0.0304041728913423,996.2839373035044,complete,complete
5354.829845933331,128105.30911702444,False,1145569280,0.0064116670000657905,False,896,1,0.3,896,0.006777708000299754,0.875,0.09126379656783601,3.0316807750517687,2033,21.01961804454575,0.00016408077221330688,cutoff_1e-14,complete,0.12044479199994385,0.14373487500006377,1024,0.008975672189275873,9.191088321818494,0.0722534172524865,73.98749926654618,4096,7.975830716190529,32669.002613516408,7.8769074737810865,32263.81301260733,32768,7.8435680040510025,257018.03635674325,0.049071583000113606,7.757517725045188,254198.34081428073,complete,complete
734.9441717598879,298987.01289835555,False,1145602048,0.00672549999990224,False,960,0,0.0,960,0.00751691599998594,0.9375,0.0024446838928879736,0.07962770204831959,2033,20.983017058425656,7.018036286933673e-05,cutoff_1e-10,complete,0.13342895799996768,0.15734895800005688,1024,6.191963802242151e-06,0.006340570933495963,6.191963802242151e-06,0.006340570933495963,4096,0.06105714765304262,250.09007678686257,0.06105714765304262,250.09007678686257,32768,0.06558355153945222,2149.0418168447704,0.053179666999767505,0.06558355153945222,2149.0418168447704,complete,complete
13826.061967479753,298987.01289835555,False,1145602048,0.00672549999990224,False,960,1,0.3,960,0.00751691599998594,0.9375,0.057749078433271185,1.918359496834773,2033,20.983017058425656,7.018036286933673e-05,cutoff_1e-10,complete,0.13342895799996768,0.15734895800005688,1024,0.003593850741304849,3.6801031590961655,0.07763510287911052,79.49834534820917,4096,37.75908712312099,154661.22085630358,37.6431752677056,154186.44589652214,32768,33.17053960188913,1086932.241674703,0.053179666999767505,33.07702083434532,1083867.8186998274,complete,complete
734.9441717598879,298987.01289835555,False,1145602048,0.00672549999990224,False,960,0,0.0,960,0.00751691599998594,0.9375,0.0024446838928879736,0.07962770204831959,2033,20.983017058425656,7.018036286933673e-05,cutoff_1e-14,complete,0.13342895799996768,0.15734895800005688,1024,6.191963802242151e-06,0.006340570933495963,6.191963802242151e-06,0.006340570933495963,4096,0.06105714765304262,250.09007678686257,0.06105714765304262,250.09007678686257,32768,0.06558355153945222,2149.0418168447704,0.053179666999767505,0.06558355153945222,2149.0418168447704,complete,complete
13826.061967479753,298987.01289835555,False,1145602048,0.00672549999990224,False,960,1,0.3,960,0.00751691599998594,0.9375,0.057749078433271185,1.918359496834773,2033,20.983017058425656,7.018036286933673e-05,cutoff_1e-14,complete,0.13342895799996768,0.15734895800005688,1024,0.003593850741304849,3.6801031590961655,0.07763510287911052,79.49834534820917,4096,37.75908712312099,154661.22085630358,37.6431752677056,154186.44589652214,32768,33.17053960188913,1086932.241674703,0.053179666999767505,33.07702083434532,1083867.8186998274,complete,complete
866.3378797609471,710725.916238862,False,1145651200,0.006924708000042301,False,992,0,0.0,992,0.0074591249999684806,0.96875,0.0015598551109631917,0.05080725503025895,2033,20.957346689627805,2.9487241439756958e-05,cutoff_1e-10,complete,0.13981849999981932,0.16313404199991055,1024,2.5208761364353268e-06,0.0025813771637097746,2.5208761364353268e-06,0.0025813771637097746,4096,0.10116006605236338,414.3516305504804,0.10116006605236338,414.3516305504804,32768,0.10060649530354833,3296.6736381066717,0.05566862499972558,0.10060649530354833,3296.6736381066717,complete,complete
17993.49768887521,710725.916238862,False,1145651200,0.006924708000042301,False,992,1,0.3,992,0.0074591249999684806,0.96875,0.04722434218369753,1.5687395845554708,2033,20.957346689627805,2.9487241439756958e-05,cutoff_1e-10,complete,0.13981849999981932,0.16313404199991055,1024,0.0024032655118664736,2.460943884151269,0.07888673396930164,80.78001558456488,4096,55.9998495191553,229375.3836304601,55.83272243775846,228690.83110505866,32768,59.684442340479606,1955739.8066128357,0.05566862499972558,59.59525480572893,1952817.3094741255,complete,complete
866.3378797609471,710725.916238862,False,1145651200,0.006924708000042301,False,992,0,0.0,992,0.0074591249999684806,0.96875,0.0015598551109631917,0.05080725503025895,2033,20.957346689627805,2.9487241439756958e-05,cutoff_1e-14,complete,0.13981849999981932,0.16313404199991055,1024,2.5208761364353268e-06,0.0025813771637097746,2.5208761364353268e-06,0.0025813771637097746,4096,0.10116006605236338,414.3516305504804,0.10116006605236338,414.3516305504804,32768,0.10060649530354833,3296.6736381066717,0.05566862499972558,0.10060649530354833,3296.6736381066717,complete,complete
17993.49768887521,710725.916238862,False,1145651200,0.006924708000042301,False,992,1,0.3,992,0.0074591249999684806,0.96875,0.04722434218369753,1.5687395845554708,2033,20.957346689627805,2.9487241439756958e-05,cutoff_1e-14,complete,0.13981849999981932,0.16313404199991055,1024,0.0024032655118664736,2.460943884151269,0.07888673396930164,80.78001558456488,4096,55.9998495191553,229375.3836304601,55.83272243775846,228690.83110505866,32768,59.684442340479606,1955739.8066128357,0.05566862499972558,59.59525480572893,1952817.3094741255,complete,complete
8914.132020840127,50886743.63280832,False,1145667584,0.007465666999905807,False,1023,0,0.0,1023,0.009170124999855034,0.9990234375,0.0001285891607354946,0.004188377649755575,2033,20.89620779763561,4.106414815697335e-07,cutoff_1e-10,complete,0.16771974999983286,0.19463529099994048,1024,1.7131354821261755e-08,1.7542507336972037e-05,1.7131354821261755e-08,1.7542507336972037e-05,4096,9.597015082428545,39309.37377762732,9.597015082428545,39309.37377762732,32768,9.924300466930472,325199.4777003777,0.0677323750001051,9.924300466930472,325199.4777003777,complete,complete
122073.42507565042,50886743.63280832,False,1145667584,0.007465666999905807,False,1023,1,0.3,1023,0.009170124999855034,0.9990234375,8.336739584861286e-06,0.00027693712158085286,2033,20.89620779763561,4.106414815697335e-07,cutoff_1e-10,complete,0.16771974999983286,0.19463529099994048,1024,7.489664971629694e-11,7.669416930948807e-08,0.08129337782960096,83.24441889751138,4096,2167.954666250817,8879942.312963346,2168.4445060060198,8881948.696600657,32768,2173.463508632417,71220052.25086704,0.0677323750001051,2173.2973753252804,71214608.39465879,complete,complete
8914.132020840127,50886743.63280832,False,1145667584,0.007465666999905807,False,1023,0,0.0,1023,0.009170124999855034,0.9990234375,0.0001285891607354946,0.004188377649755575,2033,20.89620779763561,4.106414815697335e-07,cutoff_1e-14,complete,0.16771974999983286,0.19463529099994048,1024,1.7131354821261755e-08,1.7542507336972037e-05,1.7131354821261755e-08,1.7542507336972037e-05,4096,9.597015082428545,39309.37377762732,9.597015082428545,39309.37377762732,32768,9.924300466930472,325199.4777003777,0.0677323750001051,9.924300466930472,325199.4777003777,complete,complete
122073.42507565042,50886743.63280832,False,1145667584,0.007465666999905807,False,1023,1,0.3,1023,0.009170124999855034,0.9990234375,8.336739584861286e-06,0.00027693712158085286,2033,20.89620779763561,4.106414815697335e-07,cutoff_1e-14,complete,0.16771974999983286,0.19463529099994048,1024,7.489664971629694e-11,7.669416930948807e-08,0.08129337782960096,83.24441889751138,4096,2167.954666250817,8879942.312963346,2168.4445060060198,8881948.696600657,32768,2173.463508632417,71220052.25086704,0.0677323750001051,2173.2973753252804,71214608.39465879,complete,complete
31579.419193382386,207285982.91777804,False,1145683968,0.007021667000117304,True,1024,0,0.0,1024,0.00777404199970988,1.0,1.4344638275213825e-12,4.67230379311044e-11,2033,20.891860637429936,1.00787618841149e-07,cutoff_1e-10,complete,0.16494104100002005,0.18979154099997686,1024,2.131877220225997e-24,2.1830422735114208e-21,2.131877220225997e-24,2.1830422735114208e-21,4096,127.7462498070401,523248.63920963625,127.7462498070401,523248.63920963625,32768,130.96283168250466,4291390.068572313,0.06030341700034114,130.96283168250466,4291390.068572313,complete,complete
121559.9144371344,207285982.91777804,False,1145683968,0.007021667000117304,True,1024,1,0.3,1024,0.00777404199970988,1.0,5.997290998271951e-12,1.992232682138924e-10,2033,20.891860637429936,1.00787618841149e-07,cutoff_1e-10,complete,0.16494104100002005,0.18979154099997686,1024,3.8759678318188e-23,3.968991059782451e-20,0.08129337563896441,83.24441665429956,4096,2163.2444256705494,8860649.16754657,2163.725028400552,8862617.716328662,32768,2163.3079142753586,70887273.73497495,0.06030341700034114,2163.1411531280146,70881809.30569878,complete,complete
31579.419193382386,207285982.91777804,False,1145683968,0.007021667000117304,True,1024,0,0.0,1024,0.00777404199970988,1.0,1.4344638275213825e-12,4.67230379311044e-11,2033,20.891860637429936,1.00787618841149e-07,cutoff_1e-14,complete,0.16494104100002005,0.18979154099997686,1024,2.131877220225997e-24,2.1830422735114208e-21,2.131877220225997e-24,2.1830422735114208e-21,4096,127.7462498070401,523248.63920963625,127.7462498070401,523248.63920963625,32768,130.96283168250466,4291390.068572313,0.06030341700034114,130.96283168250466,4291390.068572313,complete,complete
121559.9144371344,207285982.91777804,False,1145683968,0.007021667000117304,True,1024,1,0.3,1024,0.00777404199970988,1.0,5.997290998271951e-12,1.992232682138924e-10,2033,20.891860637429936,1.00787618841149e-07,cutoff_1e-14,complete,0.16494104100002005,0.18979154099997686,1024,3.8759678318188e-23,3.968991059782451e-20,0.08129337563896441,83.24441665429956,4096,2163.2444256705494,8860649.16754657,2163.725028400552,8862617.716328662,32768,2163.3079142753586,70887273.73497495,0.06030341700034114,2163.1411531280146,70881809.30569878,complete,complete
2319.9200119240704,11955986.66917872,False,1145700352,0.007269333000294864,True,1025,0,0.0,1024,0.009104958000079932,1.0009765625,1.071618630482953e-13,3.490452457504497e-12,2033,20.88457255990557,1.746787876047387e-06,cutoff_1e-10,complete,0.17601550000017596,0.2020073329999832,1024,1.1897713240331232e-26,1.2183258358099182e-23,1.1897713240331232e-26,1.2183258358099182e-23,4096,0.92409592029015,3785.0968895084543,0.92409592029015,3785.0968895084543,32768,0.883897048603499,28963.538488639457,0.0695184170003813,0.883897048603499,28963.538488639457,complete,complete
118325.58575752997,11955986.66917872,False,1145700352,0.007269333000294864,True,1025,1,0.3,1024,0.009104958000079932,1.0009765625,5.087363005401066e-12,1.6899648271502656e-10,2033,20.88457255990557,1.746787876047387e-06,cutoff_1e-10,complete,0.17601550000017596,0.2020073329999832,1024,2.789044059575222e-23,2.855981117005027e-20,0.08129337563895472,83.24441665428964,4096,2186.7964805791576,8957118.38445223,2187.1773171947434,8958678.291229669,32768,2135.3553639136817,69971324.56472352,0.0695184170003813,2135.183055545551,69965678.36411661,complete,complete
2319.9200119240704,11955986.66917872,False,1145700352,0.007269333000294864,True,1025,0,0.0,1024,0.009104958000079932,1.0009765625,1.071618630482953e-13,3.490452457504497e-12,2033,20.88457255990557,1.746787876047387e-06,cutoff_1e-14,complete,0.17601550000017596,0.2020073329999832,1024,1.1897713240331232e-26,1.2183258358099182e-23,1.1897713240331232e-26,1.2183258358099182e-23,4096,0.92409592029015,3785.0968895084543,0.92409592029015,3785.0968895084543,32768,0.883897048603499,28963.538488639457,0.0695184170003813,0.883897048603499,28963.538488639457,complete,complete
118325.58575752997,11955986.66917872,False,1145700352,0.007269333000294864,True,1025,1,0.3,1024,0.009104958000079932,1.0009765625,5.087363005401066e-12,1.6899648271502656e-10,2033,20.88457255990557,1.746787876047387e-06,cutoff_1e-14,complete,0.17601550000017596,0.2020073329999832,1024,2.789044059575222e-23,2.855981117005027e-20,0.08129337563895472,83.24441665428964,4096,2186.7964805791576,8957118.38445223,2187.1773171947434,8958678.291229669,32768,2135.3553639136817,69971324.56472352,0.0695184170003813,2135.183055545551,69965678.36411661,complete,complete
688.3331719115305,769652.6346573863,False,1145733120,0.007485041999643727,True,1056,0,0.0,1024,0.007965875000081724,1.03125,3.3276713793399995e-14,1.0838817479824926e-12,2033,20.917418740343088,2.7177739409226542e-05,cutoff_1e-10,complete,0.18249533300013354,0.2079503750001095,1024,1.1472652769624838e-27,1.1747996436095834e-24,1.1472652769624838e-27,1.1747996436095834e-24,4096,0.09581361522481822,392.45256796085545,0.09581361522481822,392.45256796085545,32768,0.09663063956326715,3166.392797209138,0.05988116699973034,0.09663063956326715,3166.392797209138,complete,complete
24053.370671769455,769652.6346573863,False,1145733120,0.007485041999643727,True,1056,1,0.3,1024,0.007965875000081724,1.03125,1.1168566162792652e-12,3.710072185684774e-11,2033,20.917418740343088,2.7177739409226542e-05,cutoff_1e-10,complete,0.18249533300013354,0.2079503750001095,1024,1.3442026975577924e-24,1.3764635622991795e-21,0.08129337563888732,83.24441665422061,4096,128.55781187668475,526572.7974469007,128.4964381075497,526321.4104885235,32768,108.09708227998593,3542125.192150579,0.05988116699973034,107.98893862360588,3538581.5408183173,complete,complete
688.3331719115305,769652.6346573863,False,1145733120,0.007485041999643727,True,1056,0,0.0,1024,0.007965875000081724,1.03125,3.3276713793399995e-14,1.0838817479824926e-12,2033,20.917418740343088,2.7177739409226542e-05,cutoff_1e-14,complete,0.18249533300013354,0.2079503750001095,1024,1.1472652769624838e-27,1.1747996436095834e-24,1.1472652769624838e-27,1.1747996436095834e-24,4096,0.09581361522481822,392.45256796085545,0.09581361522481822,392.45256796085545,32768,0.09663063956326715,3166.392797209138,0.05988116699973034,0.09663063956326715,3166.392797209138,complete,complete
24053.370671769455,769652.6346573863,False,1145733120,0.007485041999643727,True,1056,1,0.3,1024,0.007965875000081724,1.03125,1.1168566162792652e-12,3.710072185684774e-11,2033,20.917418740343088,2.7177739409226542e-05,cutoff_1e-14,complete,0.18249533300013354,0.2079503750001095,1024,1.3442026975577924e-24,1.3764635622991795e-21,0.08129337563888732,83.24441665422061,4096,128.55781187668475,526572.7974469007,128.4964381075497,526321.4104885235,32768,108.09708227998593,3542125.192150579,0.05988116699973034,107.98893862360588,3538581.5408183173,complete,complete
533.4061551990292,429139.00777507963,False,1145782272,0.007411708000290673,True,1088,0,0.0,1024,0.008415125000283297,1.0625,2.1163601212239474e-14,6.893361291004685e-13,2033,20.958821265575068,4.883923597213518e-05,cutoff_1e-10,complete,0.1868487910001022,0.2121946659999594,1024,4.640471668781424e-28,4.751842988832178e-25,4.640471668781424e-28,4.751842988832178e-25,4096,0.06600216914452114,270.3448848159586,0.06600216914452114,270.3448848159586,32768,0.06616573398245239,2168.118771137,0.062004124999930355,0.06616573398245239,2168.118771137,complete,complete
14815.874038892744,429139.00777507963,False,1145782272,0.007411708000290673,True,1088,1,0.3,1024,0.008415125000283297,1.0625,7.963461167579128e-13,2.6453723198635294e-11,2033,20.958821265575068,4.883923597213518e-05,cutoff_1e-10,complete,0.1868487910001022,0.2121946659999594,1024,6.833979209668117e-25,6.997994710700152e-22,0.08129337563890678,83.24441665424054,4096,64.15857826139575,262793.536558677,63.999911942928776,262143.63931823627,32768,66.25917449522024,2171180.6298593767,0.062004124999930355,66.17595449997813,2168453.6770552834,complete,complete
533.4061551990292,429139.00777507963,False,1145782272,0.007411708000290673,True,1088,0,0.0,1024,0.008415125000283297,1.0625,2.1163601212239474e-14,6.893361291004685e-13,2033,20.958821265575068,4.883923597213518e-05,cutoff_1e-14,complete,0.1868487910001022,0.2121946659999594,1024,4.640471668781424e-28,4.751842988832178e-25,4.640471668781424e-28,4.751842988832178e-25,4096,0.06600216914452114,270.3448848159586,0.06600216914452114,270.3448848159586,32768,0.06616573398245239,2168.118771137,0.062004124999930355,0.06616573398245239,2168.118771137,complete,complete
14815.874038892744,429139.00777507963,False,1145782272,0.007411708000290673,True,1088,1,0.3,1024,0.008415125000283297,1.0625,7.963461167579128e-13,2.6453723198635294e-11,2033,20.958821265575068,4.883923597213518e-05,cutoff_1e-14,complete,0.1868487910001022,0.2121946659999594,1024,6.833979209668117e-25,6.997994710700152e-22,0.08129337563890678,83.24441665424054,4096,64.15857826139575,262793.536558677,63.999911942928776,262143.63931823627,32768,66.25917449522024,2171180.6298593767,0.062004124999930355,66.17595449997813,2168453.6770552834,complete,complete
294.7176785255206,201166.56122595828,False,1145798656,0.007217834000130097,True,1152,0,0.0,1024,0.008685833000072307,1.125,1.4418631480594398e-14,4.696404696007477e-13,2033,20.988760878635937,0.00010433523718219016,cutoff_1e-10,complete,0.2006626249999499,0.22619699999995646,1024,2.1539274481133864e-28,2.2056217068681077e-25,2.1539274481133864e-28,2.2056217068681077e-25,4096,0.02922353680922911,119.69960677060243,0.02922353680922911,119.69960677060243,32768,0.029454644102927863,965.1697779647402,0.0659130419999201,0.029454644102927863,965.1697779647402,complete,complete
9746.667645878968,201166.56122595828,False,1145798656,0.007217834000130097,True,1152,1,0.3,1024,0.008685833000072307,1.125,4.828626362350593e-13,1.6040154215768843e-11,2033,20.988760878635937,0.00010433523718219016,cutoff_1e-10,complete,0.2006626249999499,0.22619699999995646,1024,2.512563938141084e-25,2.57286547265647e-22,0.08129337563892991,83.24441665426423,4096,37.53636214565371,153748.9393485976,37.3988498077843,153185.6888126845,32768,42.53520531744945,1393793.6078421837,0.0659130419999201,42.45510437805707,1391168.8602601741,complete,complete
294.7176785255206,201166.56122595828,False,1145798656,0.007217834000130097,True,1152,0,0.0,1024,0.008685833000072307,1.125,1.4418631480594398e-14,4.696404696007477e-13,2033,20.988760878635937,0.00010433523718219016,cutoff_1e-14,complete,0.2006626249999499,0.22619699999995646,1024,2.1539274481133864e-28,2.2056217068681077e-25,2.1539274481133864e-28,2.2056217068681077e-25,4096,0.02922353680922911,119.69960677060243,0.02922353680922911,119.69960677060243,32768,0.029454644102927863,965.1697779647402,0.0659130419999201,0.029454644102927863,965.1697779647402,complete,complete
9746.667645878968,201166.56122595828,False,1145798656,0.007217834000130097,True,1152,1,0.3,1024,0.008685833000072307,1.125,4.828626362350593e-13,1.6040154215768843e-11,2033,20.988760878635937,0.00010433523718219016,cutoff_1e-14,complete,0.2006626249999499,0.22619699999995646,1024,2.512563938141084e-25,2.57286547265647e-22,0.08129337563892991,83.24441665426423,4096,37.53636214565371,153748.9393485976,37.3988498077843,153185.6888126845,32768,42.53520531744945,1393793.6078421837,0.0659130419999201,42.45510437805707,1391168.8602601741,complete,complete
164.52641403242288,120402.75335573695,False,1145831424,0.007494917000258283,True,1280,0,0.0,1024,0.01003549999995812,1.25,1.0338485767564814e-14,3.367428675442939e-13,2033,20.954799655237885,0.0001740392065065631,cutoff_1e-10,complete,0.22294087500040405,0.25174216699997487,1024,1.1073804574409558e-28,1.1339575884195387e-25,1.1073804574409558e-28,1.1339575884195387e-25,4096,0.014793664828782834,60.59485113869449,0.014793664828782834,60.59485113869449,32768,0.014765035743636284,483.82069124747375,0.07467750000023443,0.014765035743636284,483.82069124747375,complete,complete
6282.993139215635,120402.75335573695,False,1145831424,0.007494917000258283,True,1280,1,0.3,1024,0.01003549999995812,1.25,3.411904374069918e-13,1.1333962958131267e-11,2033,20.954799655237885,0.0001740392065065631,cutoff_1e-10,complete,0.22294087500040405,0.25174216699997487,1024,1.2544796517215983e-25,1.2845871633629166e-22,0.08129337563892516,83.24441665425937,4096,28.046188809467846,114877.1893635803,27.97903073840867,114602.10990452192,32768,29.091043037562827,953255.2982548587,0.07467750000023443,29.004733932646985,950427.1215049764,complete,complete
164.52641403242288,120402.75335573695,False,1145831424,0.007494917000258283,True,1280,0,0.0,1024,0.01003549999995812,1.25,1.0338485767564814e-14,3.367428675442939e-13,2033,20.954799655237885,0.0001740392065065631,cutoff_1e-14,complete,0.22294087500040405,0.25174216699997487,1024,1.1073804574409558e-28,1.1339575884195387e-25,1.1073804574409558e-28,1.1339575884195387e-25,4096,0.014793664828782834,60.59485113869449,0.014793664828782834,60.59485113869449,32768,0.014765035743636284,483.82069124747375,0.07467750000023443,0.014765035743636284,483.82069124747375,complete,complete
6282.993139215635,120402.75335573695,False,1145831424,0.007494917000258283,True,1280,1,0.3,1024,0.01003549999995812,1.25,3.411904374069918e-13,1.1333962958131267e-11,2033,20.954799655237885,0.0001740392065065631,cutoff_1e-14,complete,0.22294087500040405,0.25174216699997487,1024,1.2544796517215983e-25,1.2845871633629166e-22,0.08129337563892516,83.24441665425937,4096,28.046188809467846,114877.1893635803,27.97903073840867,114602.10990452192,32768,29.091043037562827,953255.2982548587,0.07467750000023443,29.004733932646985,950427.1215049764,complete,complete
100.68109121749205,74404.24179697302,False,1145864192,0.008034875000248576,True,1536,0,0.0,1024,0.012288917000205402,1.5,1.208614348943406e-14,3.936671876023172e-13,2033,20.873081248896487,0.0002805361730027826,cutoff_1e-10,complete,0.2774763749998783,0.3093587500002286,1024,1.513416548776543e-28,1.5497385459471801e-25,1.513416548776543e-28,1.5497385459471801e-25,4096,0.009607343592013495,39.351679352887274,0.009607343592013495,39.351679352887274,32768,0.009002492862451215,294.9936861168014,0.08890966699982528,0.009002492862451215,294.9936861168014,complete,complete
4038.3145533888605,74404.24179697302,False,1145864192,0.008034875000248576,True,1536,1,0.3,1024,0.012288917000205402,1.5,1.5105061957166366e-13,5.017731856845209e-12,2033,20.873081248896487,0.0002805361730027826,cutoff_1e-10,complete,0.2774763749998783,0.3093587500002286,1024,2.4587532214061782e-26,2.5177632987199264e-23,0.08129337563892461,83.2444166542588,4096,18.581733105798143,76110.7788013492,18.49267767790456,75746.00776869708,32768,18.187650604225496,595972.934999261,0.08890966699982528,18.10831489264703,593373.2624022579,complete,complete
100.68109121749205,74404.24179697302,False,1145864192,0.008034875000248576,True,1536,0,0.0,1024,0.012288917000205402,1.5,1.208614348943406e-14,3.936671876023172e-13,2033,20.873081248896487,0.0002805361730027826,cutoff_1e-14,complete,0.2774763749998783,0.3093587500002286,1024,1.513416548776543e-28,1.5497385459471801e-25,1.513416548776543e-28,1.5497385459471801e-25,4096,0.009607343592013495,39.351679352887274,0.009607343592013495,39.351679352887274,32768,0.009002492862451215,294.9936861168014,0.08890966699982528,0.009002492862451215,294.9936861168014,complete,complete
4038.3145533888605,74404.24179697302,False,1145864192,0.008034875000248576,True,1536,1,0.3,1024,0.012288917000205402,1.5,1.5105061957166366e-13,5.017731856845209e-12,2033,20.873081248896487,0.0002805361730027826,cutoff_1e-14,complete,0.2774763749998783,0.3093587500002286,1024,2.4587532214061782e-26,2.5177632987199264e-23,0.08129337563892461,83.2444166542588,4096,18.581733105798143,76110.7788013492,18.49267767790456,75746.00776869708,32768,18.187650604225496,595972.934999261,0.08890966699982528,18.10831489264703,593373.2624022579,complete,complete
62.1120289978756,47474.55694657977,False,1145880576,0.009250042000076064,True,2048,0,0.0,1024,0.017342999999982567,2.0,6.7297013026871366e-15,2.1919833961499232e-13,2033,21.055975719283637,0.00044352126851813795,cutoff_1e-10,complete,0.3473826670001472,0.3879032089998873,1024,4.692178915036085e-29,4.804791208996951e-26,4.692178915036085e-29,4.804791208996951e-26,4096,0.006378257182463664,26.125341419371168,0.006378257182463664,26.125341419371168,32768,0.0065722679980806,215.3600777611051,0.12705929200001265,0.0065722679980806,215.3600777611051,complete,complete
2477.462552190041,47474.55694657977,False,1145880576,0.009250042000076064,True,2048,1,0.3,1024,0.017342999999982567,2.0,1.2531948978358614e-13,4.162972637608772e-12,2033,21.055975719283637,0.00044352126851813795,cutoff_1e-10,complete,0.3473826670001472,0.3879032089998873,1024,1.692416131003841e-26,1.733034118147933e-23,0.08129337563892787,83.24441665426214,4096,12.43373619501903,50928.58345479795,12.326297294615546,50488.51371874528,32768,12.032698045878632,394287.449567351,0.12705929200001265,11.943780224915095,391373.7904100178,complete,complete
62.1120289978756,47474.55694657977,False,1145880576,0.009250042000076064,True,2048,0,0.0,1024,0.017342999999982567,2.0,6.7297013026871366e-15,2.1919833961499232e-13,2033,21.055975719283637,0.00044352126851813795,cutoff_1e-14,complete,0.3473826670001472,0.3879032089998873,1024,4.692178915036085e-29,4.804791208996951e-26,4.692178915036085e-29,4.804791208996951e-26,4096,0.006378257182463664,26.125341419371168,0.006378257182463664,26.125341419371168,32768,0.0065722679980806,215.3600777611051,0.12705929200001265,0.0065722679980806,215.3600777611051,complete,complete
2477.462552190041,47474.55694657977,False,1145880576,0.009250042000076064,True,2048,1,0.3,1024,0.017342999999982567,2.0,1.2531948978358614e-13,4.162972637608772e-12,2033,21.055975719283637,0.00044352126851813795,cutoff_1e-14,complete,0.3473826670001472,0.3879032089998873,1024,1.692416131003841e-26,1.733034118147933e-23,0.08129337563892787,83.24441665426214,4096,12.43373619501903,50928.58345479795,12.326297294615546,50488.51371874528,32768,12.032698045878632,394287.449567351,0.12705929200001265,11.943780224915095,391373.7904100178,complete,complete
44.100542278192215,31683.330219691845,False,1145880576,0.0105579580003905,True,3072,0,0.0,1024,0.020876833000329498,3.0,7.708306037331112e-15,2.5107323618546527e-13,2033,20.976163335501003,0.0006620567721275677,cutoff_1e-10,complete,0.5162263340002937,0.5656234580001183,1024,6.156032219593986e-29,6.303776992864242e-26,6.156032219593986e-29,6.303776992864242e-26,4096,0.005101307666339294,20.894956201325748,0.005101307666339294,20.894956201325748,32768,0.004671273271993594,153.0682825766861,0.15793983300000036,0.004671273271993594,153.0682825766861,complete,complete
1589.1945004258241,31683.330219691845,False,1145880576,0.0105579580003905,True,3072,1,0.3,1024,0.020876833000329498,3.0,6.765002632746191e-14,2.2472578608568762e-12,2033,20.976163335501003,0.0006620567721275677,cutoff_1e-10,complete,0.5162263340002937,0.5656234580001183,1024,4.931804583186545e-27,5.0501678931830224e-24,0.08129337563892396,83.24441665425813,4096,8.5493888595769,35018.296768826985,8.42200090114266,34496.515691080334,32768,7.777927266861733,254867.12068052526,0.15793983300000036,7.680567918178164,251676.84954286207,complete,complete
44.100542278192215,31683.330219691845,False,1145880576,0.0105579580003905,True,3072,0,0.0,1024,0.020876833000329498,3.0,7.708306037331112e-15,2.5107323618546527e-13,2033,20.976163335501003,0.0006620567721275677,cutoff_1e-14,complete,0.5162263340002937,0.5656234580001183,1024,6.156032219593986e-29,6.303776992864242e-26,6.156032219593986e-29,6.303776992864242e-26,4096,0.005101307666339294,20.894956201325748,0.005101307666339294,20.894956201325748,32768,0.004671273271993594,153.0682825766861,0.15793983300000036,0.004671273271993594,153.0682825766861,complete,complete
1589.1945004258241,31683.330219691845,False,1145880576,0.0105579580003905,True,3072,1,0.3,1024,0.020876833000329498,3.0,6.765002632746191e-14,2.2472578608568762e-12,2033,20.976163335501003,0.0006620567721275677,cutoff_1e-14,complete,0.5162263340002937,0.5656234580001183,1024,4.931804583186545e-27,5.0501678931830224e-24,0.08129337563892396,83.24441665425813,4096,8.5493888595769,35018.296768826985,8.42200090114266,34496.515691080334,32768,7.777927266861733,254867.12068052526,0.15793983300000036,7.680567918178164,251676.84954286207,complete,complete
38.8268659921278,26314.09741542922,False,1145896960,0.012198542000078305,True,4096,0,0.0,1024,0.028378832999806036,4.0,1.0173989327874459e-14,3.313849259610165e-13,2033,20.85882716625417,0.0007926864006372354,cutoff_1e-10,complete,0.6743456250001145,0.7392295409999861,1024,1.0724215737713712e-28,1.098159691541884e-25,1.0724215737713712e-28,1.098159691541884e-25,4096,0.004467936402286705,18.300667503766345,0.004467936402286705,18.300667503766345,32768,0.004266750230196703,139.81287154308558,0.2134930830002304,0.004266750230196703,139.81287154308558,complete,complete
1275.9850246780932,26314.09741542922,False,1145896960,0.012198542000078305,True,4096,1,0.3,1024,0.028378832999806036,4.0,7.17159047381122e-14,2.3823217731071665e-12,2033,20.85882716625417,0.0007926864006372354,cutoff_1e-10,complete,0.6743456250001145,0.7392295409999861,1024,5.5424385064653066e-27,5.675457030620474e-24,0.08129337563892783,83.2444166542621,4096,7.1124610066072975,29132.64028306349,7.002882941091013,28683.808526708788,32768,6.407792259421962,209970.53675673885,0.2134930830002304,6.314055113350905,206898.95795428246,complete,complete
38.8268659921278,26314.09741542922,False,1145896960,0.012198542000078305,True,4096,0,0.0,1024,0.028378832999806036,4.0,1.0173989327874459e-14,3.313849259610165e-13,2033,20.85882716625417,0.0007926864006372354,cutoff_1e-14,complete,0.6743456250001145,0.7392295409999861,1024,1.0724215737713712e-28,1.098159691541884e-25,1.0724215737713712e-28,1.098159691541884e-25,4096,0.004467936402286705,18.300667503766345,0.004467936402286705,18.300667503766345,32768,0.004266750230196703,139.81287154308558,0.2134930830002304,0.004266750230196703,139.81287154308558,complete,complete
1275.9850246780932,26314.09741542922,False,1145896960,0.012198542000078305,True,4096,1,0.3,1024,0.028378832999806036,4.0,7.17159047381122e-14,2.3823217731071665e-12,2033,20.85882716625417,0.0007926864006372354,cutoff_1e-14,complete,0.6743456250001145,0.7392295409999861,1024,5.5424385064653066e-27,5.675457030620474e-24,0.08129337563892783,83.2444166542621,4096,7.1124610066072975,29132.64028306349,7.002882941091013,28683.808526708788,32768,6.407792259421962,209970.53675673885,0.2134930830002304,6.314055113350905,206898.95795428246,complete,complete
29.593473837197124,17869.70297260654,False,1145913344,0.01872975000014776,True,8192,0,0.0,1024,0.05699358299989399,8.0,8.929610101166535e-15,2.908532815272805e-13,2033,20.873117863495214,0.001168073016965798,cutoff_1e-10,complete,1.3575065410000207,1.4846102080000492,1024,8.261292126483152e-29,8.459563137518748e-26,8.261292126483152e-29,8.459563137518748e-26,4096,0.003177721361437781,13.01594669644915,0.003177721361437781,13.01594669644915,32768,0.003404269440937343,111.55110104063486,0.4400131249999504,0.003404269440937343,111.55110104063486,complete,complete
946.8508682302557,17869.70297260654,False,1145913344,0.01872975000014776,True,8192,1,0.3,1024,0.05699358299989399,8.0,5.0628757485717516e-14,1.6818304355782465e-12,2033,20.873117863495214,0.001168073016965798,cutoff_1e-10,complete,1.3575065410000207,1.4846102080000492,1024,2.762259388708315e-27,2.8285536140373145e-24,0.08129337563892564,83.24441665425985,4096,5.502385393451559,22537.770571577585,5.412787566408674,22170.77787200993,32768,5.11827483502053,167715.6297939527,0.4400131249999504,5.025182556852354,164665.18202293792,complete,complete
29.593473837197124,17869.70297260654,False,1145913344,0.01872975000014776,True,8192,0,0.0,1024,0.05699358299989399,8.0,8.929610101166535e-15,2.908532815272805e-13,2033,20.873117863495214,0.001168073016965798,cutoff_1e-14,complete,1.3575065410000207,1.4846102080000492,1024,8.261292126483152e-29,8.459563137518748e-26,8.261292126483152e-29,8.459563137518748e-26,4096,0.003177721361437781,13.01594669644915,0.003177721361437781,13.01594669644915,32768,0.003404269440937343,111.55110104063486,0.4400131249999504,0.003404269440937343,111.55110104063486,complete,complete
946.8508682302557,17869.70297260654,False,1145913344,0.01872975000014776,True,8192,1,0.3,1024,0.05699358299989399,8.0,5.0628757485717516e-14,1.6818304355782465e-12,2033,20.873117863495214,0.001168073016965798,cutoff_1e-14,complete,1.3575065410000207,1.4846102080000492,1024,2.762259388708315e-27,2.8285536140373145e-24,0.08129337563892564,83.24441665425985,4096,5.502385393451559,22537.770571577585,5.412787566408674,22170.77787200993,32768,5.11827483502053,167715.6297939527,0.4400131249999504,5.025182556852354,164665.18202293792,complete,complete
10.181921146252934,84.95272686399178,False,1145962496,0.005599999999958527,False,64,0,0.0,64,0.0007887090000622266,0.0625,0.2439658122274358,7.946400376153969,2034,22.432586417712315,0.2640596393524436,cutoff_1e-10,complete,0.0024399579997407272,0.014038791000075435,1024,0.061665311463027325,63.14527893813998,0.061665311463027325,63.14527893813998,4096,0.08910336994616061,364.96740329947386,0.08910336994616061,364.96740329947386,32768,0.08510356928114354,2788.6737582045116,0.007929375000003347,0.08510356928114354,2788.6737582045116,complete,complete
10.461140141938223,84.95272686399178,False,1145962496,0.005599999999958527,False,64,1,0.3,64,0.0007887090000622266,0.0625,0.3516879180616043,11.682677470171223,2034,22.432586417712315,0.2640596393524436,cutoff_1e-10,complete,0.0024399579997407272,0.014038791000075435,1024,0.13328608678910772,136.4849528720463,0.06773166127639887,69.35722114703245,4096,0.18279148878631685,748.7139380687538,0.09545995381464115,391.00397082477014,32768,0.18257313682426346,5982.556547457465,0.007929375000003347,0.09160825993533914,3001.819461561193,complete,complete
10.181921146252934,84.95272686399178,False,1145962496,0.005599999999958527,False,64,0,0.0,64,0.0007887090000622266,0.0625,0.2439658122274358,7.946400376153969,2034,22.432586417712315,0.2640596393524436,cutoff_1e-14,complete,0.0024399579997407272,0.014038791000075435,1024,0.061665311463027325,63.14527893813998,0.061665311463027325,63.14527893813998,4096,0.08910336994616061,364.96740329947386,0.08910336994616061,364.96740329947386,32768,0.08510356928114354,2788.6737582045116,0.007929375000003347,0.08510356928114354,2788.6737582045116,complete,complete
10.461140141938223,84.95272686399178,False,1145962496,0.005599999999958527,False,64,1,0.3,64,0.0007887090000622266,0.0625,0.3516879180616043,11.682677470171223,2034,22.432586417712315,0.2640596393524436,cutoff_1e-14,complete,0.0024399579997407272,0.014038791000075435,1024,0.13328608678910772,136.4849528720463,0.06773166127639887,69.35722114703245,4096,0.18279148878631685,748.7139380687538,0.09545995381464115,391.00397082477014,32768,0.18257313682426346,5982.556547457465,0.007929375000003347,0.09160825993533914,3001.819461561193,complete,complete
21.08409566402651,239.39559773855822,False,1146011648,0.0053299999999580905,False,128,0,0.0,128,0.0012861659997724928,0.125,0.18331352378183738,5.970847476678895,2034,21.450596429901424,0.08960313653439621,cutoff_1e-10,complete,0.00724954199995409,0.01932287499994345,1024,0.03481544881812766,35.651019589762726,0.03481544881812766,35.651019589762726,4096,0.05893315284077125,241.39019403579903,0.05893315284077125,241.39019403579903,32768,0.05928935567589534,1942.7936067877386,0.010933958999885363,0.05928935567589534,1942.7936067877386,complete,complete
23.51032390666496,239.39559773855822,False,1146011648,0.0053299999999580905,False,128,1,0.3,128,0.0012861659997724928,0.125,0.3060822713424544,10.167709130129834,2034,21.450596429901424,0.08960313653439621,cutoff_1e-10,complete,0.00724954199995409,0.01932287499994345,1024,0.10095928608879443,103.38230895492549,0.04628741272137043,47.39831062668332,4096,0.15868940169188217,649.9917893299494,0.06873867081656465,281.5535956646488,32768,0.16228201425040048,5317.657042957123,0.010933958999885363,0.07000788251266721,2294.018294175079,complete,complete
21.08409566402651,239.39559773855822,False,1146011648,0.0053299999999580905,False,128,0,0.0,128,0.0012861659997724928,0.125,0.18331352378183738,5.970847476678895,2034,21.450596429901424,0.08960313653439621,cutoff_1e-14,complete,0.00724954199995409,0.01932287499994345,1024,0.03481544881812766,35.651019589762726,0.03481544881812766,35.651019589762726,4096,0.05893315284077125,241.39019403579903,0.05893315284077125,241.39019403579903,32768,0.05928935567589534,1942.7936067877386,0.010933958999885363,0.05928935567589534,1942.7936067877386,complete,complete
23.51032390666496,239.39559773855822,False,1146011648,0.0053299999999580905,False,128,1,0.3,128,0.0012861659997724928,0.125,0.3060822713424544,10.167709130129834,2034,21.450596429901424,0.08960313653439621,cutoff_1e-14,complete,0.00724954199995409,0.01932287499994345,1024,0.10095928608879443,103.38230895492549,0.04628741272137043,47.39831062668332,4096,0.15868940169188217,649.9917893299494,0.06873867081656465,281.5535956646488,32768,0.16228201425040048,5317.657042957123,0.010933958999885363,0.07000788251266721,2294.018294175079,complete,complete
52.03956360400736,1101.1102393817555,False,1146011648,0.005335374999958731,False,256,0,0.0,256,0.002317750000202068,0.25,0.07700436860153806,2.5081692309015553,2034,21.418229128440718,0.019451484839943446,cutoff_1e-10,complete,0.01703770899985102,0.03045916600012788,1024,0.006143469619962222,6.290912890841315,0.006143469619962222,6.290912890841315,4096,0.02830835603576153,115.95102632247922,0.02830835603576153,115.95102632247922,32768,0.027923308343241346,914.9909677913324,0.017330832999959966,0.027923308343241346,914.9909677913324,complete,complete
68.66914685485273,1101.1102393817555,False,1146011648,0.005335374999958731,False,256,1,0.3,256,0.002317750000202068,0.25,0.24307451349148537,8.074662211860156,2034,21.418229128440718,0.019451484839943446,cutoff_1e-10,complete,0.01703770899985102,0.03045916600012788,1024,0.06367204085511949,65.20016983564236,0.02878262613306424,29.47340916025778,4096,0.1573495454101973,644.5037380001681,0.06831730621694251,279.82768626459654,32768,0.1639643591594805,5372.784120937857,0.017330832999959966,0.07178971002585244,2352.4052181271327,complete,complete
52.03956360400736,1101.1102393817555,False,1146011648,0.005335374999958731,False,256,0,0.0,256,0.002317750000202068,0.25,0.07700436860153806,2.5081692309015553,2034,21.418229128440718,0.019451484839943446,cutoff_1e-14,complete,0.01703770899985102,0.03045916600012788,1024,0.006143469619962222,6.290912890841315,0.006143469619962222,6.290912890841315,4096,0.02830835603576153,115.95102632247922,0.02830835603576153,115.95102632247922,32768,0.027923308343241346,914.9909677913324,0.017330832999959966,0.027923308343241346,914.9909677913324,complete,complete
68.66914685485273,1101.1102393817555,False,1146011648,0.005335374999958731,False,256,1,0.3,256,0.002317750000202068,0.25,0.24307451349148537,8.074662211860156,2034,21.418229128440718,0.019451484839943446,cutoff_1e-14,complete,0.01703770899985102,0.03045916600012788,1024,0.06367204085511949,65.20016983564236,0.02878262613306424,29.47340916025778,4096,0.1573495454101973,644.5037380001681,0.06831730621694251,279.82768626459654,32768,0.1639643591594805,5372.784120937857,0.017330832999959966,0.07178971002585244,2352.4052181271327,complete,complete
72.52190344025072,3020.653882582377,False,1146077184,0.00551999999970576,False,384,0,0.0,384,0.002891582999836828,0.375,0.034309459178149274,1.1175201018113168,2034,21.13543308778469,0.0069969728109715995,cutoff_1e-10,complete,0.029826875000253494,0.044855957999971,1024,0.0012195812284691192,1.248851177952378,0.0012195812284691192,1.248851177952378,4096,0.01064559167927694,43.604343518318345,0.01064559167927694,43.604343518318345,32768,0.010687985462906079,350.2239076485064,0.02294304099996225,0.010687985462906079,350.2239076485064,complete,complete
166.7499042213127,3020.653882582377,False,1146077184,0.00551999999970576,False,384,1,0.3,384,0.002891582999836828,0.375,0.21434165021731463,7.120188779059815,2034,21.13543308778469,0.0069969728109715995,cutoff_1e-10,complete,0.029826875000253494,0.044855957999971,1024,0.04950887524360276,50.69708824944922,0.034064057153603555,34.88159452529004,4096,0.1902992592595788,779.4657659272348,0.10370073322228976,424.75820327849885,32768,0.19503411169973722,6390.877772176989,0.02294304099996225,0.10409854670502844,3411.101178430372,complete,complete
72.52190344025072,3020.653882582377,False,1146077184,0.00551999999970576,False,384,0,0.0,384,0.002891582999836828,0.375,0.034309459178149274,1.1175201018113168,2034,21.13543308778469,0.0069969728109715995,cutoff_1e-14,complete,0.029826875000253494,0.044855957999971,1024,0.0012195812284691192,1.248851177952378,0.0012195812284691192,1.248851177952378,4096,0.01064559167927694,43.604343518318345,0.01064559167927694,43.604343518318345,32768,0.010687985462906079,350.2239076485064,0.02294304099996225,0.010687985462906079,350.2239076485064,complete,complete
166.7499042213127,3020.653882582377,False,1146077184,0.00551999999970576,False,384,1,0.3,384,0.002891582999836828,0.375,0.21434165021731463,7.120188779059815,2034,21.13543308778469,0.0069969728109715995,cutoff_1e-14,complete,0.029826875000253494,0.044855957999971,1024,0.04950887524360276,50.69708824944922,0.034064057153603555,34.88159452529004,4096,0.1902992592595788,779.4657659272348,0.10370073322228976,424.75820327849885,32768,0.19503411169973722,6390.877772176989,0.02294304099996225,0.10409854670502844,3411.101178430372,complete,complete
87.53702589859256,7097.274093786657,False,1146159104,0.006304708999778086,False,512,0,0.0,512,0.004106625000076747,0.5,0.021358656697933874,0.6956894331586941,2034,20.984407872704452,0.002956685566233852,cutoff_1e-10,complete,0.05193424999970375,0.06947995800010176,1024,0.00047264041739127397,0.48398378740866455,0.00047264041739127397,0.48398378740866455,4096,0.010661330735859544,43.66881069408069,0.010661330735859544,43.66881069408069,32768,0.010163011969315246,333.02157621052197,0.030642333999821858,0.010163011969315246,333.02157621052197,complete,complete
334.42553033867324,7097.274093786657,False,1146159104,0.006304708999778086,False,512,1,0.3,512,0.004106625000076747,0.5,0.18906830964016233,6.2806368030236595,2034,20.984407872704452,0.002956685566233852,cutoff_1e-10,complete,0.05193424999970375,0.06947995800010176,1024,0.03852187368310086,39.44639865149528,0.0435818198184887,44.62778349413243,4096,0.33619181284258093,1377.0416654032115,0.24955308684323874,1022.1694437099059,32768,0.3339818511298377,10943.917297822522,0.030642333999821858,0.24383012252784225,7989.825454992335,complete,complete
87.53702589859256,7097.274093786657,False,1146159104,0.006304708999778086,False,512,0,0.0,512,0.004106625000076747,0.5,0.021358656697933874,0.6956894331586941,2034,20.984407872704452,0.002956685566233852,cutoff_1e-14,complete,0.05193424999970375,0.06947995800010176,1024,0.00047264041739127397,0.48398378740866455,0.00047264041739127397,0.48398378740866455,4096,0.010661330735859544,43.66881069408069,0.010661330735859544,43.66881069408069,32768,0.010163011969315246,333.02157621052197,0.030642333999821858,0.010163011969315246,333.02157621052197,complete,complete
334.42553033867324,7097.274093786657,False,1146159104,0.006304708999778086,False,512,1,0.3,512,0.004106625000076747,0.5,0.18906830964016233,6.2806368030236595,2034,20.984407872704452,0.002956685566233852,cutoff_1e-14,complete,0.05193424999970375,0.06947995800010176,1024,0.03852187368310086,39.44639865149528,0.0435818198184887,44.62778349413243,4096,0.33619181284258093,1377.0416654032115,0.24955308684323874,1022.1694437099059,32768,0.3339818511298377,10943.917297822522,0.030642333999821858,0.24383012252784225,7989.825454992335,complete,complete
236.0502489481931,47688.72469023769,False,1146191872,0.006611499999962689,False,768,0,0.0,768,0.005729458000132581,0.75,0.007956359947434793,0.25915279317977385,2034,21.03578330267845,0.0004411060148770274,cutoff_1e-10,complete,0.09996779200037054,0.12127137500010576,1024,6.55861037235143e-05,0.06716017021287864,6.55861037235143e-05,0.06716017021287864,4096,0.01420590448310085,58.18738476278108,0.01420590448310085,58.18738476278108,32768,0.015083776749424214,494.26519652513264,0.04295158300010371,0.015083776749424214,494.26519652513264,complete,complete
2377.4955748791317,47688.72469023769,False,1146191872,0.006611499999962689,False,768,1,0.3,768,0.005729458000132581,0.75,0.13147353809129356,4.367403207504565,2034,21.03578330267845,0.0004411060148770274,cutoff_1e-10,complete,0.09996779200037054,0.12127137500010576,1024,0.018627158961837052,19.07421077692114,0.06291953610211579,64.42960496856657,4096,1.9799106998843066,8109.71422672612,1.8872005219465091,7729.973337892901,32768,1.843370416189248,60403.561797689275,0.04295158300010371,1.755152890111401,57512.84990317039,complete,complete
236.0502489481931,47688.72469023769,False,1146191872,0.006611499999962689,False,768,0,0.0,768,0.005729458000132581,0.75,0.007956359947434793,0.25915279317977385,2034,21.03578330267845,0.0004411060148770274,cutoff_1e-14,complete,0.09996779200037054,0.12127137500010576,1024,6.55861037235143e-05,0.06716017021287864,6.55861037235143e-05,0.06716017021287864,4096,0.01420590448310085,58.18738476278108,0.01420590448310085,58.18738476278108,32768,0.015083776749424214,494.26519652513264,0.04295158300010371,0.015083776749424214,494.26519652513264,complete,complete
2377.4955748791317,47688.72469023769,False,1146191872,0.006611499999962689,False,768,1,0.3,768,0.005729458000132581,0.75,0.13147353809129356,4.367403207504565,2034,21.03578330267845,0.0004411060148770274,cutoff_1e-14,complete,0.09996779200037054,0.12127137500010576,1024,0.018627158961837052,19.07421077692114,0.06291953610211579,64.42960496856657,4096,1.9799106998843066,8109.71422672612,1.8872005219465091,7729.973337892901,32768,1.843370416189248,60403.561797689275,0.04295158300010371,1.755152890111401,57512.84990317039,complete,complete
330.65023840833464,158194.16696659973,False,1146224640,0.006731917000251997,False,896,0,0.0,896,0.0067686249999496795,0.875,0.004110291056034222,0.13387948948897663,2034,21.108749450227187,0.00013343570028523223,cutoff_1e-10,complete,0.12117379200026335,0.14356599999973696,1024,1.750363057209866e-05,0.01792371770582903,1.750363057209866e-05,0.01792371770582903,4096,0.025555431969700823,104.67504934789457,0.025555431969700823,104.67504934789457,32768,0.02488484146743783,815.4264852050028,0.050039416999879904,0.02488484146743783,815.4264852050028,complete,complete
7594.973859761441,158194.16696659973,False,1146224640,0.006731917000251997,False,896,1,0.3,896,0.0067686249999496795,0.875,0.0925499870604075,3.0744065780100645,2034,21.108749450227187,0.00013343570028523223,cutoff_1e-10,complete,0.12117379200026335,0.14356599999973696,1024,0.009230445123937066,9.451975806911555,0.07219420193784074,73.92686278434891,4096,10.628576011358327,43534.647342523705,10.493991314797645,42983.388425411154,32768,9.476286284418777,310518.94896783447,0.050039416999879904,9.379480347320062,307346.8120209838,complete,complete
330.65023840833464,158194.16696659973,False,1146224640,0.006731917000251997,False,896,0,0.0,896,0.0067686249999496795,0.875,0.004110291056034222,0.13387948948897663,2034,21.108749450227187,0.00013343570028523223,cutoff_1e-14,complete,0.12117379200026335,0.14356599999973696,1024,1.750363057209866e-05,0.01792371770582903,1.750363057209866e-05,0.01792371770582903,4096,0.025555431969700823,104.67504934789457,0.025555431969700823,104.67504934789457,32768,0.02488484146743783,815.4264852050028,0.050039416999879904,0.02488484146743783,815.4264852050028,complete,complete
7594.973859761441,158194.16696659973,False,1146224640,0.006731917000251997,False,896,1,0.3,896,0.0067686249999496795,0.875,0.0925499870604075,3.0744065780100645,2034,21.108749450227187,0.00013343570028523223,cutoff_1e-14,complete,0.12117379200026335,0.14356599999973696,1024,0.009230445123937066,9.451975806911555,0.07219420193784074,73.92686278434891,4096,10.628576011358327,43534.647342523705,10.493991314797645,42983.388425411154,32768,9.476286284418777,310518.94896783447,0.050039416999879904,9.379480347320062,307346.8120209838,complete,complete
463.8201216504168,347933.86835413927,False,1146290176,0.006984624999859079,False,960,0,0.0,960,0.007527124999796797,0.9375,0.0025271581570595406,0.08231403550566892,2034,21.116588676155832,6.06913859120568e-05,cutoff_1e-10,complete,0.13323333300013473,0.15740291699967202,1024,6.616797305887233e-06,0.0067756004412285265,6.616797305887233e-06,0.0067756004412285265,4096,0.04713873835527815,193.0802723032193,0.04713873835527815,193.0802723032193,32768,0.04433708415586758,1452.837573619469,0.05658179200008817,0.04433708415586758,1452.837573619469,complete,complete
14675.874753087988,347933.86835413927,False,1146290176,0.006984624999859079,False,960,1,0.3,960,0.007527124999796797,0.9375,0.06407831450461372,2.1286096073919296,2034,21.116588676155832,6.06913859120568e-05,cutoff_1e-10,complete,0.13323333300013473,0.15740291699967202,1024,0.004424784043634005,4.530978860681221,0.07694686310126216,78.79358781569245,4096,20.288561578122927,83101.94822399151,20.163545494534375,82589.8823456128,32768,23.919523700954166,783794.9526328661,0.05658179200008817,23.822635821514456,780620.1305993857,complete,complete
463.8201216504168,347933.86835413927,False,1146290176,0.006984624999859079,False,960,0,0.0,960,0.007527124999796797,0.9375,0.0025271581570595406,0.08231403550566892,2034,21.116588676155832,6.06913859120568e-05,cutoff_1e-14,complete,0.13323333300013473,0.15740291699967202,1024,6.616797305887233e-06,0.0067756004412285265,6.616797305887233e-06,0.0067756004412285265,4096,0.04713873835527815,193.0802723032193,0.04713873835527815,193.0802723032193,32768,0.04433708415586758,1452.837573619469,0.05658179200008817,0.04433708415586758,1452.837573619469,complete,complete
14675.874753087988,347933.86835413927,False,1146290176,0.006984624999859079,False,960,1,0.3,960,0.007527124999796797,0.9375,0.06407831450461372,2.1286096073919296,2034,21.116588676155832,6.06913859120568e-05,cutoff_1e-14,complete,0.13323333300013473,0.15740291699967202,1024,0.004424784043634005,4.530978860681221,0.07694686310126216,78.79358781569245,4096,20.288561578122927,83101.94822399151,20.163545494534375,82589.8823456128,32768,23.919523700954166,783794.9526328661,0.05658179200008817,23.822635821514456,780620.1305993857,complete,complete
845.7860875807806,707509.4630961838,False,1146306560,0.007168541999817535,False,992,0,0.0,992,0.007463999999799853,0.96875,0.0015966757262202782,0.05200656795143319,2034,21.14573091318337,2.9887559129804417e-05,cutoff_1e-10,complete,0.14091808400007722,0.16483041699984824,1024,2.641292099694372e-06,0.002704683110087037,2.641292099694372e-06,0.002704683110087037,4096,0.11297144160511198,462.73102481453867,0.11297144160511198,462.73102481453867,32768,0.10717538241993049,3511.9229311362824,0.055953916999897046,0.10717538241993049,3511.9229311362824,complete,complete
23420.364425470056,707509.4630961838,False,1146306560,0.007168541999817535,False,992,1,0.3,992,0.007463999999799853,0.96875,0.04443109137338417,1.4759509312231456,2034,21.14573091318337,2.9887559129804417e-05,cutoff_1e-10,complete,0.14091808400007722,0.16483041699984824,1024,0.0021273741712680362,2.178431151378469,0.07920143602253585,81.10227048707671,4096,60.7815032467287,248961.03729860074,60.652720939052415,248433.5449663587,32768,61.07959908567011,2001456.3028392382,0.055953916999897046,60.98136711041877,1998237.4374742024,complete,complete
845.7860875807806,707509.4630961838,False,1146306560,0.007168541999817535,False,992,0,0.0,992,0.007463999999799853,0.96875,0.0015966757262202782,0.05200656795143319,2034,21.14573091318337,2.9887559129804417e-05,cutoff_1e-14,complete,0.14091808400007722,0.16483041699984824,1024,2.641292099694372e-06,0.002704683110087037,2.641292099694372e-06,0.002704683110087037,4096,0.11297144160511198,462.73102481453867,0.11297144160511198,462.73102481453867,32768,0.10717538241993049,3511.9229311362824,0.055953916999897046,0.10717538241993049,3511.9229311362824,complete,complete
23420.364425470056,707509.4630961838,False,1146306560,0.007168541999817535,False,992,1,0.3,992,0.007463999999799853,0.96875,0.04443109137338417,1.4759509312231456,2034,21.14573091318337,2.9887559129804417e-05,cutoff_1e-14,complete,0.14091808400007722,0.16483041699984824,1024,0.0021273741712680362,2.178431151378469,0.07920143602253585,81.10227048707671,4096,60.7815032467287,248961.03729860074,60.652720939052415,248433.5449663587,32768,61.07959908567011,2001456.3028392382,0.055953916999897046,60.98136711041877,1998237.4374742024,complete,complete
11454.194401439829,21895782.167563464,False,1146404864,0.007241457999953127,False,1023,0,0.0,1023,0.008896249999907013,0.9990234375,8.09664318265158e-05,0.0026372206763227604,2034,21.120979657224247,9.646140747834524e-07,cutoff_1e-10,complete,0.16506100000015067,0.19109016599986717,1024,6.791926655883077e-09,6.954932895624271e-06,6.791926655883077e-09,6.954932895624271e-06,4096,15.238420163301889,62416.56898888454,15.238420163301889,62416.56898888454,32768,15.428411037395868,505558.1728733878,0.06765099999984159,15.428411037395868,505558.1728733878,complete,complete
129770.19550735144,21895782.167563464,False,1146404864,0.007241457999953127,False,1023,1,0.3,1023,0.008896249999907013,0.9990234375,0.008070482485288131,0.26809235990805763,2034,21.120979657224247,9.646140747834524e-07,cutoff_1e-10,complete,0.16506100000015067,0.19109016599986717,1024,7.018897796979637e-05,0.07187351344107148,0.08122180576506585,83.17112910342743,4096,1644.338536678451,6735210.646234935,1644.2339485728005,6734782.253354191,32768,1726.0661751718328,56559736.42803062,0.06765099999984159,1726.006840976674,56557792.16512366,complete,complete
11454.194401439829,21895782.167563464,False,1146404864,0.007241457999953127,False,1023,0,0.0,1023,0.008896249999907013,0.9990234375,8.09664318265158e-05,0.0026372206763227604,2034,21.120979657224247,9.646140747834524e-07,cutoff_1e-14,complete,0.16506100000015067,0.19109016599986717,1024,6.791926655883077e-09,6.954932895624271e-06,6.791926655883077e-09,6.954932895624271e-06,4096,15.238420163301889,62416.56898888454,15.238420163301889,62416.56898888454,32768,15.428411037395868,505558.1728733878,0.06765099999984159,15.428411037395868,505558.1728733878,complete,complete
129770.19550735144,21895782.167563464,False,1146404864,0.007241457999953127,False,1023,1,0.3,1023,0.008896249999907013,0.9990234375,0.008070482485288131,0.26809235990805763,2034,21.120979657224247,9.646140747834524e-07,cutoff_1e-14,complete,0.16506100000015067,0.19109016599986717,1024,7.018897796979637e-05,0.07187351344107148,0.08122180576506585,83.17112910342743,4096,1644.338536678451,6735210.646234935,1644.2339485728005,6734782.253354191,32768,1726.0661751718328,56559736.42803062,0.06765099999984159,1726.006840976674,56557792.16512366,complete,complete
40250.9840719122,234754592.1336214,False,1146437632,0.0069226659998093965,True,1024,0,0.0,1024,0.007966292000219255,1.0,2.2248322891415872e-12,7.246674432740877e-11,2034,21.114582121794164,8.994321231329024e-08,cutoff_1e-10,complete,0.1621044579997033,0.18628529199986588,1024,5.1283486654433886e-24,5.25142903341403e-21,5.1283486654433886e-24,5.25142903341403e-21,4096,177.37184886053262,726515.0929327416,177.37184886053262,726515.0929327416,32768,192.15180023267237,6296430.190024208,0.059707000000344124,192.15180023267237,6296430.190024208,complete,complete
3042590.0854111635,234754592.1336214,False,1146437632,0.0069226659998093965,True,1024,1,0.3,1024,0.007966292000219255,1.0,1.7551540430769688e-10,5.830424516358689e-09,2034,21.114582121794164,8.994321231329024e-08,cutoff_1e-10,complete,0.1621044579997033,0.18628529199986588,1024,3.319711918062159e-20,3.399385004095651e-17,0.08129337563396019,83.24441664917524,4096,995373.7167040282,4077050743.6196995,995361.1902388314,4076999435.2182536,32768,1103112.2461971315,36146782083.3876,0.059707000000344124,1103114.2877476416,36146848980.91472,complete,complete
40250.9840719122,234754592.1336214,False,1146437632,0.0069226659998093965,True,1024,0,0.0,1024,0.007966292000219255,1.0,2.2248322891415872e-12,7.246674432740877e-11,2034,21.114582121794164,8.994321231329024e-08,cutoff_1e-14,complete,0.1621044579997033,0.18628529199986588,1024,5.1283486654433886e-24,5.25142903341403e-21,5.1283486654433886e-24,5.25142903341403e-21,4096,177.37184886053262,726515.0929327416,177.37184886053262,726515.0929327416,32768,192.15180023267237,6296430.190024208,0.059707000000344124,192.15180023267237,6296430.190024208,complete,complete
3042590.0854111635,234754592.1336214,False,1146437632,0.0069226659998093965,True,1024,1,0.3,1024,0.007966292000219255,1.0,1.7551540430769688e-10,5.830424516358689e-09,2034,21.114582121794164,8.994321231329024e-08,cutoff_1e-14,complete,0.1621044579997033,0.18628529199986588,1024,3.319711918062159e-20,3.399385004095651e-17,0.08129337563396019,83.24441664917524,4096,995373.7167040282,4077050743.6196995,995361.1902388314,4076999435.2182536,32768,1103112.2461971315,36146782083.3876,0.059707000000344124,1103114.2877476416,36146848980.91472,complete,complete
21292.57798925272,136439842.13558745,False,1146454016,0.0071663749999970605,True,1025,0,0.0,1024,0.009070583999800874,1.0009765625,2.331823690248505e-12,7.59516445363309e-11,2034,21.110885924664224,1.5472669562080864e-07,cutoff_1e-10,complete,0.18108583299999736,0.2072344170001088,1024,5.633449519309731e-24,5.7686523077731644e-21,5.633449519309731e-24,5.7686523077731644e-21,4096,43.58175567639699,178510.87125052206,43.58175567639699,178510.87125052206,32768,48.13531778471142,1577298.0931694238,0.06929366699978345,48.13531778471142,1577298.0931694238,complete,complete
1832810.6951470172,136439842.13558745,False,1146454016,0.0071663749999970605,True,1025,1,0.3,1024,0.009070583999800874,1.0009765625,1.9190076079690327e-10,6.374727647817541e-09,2034,21.110885924664224,1.5472669562080864e-07,cutoff_1e-10,complete,0.18108583299999736,0.2072344170001088,1024,3.968471932016544e-20,4.063715258384941e-17,0.0812933756414758,83.24441665687122,4096,322673.7037396983,1321671490.5178041,322674.7852040825,1321675920.195922,32768,355154.68698217423,11637708783.031885,0.06929366699978345,355154.94687304087,11637717299.135803,complete,complete
21292.57798925272,136439842.13558745,False,1146454016,0.0071663749999970605,True,1025,0,0.0,1024,0.009070583999800874,1.0009765625,2.331823690248505e-12,7.59516445363309e-11,2034,21.110885924664224,1.5472669562080864e-07,cutoff_1e-14,complete,0.18108583299999736,0.2072344170001088,1024,5.633449519309731e-24,5.7686523077731644e-21,5.633449519309731e-24,5.7686523077731644e-21,4096,43.58175567639699,178510.87125052206,43.58175567639699,178510.87125052206,32768,48.13531778471142,1577298.0931694238,0.06929366699978345,48.13531778471142,1577298.0931694238,complete,complete
1832810.6951470172,136439842.13558745,False,1146454016,0.0071663749999970605,True,1025,1,0.3,1024,0.009070583999800874,1.0009765625,1.9190076079690327e-10,6.374727647817541e-09,2034,21.110885924664224,1.5472669562080864e-07,cutoff_1e-14,complete,0.18108583299999736,0.2072344170001088,1024,3.968471932016544e-20,4.063715258384941e-17,0.0812933756414758,83.24441665687122,4096,322673.7037396983,1321671490.5178041,322674.7852040825,1321675920.195922,32768,355154.68698217423,11637708783.031885,0.06929366699978345,355154.94687304087,11637717299.135803,complete,complete
576.5609506005874,892664.7338341924,False,1146470400,0.007268708000083279,True,1056,0,0.0,1024,0.008000042000276153,1.03125,2.9362677844010024e-14,9.563946363394995e-13,2034,21.068554108643344,2.3601866759258256e-05,cutoff_1e-10,complete,0.182006416999684,0.20768095899984473,1024,8.932526371278942e-28,9.146907004189637e-25,8.932526371278942e-28,9.146907004189637e-25,4096,0.0641638095724193,262.81496400862943,0.0641638095724193,262.81496400862943,32768,0.06128390127197694,2008.1508768801405,0.058927999999923486,0.06128390127197694,2008.1508768801405,complete,complete
26447.669226863723,892664.7338341924,False,1146470400,0.007268708000083279,True,1056,1,0.3,1024,0.008000042000276153,1.03125,1.2991880566044387e-12,4.315756743099011e-11,2034,21.068554108643344,2.3601866759258256e-05,cutoff_1e-10,complete,0.182006416999684,0.20768095899984473,1024,1.8189215103129476e-24,1.8625756265604584e-21,0.08129337563892997,83.24441665426428,4096,119.80209247928201,490709.3707951391,119.70267628363828,490302.1620577824,32768,137.73964792019177,4513452.783048844,0.058927999999923486,137.65137149216307,4510560.141055199,complete,complete
576.5609506005874,892664.7338341924,False,1146470400,0.007268708000083279,True,1056,0,0.0,1024,0.008000042000276153,1.03125,2.9362677844010024e-14,9.563946363394995e-13,2034,21.068554108643344,2.3601866759258256e-05,cutoff_1e-14,complete,0.182006416999684,0.20768095899984473,1024,8.932526371278942e-28,9.146907004189637e-25,8.932526371278942e-28,9.146907004189637e-25,4096,0.0641638095724193,262.81496400862943,0.0641638095724193,262.81496400862943,32768,0.06128390127197694,2008.1508768801405,0.058927999999923486,0.06128390127197694,2008.1508768801405,complete,complete
26447.669226863723,892664.7338341924,False,1146470400,0.007268708000083279,True,1056,1,0.3,1024,0.008000042000276153,1.03125,1.2991880566044387e-12,4.315756743099011e-11,2034,21.068554108643344,2.3601866759258256e-05,cutoff_1e-14,complete,0.182006416999684,0.20768095899984473,1024,1.8189215103129476e-24,1.8625756265604584e-21,0.08129337563892997,83.24441665426428,4096,119.80209247928201,490709.3707951391,119.70267628363828,490302.1620577824,32768,137.73964792019177,4513452.783048844,0.058927999999923486,137.65137149216307,4510560.141055199,complete,complete
364.1358210760889,481331.36715137283,False,1146470400,0.007122291000086989,True,1088,0,0.0,1024,0.008113249999951222,1.0625,1.3683852886188494e-14,4.457074240413407e-13,2034,21.112969111037472,4.386368841072787e-05,cutoff_1e-10,complete,0.18893579199993837,0.21406795800021428,1024,1.93999128755437e-28,1.986551078455675e-25,1.93999128755437e-28,1.986551078455675e-25,4096,0.03317529702782493,135.8860166259709,0.03317529702782493,135.8860166259709,32768,0.02934984630878311,961.7357638462049,0.061371291000341444,0.02934984630878311,961.7357638462049,complete,complete
16087.771924035267,481331.36715137283,False,1146470400,0.007122291000086989,True,1088,1,0.3,1024,0.008113249999951222,1.0625,7.538300556343241e-13,2.5041387420520885e-11,2034,21.112969111037472,4.386368841072787e-05,cutoff_1e-10,complete,0.18893579199993837,0.21406795800021428,1024,6.123741054146696e-25,6.270710839446217e-22,0.08129337563892419,83.24441665425837,4096,75.38041986901874,308758.19978350075,75.35902020123844,308670.54674427264,32768,80.27247551250514,2630368.4775937684,0.061371291000341444,80.20623842700357,2628198.020776053,complete,complete
364.1358210760889,481331.36715137283,False,1146470400,0.007122291000086989,True,1088,0,0.0,1024,0.008113249999951222,1.0625,1.3683852886188494e-14,4.457074240413407e-13,2034,21.112969111037472,4.386368841072787e-05,cutoff_1e-14,complete,0.18893579199993837,0.21406795800021428,1024,1.93999128755437e-28,1.986551078455675e-25,1.93999128755437e-28,1.986551078455675e-25,4096,0.03317529702782493,135.8860166259709,0.03317529702782493,135.8860166259709,32768,0.02934984630878311,961.7357638462049,0.061371291000341444,0.02934984630878311,961.7357638462049,complete,complete
16087.771924035267,481331.36715137283,False,1146470400,0.007122291000086989,True,1088,1,0.3,1024,0.008113249999951222,1.0625,7.538300556343241e-13,2.5041387420520885e-11,2034,21.112969111037472,4.386368841072787e-05,cutoff_1e-14,complete,0.18893579199993837,0.21406795800021428,1024,6.123741054146696e-25,6.270710839446217e-22,0.08129337563892419,83.24441665425837,4096,75.38041986901874,308758.19978350075,75.35902020123844,308670.54674427264,32768,80.27247551250514,2630368.4775937684,0.061371291000341444,80.20623842700357,2628198.020776053,complete,complete
237.40204144455078,270386.55525115714,False,1146519552,0.00701824999987366,True,1152,0,0.0,1024,0.008561833999920054,1.125,1.905762510236158e-14,6.207407419070207e-13,2034,21.078845086963753,7.795818496738493e-05,cutoff_1e-10,complete,0.196410042000025,0.22213900000042486,1024,3.7628815299148286e-28,3.8531906866327845e-25,3.7628815299148286e-28,3.8531906866327845e-25,4096,0.01923778547722807,78.79796931472617,0.01923778547722807,78.79796931472617,32768,0.01849507582487079,606.046644629366,0.06475787499994112,0.01849507582487079,606.046644629366,complete,complete
11120.609525617412,270386.55525115714,False,1146519552,0.00701824999987366,True,1152,1,0.3,1024,0.008561833999920054,1.125,6.359863793008305e-13,2.1126752905660192e-11,2034,21.078845086963753,7.795818496738493e-05,cutoff_1e-10,complete,0.196410042000025,0.22213900000042486,1024,4.358786018914271e-25,4.463396883368213e-22,0.08129337563891936,83.24441665425343,4096,48.552709410733385,198871.89774636395,48.49180207205785,198622.42128714896,32768,52.9844935364316,1736195.8842017907,0.06475787499994112,52.91725217259386,1733992.5191915557,complete,complete
237.40204144455078,270386.55525115714,False,1146519552,0.00701824999987366,True,1152,0,0.0,1024,0.008561833999920054,1.125,1.905762510236158e-14,6.207407419070207e-13,2034,21.078845086963753,7.795818496738493e-05,cutoff_1e-14,complete,0.196410042000025,0.22213900000042486,1024,3.7628815299148286e-28,3.8531906866327845e-25,3.7628815299148286e-28,3.8531906866327845e-25,4096,0.01923778547722807,78.79796931472617,0.01923778547722807,78.79796931472617,32768,0.01849507582487079,606.046644629366,0.06475787499994112,0.01849507582487079,606.046644629366,complete,complete
11120.609525617412,270386.55525115714,False,1146519552,0.00701824999987366,True,1152,1,0.3,1024,0.008561833999920054,1.125,6.359863793008305e-13,2.1126752905660192e-11,2034,21.078845086963753,7.795818496738493e-05,cutoff_1e-14,complete,0.196410042000025,0.22213900000042486,1024,4.358786018914271e-25,4.463396883368213e-22,0.08129337563891936,83.24441665425343,4096,48.552709410733385,198871.89774636395,48.49180207205785,198622.42128714896,32768,52.9844935364316,1736195.8842017907,0.06475787499994112,52.91725217259386,1733992.5191915557,complete,complete
150.3015470527599,142594.03597141514,False,1146552320,0.007510416999593872,True,1280,0,0.0,1024,0.009984917000110727,1.25,1.3877949089761253e-14,4.520294825748649e-13,2034,21.1342408326761,0.00014821265622155992,cutoff_1e-10,complete,0.2261533750001945,0.2547188329999699,1024,1.9954165343447276e-28,2.043306531169001e-25,1.9954165343447276e-28,2.043306531169001e-25,4096,0.01211765396577014,49.63391064379449,0.01211765396577014,49.63391064379449,32768,0.0124195128720406,406.9625977910264,0.07278958300003069,0.0124195128720406,406.9625977910264,complete,complete
7206.634351824733,142594.03597141514,False,1146552320,0.007510416999593872,True,1280,1,0.3,1024,0.009984917000110727,1.25,3.69851735719282e-13,1.2286059083310628e-11,2034,21.1342408326761,0.00014821265622155992,cutoff_1e-10,complete,0.2261533750001945,0.2547188329999699,1024,1.474094216783199e-25,1.5094724779859957e-22,0.08129337563892014,83.24441665425422,4096,27.111905567791982,111050.36520567596,26.994905397035176,110571.13250625608,32768,27.58566484854577,903927.0657571477,0.07278958300003069,27.50709739889723,901352.5675670644,complete,complete
150.3015470527599,142594.03597141514,False,1146552320,0.007510416999593872,True,1280,0,0.0,1024,0.009984917000110727,1.25,1.3877949089761253e-14,4.520294825748649e-13,2034,21.1342408326761,0.00014821265622155992,cutoff_1e-14,complete,0.2261533750001945,0.2547188329999699,1024,1.9954165343447276e-28,2.043306531169001e-25,1.9954165343447276e-28,2.043306531169001e-25,4096,0.01211765396577014,49.63391064379449,0.01211765396577014,49.63391064379449,32768,0.0124195128720406,406.9625977910264,0.07278958300003069,0.0124195128720406,406.9625977910264,complete,complete
7206.634351824733,142594.03597141514,False,1146552320,0.007510416999593872,True,1280,1,0.3,1024,0.009984917000110727,1.25,3.69851735719282e-13,1.2286059083310628e-11,2034,21.1342408326761,0.00014821265622155992,cutoff_1e-14,complete,0.2261533750001945,0.2547188329999699,1024,1.474094216783199e-25,1.5094724779859957e-22,0.08129337563892014,83.24441665425422,4096,27.111905567791982,111050.36520567596,26.994905397035176,110571.13250625608,32768,27.58566484854577,903927.0657571477,0.07278958300003069,27.50709739889723,901352.5675670644,complete,complete
91.51847031169845,83939.74983045847,False,1146601472,0.007819874999768217,True,1536,0,0.0,1024,0.012199917000089044,1.5,6.724695126235276e-15,2.190352795449073e-13,2034,21.221473181337423,0.0002528179226671578,cutoff_1e-10,complete,0.2813982079997004,0.3130973749998702,1024,4.685200555206609e-29,4.797645368531568e-26,4.685200555206609e-29,4.797645368531568e-26,4096,0.008362784346163506,34.25396468188572,0.008362784346163506,34.25396468188572,32768,0.007646380159064772,250.55658505223445,0.08888212500005466,0.007646380159064772,250.55658505223445,complete,complete
4232.437831836003,83939.74983045847,False,1146601472,0.007819874999768217,True,1536,1,0.3,1024,0.012199917000089044,1.5,2.289356095819229e-13,7.604983710910836e-12,2034,21.221473181337423,0.0002528179226671578,cutoff_1e-10,complete,0.2813982079997004,0.3130973749998702,1024,5.648025121408122e-26,5.783577724321917e-23,0.08129337563892108,83.24441665425519,4096,20.795693910215647,85179.16225624329,20.694446784951943,84764.45403116316,32768,19.945230039444702,653565.297932524,0.08888212500005466,19.86085992507188,650800.6580247553,complete,complete
91.51847031169845,83939.74983045847,False,1146601472,0.007819874999768217,True,1536,0,0.0,1024,0.012199917000089044,1.5,6.724695126235276e-15,2.190352795449073e-13,2034,21.221473181337423,0.0002528179226671578,cutoff_1e-14,complete,0.2813982079997004,0.3130973749998702,1024,4.685200555206609e-29,4.797645368531568e-26,4.685200555206609e-29,4.797645368531568e-26,4096,0.008362784346163506,34.25396468188572,0.008362784346163506,34.25396468188572,32768,0.007646380159064772,250.55658505223445,0.08888212500005466,0.007646380159064772,250.55658505223445,complete,complete
4232.437831836003,83939.74983045847,False,1146601472,0.007819874999768217,True,1536,1,0.3,1024,0.012199917000089044,1.5,2.289356095819229e-13,7.604983710910836e-12,2034,21.221473181337423,0.0002528179226671578,cutoff_1e-14,complete,0.2813982079997004,0.3130973749998702,1024,5.648025121408122e-26,5.783577724321917e-23,0.08129337563892108,83.24441665425519,4096,20.795693910215647,85179.16225624329,20.694446784951943,84764.45403116316,32768,19.945230039444702,653565.297932524,0.08888212500005466,19.86085992507188,650800.6580247553,complete,complete
58.96490195324382,49139.18116821144,False,1146617856,0.009290500000133761,True,2048,0,0.0,1024,0.016837082999700215,2.0,6.859958884466892e-15,2.234410607053007e-13,2034,21.232218302671846,0.00043208327444428706,cutoff_1e-10,complete,0.3397021250002581,0.3790384579997408,1024,4.875576914952136e-29,4.9925907609109875e-26,4.875576914952136e-29,4.9925907609109875e-26,4096,0.005255252822550608,21.52551556116729,0.005255252822550608,21.52551556116729,32768,0.005081425944135603,166.50816533743543,0.12851337500023874,0.005081425944135603,166.50816533743543,complete,complete
2480.755750090089,49139.18116821144,False,1146617856,0.009290500000133761,True,2048,1,0.3,1024,0.016837082999700215,2.0,1.011612714495546e-13,3.3604637695019362e-12,2034,21.232218302671846,0.00043208327444428706,cutoff_1e-10,complete,0.3397021250002581,0.3790384579997408,1024,1.102804369739762e-26,1.1292716746135163e-23,0.08129337563892763,83.2444166542619,4096,12.993632256655085,53221.91772325923,12.881211352788622,52761.441701022195,32768,12.795808047131125,419293.0380883927,0.12851337500023874,12.713313578702843,416589.85934693477,complete,complete
58.96490195324382,49139.18116821144,False,1146617856,0.009290500000133761,True,2048,0,0.0,1024,0.016837082999700215,2.0,6.859958884466892e-15,2.234410607053007e-13,2034,21.232218302671846,0.00043208327444428706,cutoff_1e-14,complete,0.3397021250002581,0.3790384579997408,1024,4.875576914952136e-29,4.9925907609109875e-26,4.875576914952136e-29,4.9925907609109875e-26,4096,0.005255252822550608,21.52551556116729,0.005255252822550608,21.52551556116729,32768,0.005081425944135603,166.50816533743543,0.12851337500023874,0.005081425944135603,166.50816533743543,complete,complete
2480.755750090089,49139.18116821144,False,1146617856,0.009290500000133761,True,2048,1,0.3,1024,0.016837082999700215,2.0,1.011612714495546e-13,3.3604637695019362e-12,2034,21.232218302671846,0.00043208327444428706,cutoff_1e-14,complete,0.3397021250002581,0.3790384579997408,1024,1.102804369739762e-26,1.1292716746135163e-23,0.08129337563892763,83.2444166542619,4096,12.993632256655085,53221.91772325923,12.881211352788622,52761.441701022195,32768,12.795808047131125,419293.0380883927,0.12851337500023874,12.713313578702843,416589.85934693477,complete,complete
41.34300299849602,32085.701238446425,False,1146650624,0.010923499999989872,True,3072,0,0.0,1024,0.021349457999804144,3.0,1.0026549007285226e-14,3.26582532509682e-13,2034,21.009062830788057,0.0006547796064875815,cutoff_1e-10,complete,0.5409515409996857,0.5926963749998322,1024,1.0415639701214599e-28,1.066561505404375e-25,1.0415639701214599e-28,1.066561505404375e-25,4096,0.003466101414241354,14.197151392732586,0.003466101414241354,14.197151392732586,32768,0.0035909992731796674,117.66986418355134,0.1596999999997024,0.0035909992731796674,117.66986418355134,complete,complete
1698.8853757638121,32085.701238446425,False,1146650624,0.010923499999989872,True,3072,1,0.3,1024,0.021349457999804144,3.0,1.0864613791108867e-13,3.6091026231178486e-12,2034,21.009062830788057,0.0006547796064875815,cutoff_1e-10,complete,0.5409515409996857,0.5926963749998322,1024,1.2720333734566539e-26,1.3025621744196136e-23,0.08129337563892712,83.24441665426137,4096,9.508143401652799,38945.35537316986,9.385133538077962,38441.506971967334,32768,8.784956626318323,287865.4587311988,0.1596999999997024,8.702901568821229,285176.67860713403,complete,complete
41.34300299849602,32085.701238446425,False,1146650624,0.010923499999989872,True,3072,0,0.0,1024,0.021349457999804144,3.0,1.0026549007285226e-14,3.26582532509682e-13,2034,21.009062830788057,0.0006547796064875815,cutoff_1e-14,complete,0.5409515409996857,0.5926963749998322,1024,1.0415639701214599e-28,1.066561505404375e-25,1.0415639701214599e-28,1.066561505404375e-25,4096,0.003466101414241354,14.197151392732586,0.003466101414241354,14.197151392732586,32768,0.0035909992731796674,117.66986418355134,0.1596999999997024,0.0035909992731796674,117.66986418355134,complete,complete
1698.8853757638121,32085.701238446425,False,1146650624,0.010923499999989872,True,3072,1,0.3,1024,0.021349457999804144,3.0,1.0864613791108867e-13,3.6091026231178486e-12,2034,21.009062830788057,0.0006547796064875815,cutoff_1e-14,complete,0.5409515409996857,0.5926963749998322,1024,1.2720333734566539e-26,1.3025621744196136e-23,0.08129337563892712,83.24441665426137,4096,9.508143401652799,38945.35537316986,9.385133538077962,38441.506971967334,32768,8.784956626318323,287865.4587311988,0.1596999999997024,8.702901568821229,285176.67860713403,complete,complete
37.11458303385542,26724.672281617084,False,1146683392,0.01220858299984684,True,4096,0,0.0,1024,0.02787629200020092,4.0,8.584798877215498e-15,2.796221667465248e-13,2034,21.05835569291795,0.0007879743284037655,cutoff_1e-10,complete,0.6750567500002944,0.7405952920003074,1024,7.635601185158332e-29,7.818855613602132e-26,7.635601185158332e-29,7.818855613602132e-26,4096,0.0031877384302675246,13.05697661037578,0.0031877384302675246,13.05697661037578,32768,0.00313785441193651,102.82121337033556,0.2134756670002389,0.00313785441193651,102.82121337033556,complete,complete
1435.5471680459182,26724.672281617084,False,1146683392,0.01220858299984684,True,4096,1,0.3,1024,0.02787629200020092,4.0,7.977789302461605e-14,2.650131965275965e-12,2034,21.05835569291795,0.0007879743284037655,cutoff_1e-10,complete,0.6750567500002944,0.7405952920003074,1024,6.858593196657664e-27,7.023199433377448e-24,0.08129337563892586,83.24441665426008,4096,8.149914016481446,33382.047811508004,8.034657386651572,32909.95665572484,32768,7.4222894712244605,243213.58139308312,0.2134756670002389,7.341228218653854,240557.3662688495,complete,complete
37.11458303385542,26724.672281617084,False,1146683392,0.01220858299984684,True,4096,0,0.0,1024,0.02787629200020092,4.0,8.584798877215498e-15,2.796221667465248e-13,2034,21.05835569291795,0.0007879743284037655,cutoff_1e-14,complete,0.6750567500002944,0.7405952920003074,1024,7.635601185158332e-29,7.818855613602132e-26,7.635601185158332e-29,7.818855613602132e-26,4096,0.0031877384302675246,13.05697661037578,0.0031877384302675246,13.05697661037578,32768,0.00313785441193651,102.82121337033556,0.2134756670002389,0.00313785441193651,102.82121337033556,complete,complete
1435.5471680459182,26724.672281617084,False,1146683392,0.01220858299984684,True,4096,1,0.3,1024,0.02787629200020092,4.0,7.977789302461605e-14,2.650131965275965e-12,2034,21.05835569291795,0.0007879743284037655,cutoff_1e-14,complete,0.6750567500002944,0.7405952920003074,1024,6.858593196657664e-27,7.023199433377448e-24,0.08129337563892586,83.24441665426008,4096,8.149914016481446,33382.047811508004,8.034657386651572,32909.95665572484,32768,7.4222894712244605,243213.58139308312,0.2134756670002389,7.341228218653854,240557.3662688495,complete,complete
28.91662999267505,18893.702171743502,False,1146683392,0.019005083999672934,True,8192,0,0.0,1024,0.05693912500009901,8.0,9.160165250541079e-15,2.9836287276462224e-13,2034,20.9157611316662,0.0011070229085619224,cutoff_1e-10,complete,1.3257005410000602,1.4514762499998142,1024,8.6933988129256e-29,8.902040384435815e-26,8.6933988129256e-29,8.902040384435815e-26,4096,0.0030330856216151236,12.423518706135546,0.0030330856216151236,12.423518706135546,32768,0.0026830296668153264,87.91751612220462,0.4351927920001799,0.0026830296668153264,87.91751612220462,complete,complete
978.5276842833217,18893.702171743502,False,1146683392,0.019005083999672934,True,8192,1,0.3,1024,0.05693912500009901,8.0,3.85512501019247e-14,1.2806292109636802e-12,2034,20.9157611316662,0.0011070229085619224,cutoff_1e-10,complete,1.3257005410000602,1.4514762499998142,1024,1.60157341403658e-27,1.640011175973458e-24,0.08129337563892587,83.24441665426009,4096,5.652459671244943,23152.474813419285,5.540909166366006,22695.563945435162,32768,4.986803879642242,163407.58952811698,0.4351927920001799,4.9036729019350185,160683.5536506067,complete,complete
28.91662999267505,18893.702171743502,False,1146683392,0.019005083999672934,True,8192,0,0.0,1024,0.05693912500009901,8.0,9.160165250541079e-15,2.9836287276462224e-13,2034,20.9157611316662,0.0011070229085619224,cutoff_1e-14,complete,1.3257005410000602,1.4514762499998142,1024,8.6933988129256e-29,8.902040384435815e-26,8.6933988129256e-29,8.902040384435815e-26,4096,0.0030330856216151236,12.423518706135546,0.0030330856216151236,12.423518706135546,32768,0.0026830296668153264,87.91751612220462,0.4351927920001799,0.0026830296668153264,87.91751612220462,complete,complete
978.5276842833217,18893.702171743502,False,1146683392,0.019005083999672934,True,8192,1,0.3,1024,0.05693912500009901,8.0,3.85512501019247e-14,1.2806292109636802e-12,2034,20.9157611316662,0.0011070229085619224,cutoff_1e-14,complete,1.3257005410000602,1.4514762499998142,1024,1.60157341403658e-27,1.640011175973458e-24,0.08129337563892587,83.24441665426009,4096,5.652459671244943,23152.474813419285,5.540909166366006,22695.563945435162,32768,4.986803879642242,163407.58952811698,0.4351927920001799,4.9036729019350185,160683.5536506067,complete,complete
12.560421974191692,49.89943565742791,False,1146732544,0.005794499999865366,False,64,0,0.0,64,0.0007674579997001274,0.0625,0.3205073003366781,10.439492766228891,2035,20.033447765493563,0.4014764395939903,cutoff_1e-10,complete,0.002428000000236352,0.014767333000236249,1024,0.10642871993764194,108.98300921614535,0.10642871993764194,108.98300921614535,4096,0.1501542118446757,615.0316517157917,0.1501542118446757,615.0316517157917,32768,0.15258612458605725,4999.942130435924,0.00820970800032228,0.15258612458605725,4999.942130435924,complete,complete
12.07672788985718,49.89943565742791,False,1146732544,0.005794499999865366,False,64,1,0.3,64,0.0007674579997001274,0.0625,0.408579498355009,13.57255184231207,2035,20.033447765493563,0.4014764395939903,cutoff_1e-10,complete,0.002428000000236352,0.014767333000236249,1024,0.17989664405493033,184.21416351224866,0.11197943645044124,114.66694292525183,4096,0.24405947426571,999.6676065923482,0.15172410498865574,621.4619340335339,32768,0.24887532600678902,8155.146682590463,0.00820970800032228,0.1565322935819431,5129.250196093111,complete,complete
12.560421974191692,49.89943565742791,False,1146732544,0.005794499999865366,False,64,0,0.0,64,0.0007674579997001274,0.0625,0.3205073003366781,10.439492766228891,2035,20.033447765493563,0.4014764395939903,cutoff_1e-14,complete,0.002428000000236352,0.014767333000236249,1024,0.10642871993764194,108.98300921614535,0.10642871993764194,108.98300921614535,4096,0.1501542118446757,615.0316517157917,0.1501542118446757,615.0316517157917,32768,0.15258612458605725,4999.942130435924,0.00820970800032228,0.15258612458605725,4999.942130435924,complete,complete
12.07672788985718,49.89943565742791,False,1146732544,0.005794499999865366,False,64,1,0.3,64,0.0007674579997001274,0.0625,0.408579498355009,13.57255184231207,2035,20.033447765493563,0.4014764395939903,cutoff_1e-14,complete,0.002428000000236352,0.014767333000236249,1024,0.17989664405493033,184.21416351224866,0.11197943645044124,114.66694292525183,4096,0.24405947426571,999.6676065923482,0.15172410498865574,621.4619340335339,32768,0.24887532600678902,8155.146682590463,0.00820970800032228,0.1565322935819431,5129.250196093111,complete,complete
23.52966733625646,146.75479198857235,False,1146765312,0.005388666999806446,False,128,0,0.0,128,0.0012529169998742873,0.125,0.22401905055675564,7.29669887496502,2035,19.854273788111524,0.13528875969963255,cutoff_1e-10,complete,0.007028791999800887,0.019130125000174303,1024,0.05199395944523029,53.241814471915816,0.05199395944523029,53.241814471915816,4096,0.1034176096094288,423.5985289602204,0.1034176096094288,423.5985289602204,32768,0.10184337212353888,3337.203617744122,0.010734208000030776,0.10184337212353888,3337.203617744122,complete,complete
26.49166346798037,146.75479198857235,False,1146765312,0.005388666999806446,False,128,1,0.3,128,0.0012529169998742873,0.125,0.3360360414721404,11.162739716820253,2035,19.854273788111524,0.13528875969963255,cutoff_1e-10,complete,0.007028791999800887,0.019130125000174303,1024,0.12168628709519172,124.60675798547632,0.06389309678758637,65.42653111048844,4096,0.21323082161524937,873.3934453360614,0.11738441353427961,480.8065578364093,32768,0.21059812254298765,6900.879279488619,0.010734208000030776,0.11766565280934249,3855.6681112565348,complete,complete
23.52966733625646,146.75479198857235,False,1146765312,0.005388666999806446,False,128,0,0.0,128,0.0012529169998742873,0.125,0.22401905055675564,7.29669887496502,2035,19.854273788111524,0.13528875969963255,cutoff_1e-14,complete,0.007028791999800887,0.019130125000174303,1024,0.05199395944523029,53.241814471915816,0.05199395944523029,53.241814471915816,4096,0.1034176096094288,423.5985289602204,0.1034176096094288,423.5985289602204,32768,0.10184337212353888,3337.203617744122,0.010734208000030776,0.10184337212353888,3337.203617744122,complete,complete
26.49166346798037,146.75479198857235,False,1146765312,0.005388666999806446,False,128,1,0.3,128,0.0012529169998742873,0.125,0.3360360414721404,11.162739716820253,2035,19.854273788111524,0.13528875969963255,cutoff_1e-14,complete,0.007028791999800887,0.019130125000174303,1024,0.12168628709519172,124.60675798547632,0.06389309678758637,65.42653111048844,4096,0.21323082161524937,873.3934453360614,0.11738441353427961,480.8065578364093,32768,0.21059812254298765,6900.879279488619,0.010734208000030776,0.11766565280934249,3855.6681112565348,complete,complete
61.23421053212451,943.3397589845758,False,1146830848,0.005413665999640216,False,256,0,0.0,256,0.002148208000107843,0.25,0.12140020462597466,3.9542205643374433,2035,21.02942962454552,0.0222925297320044,cutoff_1e-10,complete,0.01730500000030588,0.031004208000013023,1024,0.015269394796317502,15.635860271429122,0.015269394796317502,15.635860271429122,4096,0.05430869909227321,222.44843148195108,0.05430869909227321,222.44843148195108,32768,0.05573938927117578,1826.4683076378878,0.0177100830001109,0.05573938927117578,1826.4683076378878,complete,complete
79.24043280718266,943.3397589845758,False,1146830848,0.005413665999640216,False,256,1,0.3,256,0.002148208000107843,0.25,0.2562092604217377,8.51098374625981,2035,21.02942962454552,0.0222925297320044,cutoff_1e-10,complete,0.01730500000030588,0.031004208000013023,1024,0.07073910579013556,72.43684432909882,0.03978522714373998,40.74007259518974,4096,0.1962993436108751,804.0421114301444,0.1056341846139848,432.67762017888174,32768,0.20285591701699307,6647.182688812829,0.0177100830001109,0.1102283349222562,3611.962078732491,complete,complete
61.23421053212451,943.3397589845758,False,1146830848,0.005413665999640216,False,256,0,0.0,256,0.002148208000107843,0.25,0.12140020462597466,3.9542205643374433,2035,21.02942962454552,0.0222925297320044,cutoff_1e-14,complete,0.01730500000030588,0.031004208000013023,1024,0.015269394796317502,15.635860271429122,0.015269394796317502,15.635860271429122,4096,0.05430869909227321,222.44843148195108,0.05430869909227321,222.44843148195108,32768,0.05573938927117578,1826.4683076378878,0.0177100830001109,0.05573938927117578,1826.4683076378878,complete,complete
79.24043280718266,943.3397589845758,False,1146830848,0.005413665999640216,False,256,1,0.3,256,0.002148208000107843,0.25,0.2562092604217377,8.51098374625981,2035,21.02942962454552,0.0222925297320044,cutoff_1e-14,complete,0.01730500000030588,0.031004208000013023,1024,0.07073910579013556,72.43684432909882,0.03978522714373998,40.74007259518974,4096,0.1962993436108751,804.0421114301444,0.1056341846139848,432.67762017888174,32768,0.20285591701699307,6647.182688812829,0.0177100830001109,0.1102283349222562,3611.962078732491,complete,complete
62.16553225187259,2992.4820723964967,False,1146830848,0.005588333999639872,False,384,0,0.0,384,0.003025624999736465,0.375,0.04487227185295161,1.4615696956701645,2035,20.958441473816553,0.007003698256755875,cutoff_1e-10,complete,0.029901041999892186,0.04481687499992404,1024,0.0020861191165052525,2.1361859753013785,0.0020861191165052525,2.1361859753013785,4096,0.018845353521177055,77.19056802274122,0.018845353521177055,77.19056802274122,32768,0.019911223070344854,652.4509575690602,0.023359000000255037,0.019911223070344854,652.4509575690602,complete,complete
131.7152276856935,2992.4820723964967,False,1146830848,0.005588333999639872,False,384,1,0.3,384,0.003025624999736465,0.375,0.21308764161653548,7.078532022386254,2035,20.958441473816553,0.007003698256755875,cutoff_1e-10,complete,0.029901041999892186,0.04481687499992404,1024,0.04893126522651134,50.10561559194761,0.03654945280767721,37.426639675061466,4096,0.21963533420821388,899.626328916844,0.13174451573117307,539.6255364348849,32768,0.21980446884233307,7202.55283502557,0.023359000000255037,0.1270047251757116,4161.690834557718,complete,complete
62.16553225187259,2992.4820723964967,False,1146830848,0.005588333999639872,False,384,0,0.0,384,0.003025624999736465,0.375,0.04487227185295161,1.4615696956701645,2035,20.958441473816553,0.007003698256755875,cutoff_1e-14,complete,0.029901041999892186,0.04481687499992404,1024,0.0020861191165052525,2.1361859753013785,0.0020861191165052525,2.1361859753013785,4096,0.018845353521177055,77.19056802274122,0.018845353521177055,77.19056802274122,32768,0.019911223070344854,652.4509575690602,0.023359000000255037,0.019911223070344854,652.4509575690602,complete,complete
131.7152276856935,2992.4820723964967,False,1146830848,0.005588333999639872,False,384,1,0.3,384,0.003025624999736465,0.375,0.21308764161653548,7.078532022386254,2035,20.958441473816553,0.007003698256755875,cutoff_1e-14,complete,0.029901041999892186,0.04481687499992404,1024,0.04893126522651134,50.10561559194761,0.03654945280767721,37.426639675061466,4096,0.21963533420821388,899.626328916844,0.13174451573117307,539.6255364348849,32768,0.21980446884233307,7202.55283502557,0.023359000000255037,0.1270047251757116,4161.690834557718,complete,complete
84.57842867915944,6913.957790098369,False,1146847232,0.005820625000069413,False,512,0,0.0,512,0.0038242499999796564,0.5,0.024255172061081708,0.7900340897362164,2035,20.772605959313044,0.003004445006745912,cutoff_1e-10,complete,0.05176391699978922,0.06831795800007967,1024,0.0006095252567825515,0.6241538629453327,0.0006095252567825515,0.6241538629453327,4096,0.013955801715883665,57.16296382825949,0.013955801715883665,57.16296382825949,32768,0.01309290643055967,429.02835791657924,0.030385459000171977,0.01309290643055967,429.02835791657924,complete,complete
343.7270062987465,6913.957790098369,False,1146847232,0.005820625000069413,False,512,1,0.3,512,0.0038242499999796564,0.5,0.1907293353921917,6.335814212124214,2035,20.772605959313044,0.003004445006745912,cutoff_1e-10,complete,0.05176391699978922,0.06831795800007967,1024,0.03920170090874529,40.14254173055518,0.04350455877844869,44.54866818913146,4096,0.3393302628808005,1389.8967567597588,0.25484652912933464,1043.8513833137547,32768,0.34704665988845335,11372.02495122484,0.030385459000171977,0.25293435567972344,8288.152966913178,complete,complete
84.57842867915944,6913.957790098369,False,1146847232,0.005820625000069413,False,512,0,0.0,512,0.0038242499999796564,0.5,0.024255172061081708,0.7900340897362164,2035,20.772605959313044,0.003004445006745912,cutoff_1e-14,complete,0.05176391699978922,0.06831795800007967,1024,0.0006095252567825515,0.6241538629453327,0.0006095252567825515,0.6241538629453327,4096,0.013955801715883665,57.16296382825949,0.013955801715883665,57.16296382825949,32768,0.01309290643055967,429.02835791657924,0.030385459000171977,0.01309290643055967,429.02835791657924,complete,complete
343.7270062987465,6913.957790098369,False,1146847232,0.005820625000069413,False,512,1,0.3,512,0.0038242499999796564,0.5,0.1907293353921917,6.335814212124214,2035,20.772605959313044,0.003004445006745912,cutoff_1e-14,complete,0.05176391699978922,0.06831795800007967,1024,0.03920170090874529,40.14254173055518,0.04350455877844869,44.54866818913146,4096,0.3393302628808005,1389.8967567597588,0.25484652912933464,1043.8513833137547,32768,0.34704665988845335,11372.02495122484,0.030385459000171977,0.25293435567972344,8288.152966913178,complete,complete
176.84785780984674,36598.583595344215,False,1146896384,0.006398832999821025,False,768,0,0.0,768,0.005685000000084983,0.75,0.007751168827004229,0.25246935347284954,2035,20.73642546345414,0.0005665909285651171,cutoff_1e-10,complete,0.09598999999980151,0.11608287499984726,1024,6.224685004199084e-05,0.06374077444299862,6.224685004199084e-05,0.06374077444299862,4096,0.013837394779861447,56.67796901831249,0.013837394779861447,56.67796901831249,32768,0.014944657047548163,489.7065221340582,0.04297237499986295,0.014944657047548163,489.7065221340582,complete,complete
1819.1286140739057,36598.583595344215,False,1146896384,0.006398832999821025,False,768,1,0.3,768,0.005685000000084983,0.75,0.13147997974383904,4.3676171919640785,2035,20.73642546345414,0.0005665909285651171,cutoff_1e-10,complete,0.09598999999980151,0.11608287499984726,1024,0.018628984312050952,19.076079935540175,0.06305025494116302,64.56346105975094,4096,1.9979933351453907,8183.78070075552,1.9112626070366798,7828.531638422241,32768,1.8639992927110836,61079.528823556786,0.04297237499986295,1.7700722710528147,58001.72817785863,complete,complete
176.84785780984674,36598.583595344215,False,1146896384,0.006398832999821025,False,768,0,0.0,768,0.005685000000084983,0.75,0.007751168827004229,0.25246935347284954,2035,20.73642546345414,0.0005665909285651171,cutoff_1e-14,complete,0.09598999999980151,0.11608287499984726,1024,6.224685004199084e-05,0.06374077444299862,6.224685004199084e-05,0.06374077444299862,4096,0.013837394779861447,56.67796901831249,0.013837394779861447,56.67796901831249,32768,0.014944657047548163,489.7065221340582,0.04297237499986295,0.014944657047548163,489.7065221340582,complete,complete
1819.1286140739057,36598.583595344215,False,1146896384,0.006398832999821025,False,768,1,0.3,768,0.005685000000084983,0.75,0.13147997974383904,4.3676171919640785,2035,20.73642546345414,0.0005665909285651171,cutoff_1e-14,complete,0.09598999999980151,0.11608287499984726,1024,0.018628984312050952,19.076079935540175,0.06305025494116302,64.56346105975094,4096,1.9979933351453907,8183.78070075552,1.9112626070366798,7828.531638422241,32768,1.8639992927110836,61079.528823556786,0.04297237499986295,1.7700722710528147,58001.72817785863,complete,complete
282.0858713126525,112916.10224435262,False,1146961920,0.006889459000376519,False,896,0,0.0,896,0.006703833999836206,0.875,0.003328108988986491,0.10840242852268606,2035,20.686024367094397,0.00018319817949728236,cutoff_1e-10,complete,0.11948633400015751,0.14307295899970995,1024,1.147567041954693e-05,0.011751086509616057,1.147567041954693e-05,0.011751086509616057,4096,0.019883015741430164,81.44083247689795,0.019883015741430164,81.44083247689795,32768,0.021752959472449415,712.8009759932224,0.049199041000065336,0.021752959472449415,712.8009759932224,complete,complete
4891.428547928608,112916.10224435262,False,1146961920,0.006889459000376519,False,896,1,0.3,896,0.006703833999836206,0.875,0.09505261155300845,3.1575409516250446,2035,20.686024367094397,0.00018319817949728236,cutoff_1e-10,complete,0.11948633400015751,0.14307295899970995,1024,0.009736391466005079,9.9700648611892,0.07166583762253124,73.385817725472,4096,7.352659444182983,30116.493083373498,7.264247134204162,29754.356261700246,32768,8.584562468785524,281298.94297716406,0.049199041000065336,8.493813370692717,278325.27653085894,complete,complete
282.0858713126525,112916.10224435262,False,1146961920,0.006889459000376519,False,896,0,0.0,896,0.006703833999836206,0.875,0.003328108988986491,0.10840242852268606,2035,20.686024367094397,0.00018319817949728236,cutoff_1e-14,complete,0.11948633400015751,0.14307295899970995,1024,1.147567041954693e-05,0.011751086509616057,1.147567041954693e-05,0.011751086509616057,4096,0.019883015741430164,81.44083247689795,0.019883015741430164,81.44083247689795,32768,0.021752959472449415,712.8009759932224,0.049199041000065336,0.021752959472449415,712.8009759932224,complete,complete
4891.428547928608,112916.10224435262,False,1146961920,0.006889459000376519,False,896,1,0.3,896,0.006703833999836206,0.875,0.09505261155300845,3.1575409516250446,2035,20.686024367094397,0.00018319817949728236,cutoff_1e-14,complete,0.11948633400015751,0.14307295899970995,1024,0.009736391466005079,9.9700648611892,0.07166583762253124,73.385817725472,4096,7.352659444182983,30116.493083373498,7.264247134204162,29754.356261700246,32768,8.584562468785524,281298.94297716406,0.049199041000065336,8.493813370692717,278325.27653085894,complete,complete
369.6137806051054,261919.44148272445,False,1146978304,0.006948041999748966,False,960,0,0.0,960,0.0073172079996766115,0.9375,0.0019502660273675513,0.06352363288929298,2035,20.588148808294342,7.860488970098955e-05,cutoff_1e-10,complete,0.13265774999990754,0.1562179580000702,1024,3.9406757182164724e-06,0.004035251935453668,3.9406757182164724e-06,0.004035251935453668,4096,0.031116720484035056,127.45408710260759,0.031116720484035056,127.45408710260759,32768,0.028621125266060095,937.8570327182572,0.05360991699990336,0.028621125266060095,937.8570327182572,complete,complete
10508.24825421837,261919.44148272445,False,1146978304,0.006948041999748966,False,960,1,0.3,960,0.0073172079996766115,0.9375,0.06398093201625563,2.1253746705507637,2035,20.588148808294342,7.860488970098955e-05,cutoff_1e-10,complete,0.13265774999990754,0.1562179580000702,1024,0.004411345205291767,4.517217490218769,0.07695979424183615,78.80682930364021,4096,26.731683592630354,109492.97599541393,26.589838622846642,108911.97899917985,32768,24.665108058335854,808226.2608555492,0.05360991699990336,24.587916380654526,805696.8439612875,complete,complete
369.6137806051054,261919.44148272445,False,1146978304,0.006948041999748966,False,960,0,0.0,960,0.0073172079996766115,0.9375,0.0019502660273675513,0.06352363288929298,2035,20.588148808294342,7.860488970098955e-05,cutoff_1e-14,complete,0.13265774999990754,0.1562179580000702,1024,3.9406757182164724e-06,0.004035251935453668,3.9406757182164724e-06,0.004035251935453668,4096,0.031116720484035056,127.45408710260759,0.031116720484035056,127.45408710260759,32768,0.028621125266060095,937.8570327182572,0.05360991699990336,0.028621125266060095,937.8570327182572,complete,complete
10508.24825421837,261919.44148272445,False,1146978304,0.006948041999748966,False,960,1,0.3,960,0.0073172079996766115,0.9375,0.06398093201625563,2.1253746705507637,2035,20.588148808294342,7.860488970098955e-05,cutoff_1e-14,complete,0.13265774999990754,0.1562179580000702,1024,0.004411345205291767,4.517217490218769,0.07695979424183615,78.80682930364021,4096,26.731683592630354,109492.97599541393,26.589838622846642,108911.97899917985,32768,24.665108058335854,808226.2608555492,0.05360991699990336,24.587916380654526,805696.8439612875,complete,complete
492.9516415051385,506744.03155989846,False,1146978304,0.0070565830001214636,False,992,0,0.0,992,0.007331540999985009,0.96875,0.0010135424458873597,0.03301287995934044,2035,20.56756228868699,4.058767544903161e-05,cutoff_1e-10,complete,0.1405644590004158,0.16406083299989405,1024,1.0643068781345926e-06,0.0010898502432098228,1.0643068781345926e-06,0.0010898502432098228,4096,0.05631327187952298,230.65916161852613,0.05631327187952298,230.65916161852613,32768,0.051436018550638715,1685.4554558673294,0.05520366599967019,0.051436018550638715,1685.4554558673294,complete,complete
18574.87419849902,506744.03155989846,False,1146978304,0.0070565830001214636,False,992,1,0.3,992,0.007331540999985009,0.96875,0.04439914736339655,1.474889787104672,2035,20.56756228868699,4.058767544903161e-05,cutoff_1e-10,complete,0.1405644590004158,0.16406083299989405,1024,0.0021243162930719393,2.175299884105666,0.07920876140012287,81.10977167372582,4096,63.85871449098373,261565.29455506935,63.70783862250458,260947.30699777877,32768,54.038901477346315,1770746.723609684,0.05520366599967019,53.97399512204534,1768619.8721591816,complete,complete
492.9516415051385,506744.03155989846,False,1146978304,0.0070565830001214636,False,992,0,0.0,992,0.007331540999985009,0.96875,0.0010135424458873597,0.03301287995934044,2035,20.56756228868699,4.058767544903161e-05,cutoff_1e-14,complete,0.1405644590004158,0.16406083299989405,1024,1.0643068781345926e-06,0.0010898502432098228,1.0643068781345926e-06,0.0010898502432098228,4096,0.05631327187952298,230.65916161852613,0.05631327187952298,230.65916161852613,32768,0.051436018550638715,1685.4554558673294,0.05520366599967019,0.051436018550638715,1685.4554558673294,complete,complete
18574.87419849902,506744.03155989846,False,1146978304,0.0070565830001214636,False,992,1,0.3,992,0.007331540999985009,0.96875,0.04439914736339655,1.474889787104672,2035,20.56756228868699,4.058767544903161e-05,cutoff_1e-14,complete,0.1405644590004158,0.16406083299989405,1024,0.0021243162930719393,2.175299884105666,0.07920876140012287,81.10977167372582,4096,63.85871449098373,261565.29455506935,63.70783862250458,260947.30699777877,32768,54.038901477346315,1770746.723609684,0.05520366599967019,53.97399512204534,1768619.8721591816,complete,complete
1202.4329228449772,6335374.783668623,False,1147027456,0.0074208330001965805,False,1023,0,0.0,1023,0.008887457999662729,0.9990234375,0.00022666425420577864,0.007382857862077544,2035,20.592642151603513,3.2504220910004223e-06,cutoff_1e-10,complete,0.16633383300040805,0.1923520830000598,1024,5.322909200355497e-08,5.4506590211640286e-05,5.322909200355497e-08,5.4506590211640286e-05,4096,0.28960807392770804,1186.2346708078921,0.28960807392770804,1186.2346708078921,32768,0.27223529194079205,8920.606046315874,0.0675727090001601,0.27223529194079205,8920.606046315874,complete,complete
67140.73591191323,6335374.783668623,False,1147027456,0.0074208330001965805,False,1023,1,0.3,1023,0.008887457999662729,0.9990234375,0.008181396811011534,0.27177680918169195,2035,20.592642151603513,3.2504220910004223e-06,cutoff_1e-10,complete,0.16633383300040805,0.1923520830000598,1024,7.213147852439626e-05,0.07386263400898177,0.08122516308530264,83.1745669993499,4096,1037.3097743102282,4248820.835574695,1037.1718410971205,4248255.8611338055,32768,948.6193388197994,31084358.494447187,0.0675727090001601,948.5067101118892,31080667.876946386,complete,complete
1202.4329228449772,6335374.783668623,False,1147027456,0.0074208330001965805,False,1023,0,0.0,1023,0.008887457999662729,0.9990234375,0.00022666425420577864,0.007382857862077544,2035,20.592642151603513,3.2504220910004223e-06,cutoff_1e-14,complete,0.16633383300040805,0.1923520830000598,1024,5.322909200355497e-08,5.4506590211640286e-05,5.322909200355497e-08,5.4506590211640286e-05,4096,0.28960807392770804,1186.2346708078921,0.28960807392770804,1186.2346708078921,32768,0.27223529194079205,8920.606046315874,0.0675727090001601,0.27223529194079205,8920.606046315874,complete,complete
67140.73591191323,6335374.783668623,False,1147027456,0.0074208330001965805,False,1023,1,0.3,1023,0.008887457999662729,0.9990234375,0.008181396811011534,0.27177680918169195,2035,20.592642151603513,3.2504220910004223e-06,cutoff_1e-14,complete,0.16633383300040805,0.1923520830000598,1024,7.213147852439626e-05,0.07386263400898177,0.08122516308530264,83.1745669993499,4096,1037.3097743102282,4248820.835574695,1037.1718410971205,4248255.8611338055,32768,948.6193388197994,31084358.494447187,0.0675727090001601,948.5067101118892,31080667.876946386,complete,complete
35255.447710495035,98420537.46514791,False,1147043840,0.007089249999808089,True,1024,0,0.0,1024,0.00787508399980652,1.0,1.5266997543277074e-12,4.9727326100732885e-11,2035,20.582743454656324,2.0913057360558473e-07,cutoff_1e-10,complete,0.16347774999985631,0.18843433300025936,1024,2.4148505479771776e-24,2.47280696112863e-21,2.4148505479771776e-24,2.47280696112863e-21,4096,265.93481197556906,1089268.9898519309,265.93481197556906,1089268.9898519309,32768,295.032658038098,9667630.138592396,0.05821525000010297,295.032658038098,9667630.138592396,complete,complete
1315499.112137737,98420537.46514791,False,1147043840,0.007089249999808089,True,1024,1,0.3,1024,0.00787508399980652,1.0,5.5777357909009196e-11,1.8528611565072705e-09,2035,20.582743454656324,2.0913057360558473e-07,cutoff_1e-10,complete,0.16347774999985631,0.18843433300025936,1024,3.3526313137631464e-21,3.433094465293462e-18,0.08129337563748684,83.24441665278653,4096,373818.10706687515,1531158966.5459206,373815.4342724791,1531148018.7800744,32768,412974.8583625889,13532360158.825314,0.05821525000010297,412976.8374502482,13532425009.569733,complete,complete
35255.447710495035,98420537.46514791,False,1147043840,0.007089249999808089,True,1024,0,0.0,1024,0.00787508399980652,1.0,1.5266997543277074e-12,4.9727326100732885e-11,2035,20.582743454656324,2.0913057360558473e-07,cutoff_1e-14,complete,0.16347774999985631,0.18843433300025936,1024,2.4148505479771776e-24,2.47280696112863e-21,2.4148505479771776e-24,2.47280696112863e-21,4096,265.93481197556906,1089268.9898519309,265.93481197556906,1089268.9898519309,32768,295.032658038098,9667630.138592396,0.05821525000010297,295.032658038098,9667630.138592396,complete,complete
1315499.112137737,98420537.46514791,False,1147043840,0.007089249999808089,True,1024,1,0.3,1024,0.00787508399980652,1.0,5.5777357909009196e-11,1.8528611565072705e-09,2035,20.582743454656324,2.0913057360558473e-07,cutoff_1e-14,complete,0.16347774999985631,0.18843433300025936,1024,3.3526313137631464e-21,3.433094465293462e-18,0.08129337563748684,83.24441665278653,4096,373818.10706687515,1531158966.5459206,373815.4342724791,1531148018.7800744,32768,412974.8583625889,13532360158.825314,0.05821525000010297,412976.8374502482,13532425009.569733,complete,complete
3523.7084340389315,9501418.421278352,False,1147060224,0.007277582999904553,True,1025,0,0.0,1024,0.009237959000074625,1.0009765625,1.2905009341424163e-13,4.20339104683091e-12,2035,20.603063907812878,2.168419807896522e-06,cutoff_1e-10,complete,0.17616970800008858,0.20230033300003925,1024,1.7254390910720944e-26,1.7668496292578247e-23,1.7254390910720944e-26,1.7668496292578247e-23,4096,2.980492708635028,12208.098134569074,2.980492708635028,12208.098134569074,32768,2.882953927392526,94468.63429279829,0.06961508299991692,2.882953927392526,94468.63429279829,complete,complete
149205.92956735296,9501418.421278352,False,1147060224,0.007277582999904553,True,1025,1,0.3,1024,0.009237959000074625,1.0009765625,6.179954119969127e-12,2.0529113187052486e-10,2035,20.603063907812878,2.168419807896522e-06,cutoff_1e-10,complete,0.17616970800008858,0.20230033300003925,1024,4.1156688305352763e-23,4.214444882468123e-20,0.08129337563887948,83.24441665421259,4096,5881.883579796649,24092195.142847076,5881.44581068672,24090402.040572803,32768,5524.386663630992,181023102.19386035,0.06961508299991692,5524.19023618664,181016665.6593638,complete,complete
3523.7084340389315,9501418.421278352,False,1147060224,0.007277582999904553,True,1025,0,0.0,1024,0.009237959000074625,1.0009765625,1.2905009341424163e-13,4.20339104683091e-12,2035,20.603063907812878,2.168419807896522e-06,cutoff_1e-14,complete,0.17616970800008858,0.20230033300003925,1024,1.7254390910720944e-26,1.7668496292578247e-23,1.7254390910720944e-26,1.7668496292578247e-23,4096,2.980492708635028,12208.098134569074,2.980492708635028,12208.098134569074,32768,2.882953927392526,94468.63429279829,0.06961508299991692,2.882953927392526,94468.63429279829,complete,complete
149205.92956735296,9501418.421278352,False,1147060224,0.007277582999904553,True,1025,1,0.3,1024,0.009237959000074625,1.0009765625,6.179954119969127e-12,2.0529113187052486e-10,2035,20.603063907812878,2.168419807896522e-06,cutoff_1e-14,complete,0.17616970800008858,0.20230033300003925,1024,4.1156688305352763e-23,4.214444882468123e-20,0.08129337563887948,83.24441665421259,4096,5881.883579796649,24092195.142847076,5881.44581068672,24090402.040572803,32768,5524.386663630992,181023102.19386035,0.06961508299991692,5524.19023618664,181016665.6593638,complete,complete
410.54525293890475,637817.3911108552,False,1147092992,0.007190041999820096,True,1056,0,0.0,1024,0.008041540999784047,1.03125,1.9330733332563855e-14,6.296363626638623e-13,2035,20.577717548038017,3.2262710040249636e-05,cutoff_1e-10,complete,0.18268904199976532,0.20816149999973277,1024,3.8715034100447144e-28,3.9644194918857876e-25,3.8715034100447144e-28,3.9644194918857876e-25,4096,0.04419084231012079,181.00569010225476,0.04419084231012079,181.00569010225476,32768,0.04729840016313158,1549.8739765454957,0.05860325000003286,0.04729840016313158,1549.8739765454957,complete,complete
23135.722495659196,637817.3911108552,False,1147092992,0.007190041999820096,True,1056,1,0.3,1024,0.008041540999784047,1.03125,1.0500754799283042e-12,3.488232754469755e-11,2035,20.577717548038017,3.2262710040249636e-05,cutoff_1e-10,complete,0.18268904199976532,0.20816149999973277,1024,1.1882585692730129e-24,1.2167767749355652e-21,0.08129337563891445,83.2444166542484,4096,106.83169156912598,437582.60866714,106.81578985109266,437517.47523007554,32768,105.15844748433841,3445832.007166801,0.05860325000003286,105.13550567040178,3445080.2498077257,complete,complete
410.54525293890475,637817.3911108552,False,1147092992,0.007190041999820096,True,1056,0,0.0,1024,0.008041540999784047,1.03125,1.9330733332563855e-14,6.296363626638623e-13,2035,20.577717548038017,3.2262710040249636e-05,cutoff_1e-14,complete,0.18268904199976532,0.20816149999973277,1024,3.8715034100447144e-28,3.9644194918857876e-25,3.8715034100447144e-28,3.9644194918857876e-25,4096,0.04419084231012079,181.00569010225476,0.04419084231012079,181.00569010225476,32768,0.04729840016313158,1549.8739765454957,0.05860325000003286,0.04729840016313158,1549.8739765454957,complete,complete
23135.722495659196,637817.3911108552,False,1147092992,0.007190041999820096,True,1056,1,0.3,1024,0.008041540999784047,1.03125,1.0500754799283042e-12,3.488232754469755e-11,2035,20.577717548038017,3.2262710040249636e-05,cutoff_1e-14,complete,0.18268904199976532,0.20816149999973277,1024,1.1882585692730129e-24,1.2167767749355652e-21,0.08129337563891445,83.2444166542484,4096,106.83169156912598,437582.60866714,106.81578985109266,437517.47523007554,32768,105.15844748433841,3445832.007166801,0.05860325000003286,105.13550567040178,3445080.2498077257,complete,complete
286.6318851668742,346875.020540581,False,1147092992,0.007170542000039859,True,1088,0,0.0,1024,0.008292083000014827,1.0625,1.470106542914921e-14,4.788398455893077e-13,2035,20.63856634337986,5.949856611530016e-05,cutoff_1e-10,complete,0.18987187499988067,0.2150671669996882,1024,2.23913669652336e-28,2.2928759772399206e-25,2.23913669652336e-28,2.2928759772399206e-25,4096,0.022846013900172324,93.57727293510584,0.022846013900172324,93.57727293510584,32768,0.024826193021509752,813.5046929288316,0.061590667000018584,0.024826193021509752,813.5046929288316,complete,complete
14409.34895892947,346875.020540581,False,1147092992,0.007170542000039859,True,1088,1,0.3,1024,0.008292083000014827,1.0625,5.386561031027206e-13,1.7893550493781993e-11,2035,20.63856634337986,5.949856611530016e-05,cutoff_1e-10,complete,0.18987187499988067,0.2150671669996882,1024,3.126749504624275e-25,3.2017914927352577e-22,0.08129337563891996,83.24441665425404,4096,81.81062084945538,335096.3029993692,81.66535069284242,334501.27643788257,32768,74.31927035197975,2435293.8508936726,0.061590667000018584,74.26578526782112,2433541.2516559623,complete,complete
286.6318851668742,346875.020540581,False,1147092992,0.007170542000039859,True,1088,0,0.0,1024,0.008292083000014827,1.0625,1.470106542914921e-14,4.788398455893077e-13,2035,20.63856634337986,5.949856611530016e-05,cutoff_1e-14,complete,0.18987187499988067,0.2150671669996882,1024,2.23913669652336e-28,2.2928759772399206e-25,2.23913669652336e-28,2.2928759772399206e-25,4096,0.022846013900172324,93.57727293510584,0.022846013900172324,93.57727293510584,32768,0.024826193021509752,813.5046929288316,0.061590667000018584,0.024826193021509752,813.5046929288316,complete,complete
14409.34895892947,346875.020540581,False,1147092992,0.007170542000039859,True,1088,1,0.3,1024,0.008292083000014827,1.0625,5.386561031027206e-13,1.7893550493781993e-11,2035,20.63856634337986,5.949856611530016e-05,cutoff_1e-14,complete,0.18987187499988067,0.2150671669996882,1024,3.126749504624275e-25,3.2017914927352577e-22,0.08129337563891996,83.24441665425404,4096,81.81062084945538,335096.3029993692,81.66535069284242,334501.27643788257,32768,74.31927035197975,2435293.8508936726,0.061590667000018584,74.26578526782112,2433541.2516559623,complete,complete
186.23993893298146,211223.49376496678,False,1147109376,0.007097915999565885,True,1152,0,0.0,1024,0.008810541000002559,1.125,1.7711276030556182e-14,5.768877582739892e-13,2035,20.571095137915172,9.739018501798432e-05,cutoff_1e-10,complete,0.20018449999997756,0.2262689170001977,1024,3.2499949770155137e-28,3.327994856463886e-25,3.2499949770155137e-28,3.327994856463886e-25,4096,0.018543849794021648,75.95560875631267,0.018543849794021648,75.95560875631267,32768,0.01807661076394291,592.3343815128812,0.06439929200041661,0.01807661076394291,592.3343815128812,complete,complete
9292.742094102443,211223.49376496678,False,1147109376,0.007097915999565885,True,1152,1,0.3,1024,0.008810541000002559,1.125,3.1667843277667423e-13,1.0519701706787452e-11,2035,20.571095137915172,9.739018501798432e-05,cutoff_1e-10,complete,0.20018449999997756,0.2262689170001977,1024,1.0807043359354183e-25,1.1066412399978683e-22,0.08129337563891742,83.24441665425144,4096,42.49444405905295,174057.2428658809,42.40903499269038,173707.4073300598,32768,42.717468841143415,1399766.0189865874,0.06439929200041661,42.684373066194574,1398681.5366330638,complete,complete
186.23993893298146,211223.49376496678,False,1147109376,0.007097915999565885,True,1152,0,0.0,1024,0.008810541000002559,1.125,1.7711276030556182e-14,5.768877582739892e-13,2035,20.571095137915172,9.739018501798432e-05,cutoff_1e-14,complete,0.20018449999997756,0.2262689170001977,1024,3.2499949770155137e-28,3.327994856463886e-25,3.2499949770155137e-28,3.327994856463886e-25,4096,0.018543849794021648,75.95560875631267,0.018543849794021648,75.95560875631267,32768,0.01807661076394291,592.3343815128812,0.06439929200041661,0.01807661076394291,592.3343815128812,complete,complete
9292.742094102443,211223.49376496678,False,1147109376,0.007097915999565885,True,1152,1,0.3,1024,0.008810541000002559,1.125,3.1667843277667423e-13,1.0519701706787452e-11,2035,20.571095137915172,9.739018501798432e-05,cutoff_1e-14,complete,0.20018449999997756,0.2262689170001977,1024,1.0807043359354183e-25,1.1066412399978683e-22,0.08129337563891742,83.24441665425144,4096,42.49444405905295,174057.2428658809,42.40903499269038,173707.4073300598,32768,42.717468841143415,1399766.0189865874,0.06439929200041661,42.684373066194574,1398681.5366330638,complete,complete
108.86714202618118,122612.56863111028,False,1147158528,0.007600749999710388,True,1280,0,0.0,1024,0.00978620800015051,1.25,9.165810842579785e-15,2.9854675973751566e-13,2035,20.503925642452266,0.00016722531687709738,cutoff_1e-10,complete,0.2259543330001179,0.2539615830000912,1024,8.704117944313468e-29,8.913016774976991e-26,8.704117944313468e-29,8.913016774976991e-26,4096,0.00747020918096904,30.59797680524919,0.00747020918096904,30.59797680524919,32768,0.007358873284463801,241.13555978530982,0.07296499999984007,0.007358873284463801,241.13555978530982,complete,complete
5790.749455781124,122612.56863111028,False,1147158528,0.007600749999710388,True,1280,1,0.3,1024,0.00978620800015051,1.25,2.1782817854351303e-13,7.236007332480967e-12,2035,20.503925642452266,0.00016722531687709738,cutoff_1e-10,complete,0.2259543330001179,0.2539615830000912,1024,5.1132619253631174e-26,5.235980211571832e-23,0.08129337563892215,83.24441665425628,4096,24.713793698949992,101227.69899089917,24.65158895560765,100972.90836216894,32768,26.134324080914844,856369.5314834176,0.07296499999984007,26.075448141404273,854440.2846975352,complete,complete
108.86714202618118,122612.56863111028,False,1147158528,0.007600749999710388,True,1280,0,0.0,1024,0.00978620800015051,1.25,9.165810842579785e-15,2.9854675973751566e-13,2035,20.503925642452266,0.00016722531687709738,cutoff_1e-14,complete,0.2259543330001179,0.2539615830000912,1024,8.704117944313468e-29,8.913016774976991e-26,8.704117944313468e-29,8.913016774976991e-26,4096,0.00747020918096904,30.59797680524919,0.00747020918096904,30.59797680524919,32768,0.007358873284463801,241.13555978530982,0.07296499999984007,0.007358873284463801,241.13555978530982,complete,complete
5790.749455781124,122612.56863111028,False,1147158528,0.007600749999710388,True,1280,1,0.3,1024,0.00978620800015051,1.25,2.1782817854351303e-13,7.236007332480967e-12,2035,20.503925642452266,0.00016722531687709738,cutoff_1e-14,complete,0.2259543330001179,0.2539615830000912,1024,5.1132619253631174e-26,5.235980211571832e-23,0.08129337563892215,83.24441665425628,4096,24.713793698949992,101227.69899089917,24.65158895560765,100972.90836216894,32768,26.134324080914844,856369.5314834176,0.07296499999984007,26.075448141404273,854440.2846975352,complete,complete
76.63315382397795,75080.82817263698,False,1147158528,0.00817800000004354,True,1536,0,0.0,1024,0.011929916000099183,1.5,7.921760353885397e-15,2.5802582288551237e-13,2035,20.68023194591688,0.0002754395822375031,cutoff_1e-10,complete,0.2700955000000249,0.3017567079996297,1024,6.50169192145955e-29,6.657732527574579e-26,6.50169192145955e-29,6.657732527574579e-26,4096,0.005563578915899764,22.78841923952543,0.005563578915899764,22.78841923952543,32768,0.005387474649725021,176.53676932218949,0.09024554200004786,0.005387474649725021,176.53676932218949,complete,complete
3361.9145969266983,75080.82817263698,False,1147158528,0.00817800000004354,True,1536,1,0.3,1024,0.011929916000099183,1.5,1.7659164476387061e-13,5.866176015014453e-12,2035,20.68023194591688,0.0002754395822375031,cutoff_1e-10,complete,0.2700955000000249,0.3017567079996297,1024,3.3605489296026215e-26,3.4412021039130844e-23,0.0812933756389243,83.24441665425849,4096,14.6203130147411,59884.80210837955,14.50031687680002,59393.297927372885,32768,15.950694347491034,522672.3523785862,0.09024554200004786,15.866936137613015,519927.7633573033,complete,complete
76.63315382397795,75080.82817263698,False,1147158528,0.00817800000004354,True,1536,0,0.0,1024,0.011929916000099183,1.5,7.921760353885397e-15,2.5802582288551237e-13,2035,20.68023194591688,0.0002754395822375031,cutoff_1e-14,complete,0.2700955000000249,0.3017567079996297,1024,6.50169192145955e-29,6.657732527574579e-26,6.50169192145955e-29,6.657732527574579e-26,4096,0.005563578915899764,22.78841923952543,0.005563578915899764,22.78841923952543,32768,0.005387474649725021,176.53676932218949,0.09024554200004786,0.005387474649725021,176.53676932218949,complete,complete
3361.9145969266983,75080.82817263698,False,1147158528,0.00817800000004354,True,1536,1,0.3,1024,0.011929916000099183,1.5,1.7659164476387061e-13,5.866176015014453e-12,2035,20.68023194591688,0.0002754395822375031,cutoff_1e-14,complete,0.2700955000000249,0.3017567079996297,1024,3.3605489296026215e-26,3.4412021039130844e-23,0.0812933756389243,83.24441665425849,4096,14.6203130147411,59884.80210837955,14.50031687680002,59393.297927372885,32768,15.950694347491034,522672.3523785862,0.09024554200004786,15.866936137613015,519927.7633573033,complete,complete
55.60819715872023,46816.82075831131,False,994361344,0.009427791999769397,True,2048,0,0.0,1024,0.019179875000190805,2.0,4.618508006428015e-15,1.5043301938279713e-13,2035,20.827289658443174,0.00044486766339736427,cutoff_1e-10,complete,0.3463392919998114,0.38849662499978876,1024,2.2099700508422866e-29,2.2630093320625015e-26,2.2099700508422866e-29,2.2630093320625015e-26,4096,0.004348200498020188,17.81022923989069,0.004348200498020188,17.81022923989069,32768,0.004102945230924476,134.44530932693323,0.12714612499985378,0.004102945230924476,134.44530932693323,complete,complete
2328.4834459146086,46816.82075831131,False,994361344,0.009427791999769397,True,2048,1,0.3,1024,0.019179875000190805,2.0,1.1017475956336524e-13,3.659881716798113e-12,2035,20.827289658443174,0.00044486766339736427,cutoff_1e-10,complete,0.3463392919998114,0.38849662499978876,1024,1.3080795098587015e-26,1.3394734180953103e-23,0.08129337563892436,83.24441665425854,4096,10.952889906403474,44863.03705662863,10.847004591252405,44429.33080576985,32768,11.376442599812982,372783.2711106718,0.12714612499985378,11.287591792042662,369871.80784165394,complete,complete
55.60819715872023,46816.82075831131,False,994361344,0.009427791999769397,True,2048,0,0.0,1024,0.019179875000190805,2.0,4.618508006428015e-15,1.5043301938279713e-13,2035,20.827289658443174,0.00044486766339736427,cutoff_1e-14,complete,0.3463392919998114,0.38849662499978876,1024,2.2099700508422866e-29,2.2630093320625015e-26,2.2099700508422866e-29,2.2630093320625015e-26,4096,0.004348200498020188,17.81022923989069,0.004348200498020188,17.81022923989069,32768,0.004102945230924476,134.44530932693323,0.12714612499985378,0.004102945230924476,134.44530932693323,complete,complete
2328.4834459146086,46816.82075831131,False,994361344,0.009427791999769397,True,2048,1,0.3,1024,0.019179875000190805,2.0,1.1017475956336524e-13,3.659881716798113e-12,2035,20.827289658443174,0.00044486766339736427,cutoff_1e-14,complete,0.3463392919998114,0.38849662499978876,1024,1.3080795098587015e-26,1.3394734180953103e-23,0.08129337563892436,83.24441665425854,4096,10.952889906403474,44863.03705662863,10.847004591252405,44429.33080576985,32768,11.376442599812982,372783.2711106718,0.12714612499985378,11.287591792042662,369871.80784165394,complete,complete
41.521387172776954,30947.305295697828,False,994361344,0.010493124999811698,True,3072,0,0.0,1024,0.020338416999948095,3.0,1.1981267998757822e-14,3.9025120635908436e-13,2035,20.898257170350288,0.000675285197553387,cutoff_1e-10,complete,0.5146266659999128,0.5633186250001927,1024,1.4872656646945374e-28,1.5229600406472063e-25,1.4872656646945374e-28,1.5229600406472063e-25,4096,0.003544597140688148,14.518669888258653,0.003544597140688148,14.518669888258653,32768,0.0035068453781448954,114.91230935105193,0.15810879199989358,0.0035068453781448954,114.91230935105193,complete,complete
1606.5546042895967,30947.305295697828,False,994361344,0.010493124999811698,True,3072,1,0.3,1024,0.020338416999948095,3.0,9.088572356626484e-14,3.0191216147545368e-12,2035,20.898257170350288,0.000675285197553387,cutoff_1e-10,complete,0.5146266659999128,0.5633186250001927,1024,8.9014602780059e-27,9.115095324678041e-24,0.08129337563892675,83.24441665426099,4096,8.608936453087317,35262.20371184565,8.537625337720023,34970.11338330121,32768,8.249422984910957,270317.09236956225,0.15810879199989358,8.155040861302332,267224.3789431548,complete,complete
41.521387172776954,30947.305295697828,False,994361344,0.010493124999811698,True,3072,0,0.0,1024,0.020338416999948095,3.0,1.1981267998757822e-14,3.9025120635908436e-13,2035,20.898257170350288,0.000675285197553387,cutoff_1e-14,complete,0.5146266659999128,0.5633186250001927,1024,1.4872656646945374e-28,1.5229600406472063e-25,1.4872656646945374e-28,1.5229600406472063e-25,4096,0.003544597140688148,14.518669888258653,0.003544597140688148,14.518669888258653,32768,0.0035068453781448954,114.91230935105193,0.15810879199989358,0.0035068453781448954,114.91230935105193,complete,complete
1606.5546042895967,30947.305295697828,False,994361344,0.010493124999811698,True,3072,1,0.3,1024,0.020338416999948095,3.0,9.088572356626484e-14,3.0191216147545368e-12,2035,20.898257170350288,0.000675285197553387,cutoff_1e-14,complete,0.5146266659999128,0.5633186250001927,1024,8.9014602780059e-27,9.115095324678041e-24,0.08129337563892675,83.24441665426099,4096,8.608936453087317,35262.20371184565,8.537625337720023,34970.11338330121,32768,8.249422984910957,270317.09236956225,0.15810879199989358,8.155040861302332,267224.3789431548,complete,complete
36.727820571838606,25787.153289573766,False,1027915776,0.011985749999894324,True,4096,0,0.0,1024,0.029309166000075493,4.0,1.1196832287516268e-14,3.6470074019349144e-13,2035,20.914683583273177,0.0008110505005501859,cutoff_1e-10,complete,0.6775885829997605,0.7448285840000608,1024,1.2988928700945367e-28,1.3300662989768056e-25,1.2988928700945367e-28,1.3300662989768056e-25,4096,0.0035924372477109017,14.714622966623853,0.0035924372477109017,14.714622966623853,32768,0.0033799550480624906,110.7543670149117,0.21316916699970534,0.0033799550480624906,110.7543670149117,complete,complete
1311.4067572727151,25787.153289573766,False,1027915776,0.011985749999894324,True,4096,1,0.3,1024,0.029309166000075493,4.0,6.473021052071644e-14,2.1502648605555695e-12,2035,20.914683583273177,0.0008110505005501859,cutoff_1e-10,complete,0.6775885829997605,0.7448285840000608,1024,4.5152724321680305e-27,4.623638970540063e-24,0.08129337563892608,83.2444166542603,4096,7.277981942236204,29810.614035399492,7.200367771699025,29492.706392879205,32768,6.887553367347545,225691.34874124435,0.21316916699970534,6.787449523298406,222411.14597944217,complete,complete
36.727820571838606,25787.153289573766,False,1027915776,0.011985749999894324,True,4096,0,0.0,1024,0.029309166000075493,4.0,1.1196832287516268e-14,3.6470074019349144e-13,2035,20.914683583273177,0.0008110505005501859,cutoff_1e-14,complete,0.6775885829997605,0.7448285840000608,1024,1.2988928700945367e-28,1.3300662989768056e-25,1.2988928700945367e-28,1.3300662989768056e-25,4096,0.0035924372477109017,14.714622966623853,0.0035924372477109017,14.714622966623853,32768,0.0033799550480624906,110.7543670149117,0.21316916699970534,0.0033799550480624906,110.7543670149117,complete,complete
1311.4067572727151,25787.153289573766,False,1027915776,0.011985749999894324,True,4096,1,0.3,1024,0.029309166000075493,4.0,6.473021052071644e-14,2.1502648605555695e-12,2035,20.914683583273177,0.0008110505005501859,cutoff_1e-14,complete,0.6775885829997605,0.7448285840000608,1024,4.5152724321680305e-27,4.623638970540063e-24,0.08129337563892608,83.2444166542603,4096,7.277981942236204,29810.614035399492,7.200367771699025,29492.706392879205,32768,6.887553367347545,225691.34874124435,0.21316916699970534,6.787449523298406,222411.14597944217,complete,complete
26.870262965843686,18578.26622212916,False,1095057408,0.01924025000016627,True,8192,0,0.0,1024,0.06113154200011195,8.0,1.171729937745571e-14,3.816532789181179e-13,2035,20.920162221385272,0.0011260556809368253,cutoff_1e-10,complete,1.336701209000239,1.4665670419999515,1024,1.4224533721577214e-28,1.4565922530895068e-25,1.4224533721577214e-28,1.4565922530895068e-25,4096,0.002285485338452231,9.361347946300338,0.002285485338452231,9.361347946300338,32768,0.002096007135047588,68.68196180123937,0.43420024999977613,0.002096007135047588,68.68196180123937,complete,complete
1002.4043665018768,18578.26622212916,False,1095057408,0.01924025000016627,True,8192,1,0.3,1024,0.06113154200011195,8.0,5.4563274563548436e-14,1.8125306719540879e-12,2035,20.920162221385272,0.0011260556809368253,cutoff_1e-10,complete,1.336701209000239,1.4665670419999515,1024,3.2082689812249386e-27,3.285267436774337e-24,0.08129337563892519,83.2444166542594,4096,5.689777638057523,23305.329205483613,5.599178926069687,22934.236881181438,32768,5.249717373298408,172022.73888824222,0.43420024999977613,5.15104805143024,168789.5425492661,complete,complete
26.870262965843686,18578.26622212916,False,1095057408,0.01924025000016627,True,8192,0,0.0,1024,0.06113154200011195,8.0,1.171729937745571e-14,3.816532789181179e-13,2035,20.920162221385272,0.0011260556809368253,cutoff_1e-14,complete,1.336701209000239,1.4665670419999515,1024,1.4224533721577214e-28,1.4565922530895068e-25,1.4224533721577214e-28,1.4565922530895068e-25,4096,0.002285485338452231,9.361347946300338,0.002285485338452231,9.361347946300338,32768,0.002096007135047588,68.68196180123937,0.43420024999977613,0.002096007135047588,68.68196180123937,complete,complete
1002.4043665018768,18578.26622212916,False,1095057408,0.01924025000016627,True,8192,1,0.3,1024,0.06113154200011195,8.0,5.4563274563548436e-14,1.8125306719540879e-12,2035,20.920162221385272,0.0011260556809368253,cutoff_1e-14,complete,1.336701209000239,1.4665670419999515,1024,3.2082689812249386e-27,3.285267436774337e-24,0.08129337563892519,83.2444166542594,4096,5.689777638057523,23305.329205483613,5.599178926069687,22934.236881181438,32768,5.249717373298408,172022.73888824222,0.43420024999977613,5.15104805143024,168789.5425492661,complete,complete
